(!) Your Vite config uses features that are unsupported by `configLoader: 'native'`, which is planned to become the default in a future major version of Vite:
  - ESM syntax in a file loaded as CommonJS (vitest.config.ts:1:1). Use a `.mjs` extension or set `"type": "module"` in the closest package.json
Set `VITE_CONFIG_NATIVE_IGNORE_WARNING=true` to suppress this warning.

[1m[30m[46m RUN [49m[39m[22m [36mv4.1.11 [39m[90m/private/var/folders/g_/f5ccnp_51q15by15f4svlw6c0000gn/T/sana-phase12-ixzihxm_/source[39m

(node:59446) [DEP0205] DeprecationWarning: `module.register()` is deprecated. Use `module.registerHooks()` instead.
(Use `node --trace-deprecation ...` to show where the warning was created)
[90mstdout[2m | tests/payment-coordination.db.test.ts[2m > [22m[2mR2 real PostgreSQL restricted-role coordination[2m > [22m[2mR12 legacy request and verification use the stored obligation amount
[22m[39m{"level":"info","event":"payment_start_requested","applicationId":"cmu8a9hi10001siwy7nyzpi42","paymentId":"cmu8a9hk10005siwy4r03etl2","amountToman":765432}

[90mstdout[2m | tests/payment-coordination.db.test.ts[2m > [22m[2mR2 real PostgreSQL restricted-role coordination[2m > [22m[2mR12 legacy request and verification use the stored obligation amount
[22m[39m{"level":"info","event":"payment_start_succeeded","applicationId":"cmu8a9hi10001siwy7nyzpi42","paymentId":"cmu8a9hk10005siwy4r03etl2"}

[90mstdout[2m | tests/payment-coordination.db.test.ts[2m > [22m[2mR2 real PostgreSQL restricted-role coordination[2m > [22m[2mR12 legacy request and verification use the stored obligation amount
[22m[39m{"level":"info","event":"payment_verification_succeeded","paymentId":"cmu8a9hk10005siwy4r03etl2","applicationId":"cmu8a9hi10001siwy7nyzpi42","referenceId":"201"}

[90mstdout[2m | tests/payment-coordination.db.test.ts[2m > [22m[2mR2 real PostgreSQL restricted-role coordination[2m > [22m[2mR12 malformed verify 0 blocks forged success, new charge and remote replay
[22m[39m{"level":"info","event":"payment_start_requested","applicationId":"cmu8a9ho3000bsiwyhgbgve0z","paymentId":"cmu8a9hp5000fsiwyi7a3ub12","amountToman":3000000}

[90mstdout[2m | tests/payment-coordination.db.test.ts[2m > [22m[2mR2 real PostgreSQL restricted-role coordination[2m > [22m[2mR12 malformed verify 0 blocks forged success, new charge and remote replay
[22m[39m{"level":"info","event":"payment_start_succeeded","applicationId":"cmu8a9ho3000bsiwyhgbgve0z","paymentId":"cmu8a9hp5000fsiwyi7a3ub12"}

[90mstdout[2m | tests/payment-coordination.db.test.ts[2m > [22m[2mR2 real PostgreSQL restricted-role coordination[2m > [22m[2mR12 malformed verify 1 blocks forged success, new charge and remote replay
[22m[39m{"level":"info","event":"payment_start_requested","applicationId":"cmu8a9hsp000jsiwynq1ksb8f","paymentId":"cmu8a9ht9000nsiwy1x807z6l","amountToman":3000000}

[90mstdout[2m | tests/payment-coordination.db.test.ts[2m > [22m[2mR2 real PostgreSQL restricted-role coordination[2m > [22m[2mR12 malformed verify 1 blocks forged success, new charge and remote replay
[22m[39m{"level":"info","event":"payment_start_succeeded","applicationId":"cmu8a9hsp000jsiwynq1ksb8f","paymentId":"cmu8a9ht9000nsiwy1x807z6l"}

[90mstdout[2m | tests/payment-coordination.db.test.ts[2m > [22m[2mR2 real PostgreSQL restricted-role coordination[2m > [22m[2mR12 malformed verify 2 blocks forged success, new charge and remote replay
[22m[39m{"level":"info","event":"payment_start_requested","applicationId":"cmu8a9hw3000rsiwywhh106yt","paymentId":"cmu8a9hyj000vsiwyniqf1jd6","amountToman":3000000}

[90mstdout[2m | tests/payment-coordination.db.test.ts[2m > [22m[2mR2 real PostgreSQL restricted-role coordination[2m > [22m[2mR12 malformed verify 2 blocks forged success, new charge and remote replay
[22m[39m{"level":"info","event":"payment_start_succeeded","applicationId":"cmu8a9hw3000rsiwywhh106yt","paymentId":"cmu8a9hyj000vsiwyniqf1jd6"}

[90mstdout[2m | tests/payment-coordination.db.test.ts[2m > [22m[2mR2 real PostgreSQL restricted-role coordination[2m > [22m[2mR12 malformed verify 3 blocks forged success, new charge and remote replay
[22m[39m{"level":"info","event":"payment_start_requested","applicationId":"cmu8a9i59000zsiwyk4wcy2y2","paymentId":"cmu8a9i6i0013siwy8r6veqqw","amountToman":3000000}

[90mstdout[2m | tests/payment-coordination.db.test.ts[2m > [22m[2mR2 real PostgreSQL restricted-role coordination[2m > [22m[2mR12 malformed verify 3 blocks forged success, new charge and remote replay
[22m[39m{"level":"info","event":"payment_start_succeeded","applicationId":"cmu8a9i59000zsiwyk4wcy2y2","paymentId":"cmu8a9i6i0013siwy8r6veqqw"}

[90mstdout[2m | tests/payment-coordination.db.test.ts[2m > [22m[2mR2 real PostgreSQL restricted-role coordination[2m > [22m[2mR12 malformed request cannot create a payable URL or another attempt
[22m[39m{"level":"info","event":"payment_start_requested","applicationId":"cmu8a9i930017siwya29hahyx","paymentId":"cmu8a9i9k001bsiwyohd26bws","amountToman":3000000}

[90mstderr[2m | tests/payment-coordination.db.test.ts[2m > [22m[2mR2 real PostgreSQL restricted-role coordination[2m > [22m[2mR12 malformed request cannot create a payable URL or another attempt
[22m[39m{"level":"error","event":"payment_start_failed","applicationId":"cmu8a9i930017siwya29hahyx","paymentId":"cmu8a9i9k001bsiwyohd26bws","error":{"name":"ZarinpalUnavailableError","message":"Zarinpal unavailable: MALFORMED_RESPONSE","stack":"ZarinpalUnavailableError: Zarinpal unavailable: MALFORMED_RESPONSE\n    at requestZarinpalPayment (/private/var/folders/g_/f5ccnp_51q15by15f4svlw6c0000gn/T/sana-phase12-ixzihxm_/source/lib/payments/zarinpal.ts:112:11)\n    at Module.startPayment (/private/var/folders/g_/f5ccnp_51q15by15f4svlw6c0000gn/T/sana-phase12-ixzihxm_/source/lib/actions/payment.ts:139:16)\n    at /private/var/folders/g_/f5ccnp_51q15by15f4svlw6c0000gn/T/sana-phase12-ixzihxm_/source/tests/payment-coordination.db.test.ts:131:12\n    at file:///private/var/folders/g_/f5ccnp_51q15by15f4svlw6c0000gn/T/sana-phase12-ixzihxm_/source/node_modules/@vitest/runner/dist/chunk-artifact.js:1903:20"}}

[90mstdout[2m | tests/payment-coordination.db.test.ts[2m > [22m[2mR2 real PostgreSQL restricted-role coordination[2m > [22m[2mR12 forged browser authority cannot reach the provider
[22m[39m{"level":"info","event":"payment_start_requested","applicationId":"cmu8a9ias001esiwyfr63rmgk","paymentId":"cmu8a9ibh001isiwyowy40emb","amountToman":3000000}

[90mstdout[2m | tests/payment-coordination.db.test.ts[2m > [22m[2mR2 real PostgreSQL restricted-role coordination[2m > [22m[2mR12 forged browser authority cannot reach the provider
[22m[39m{"level":"info","event":"payment_start_succeeded","applicationId":"cmu8a9ias001esiwyfr63rmgk","paymentId":"cmu8a9ibh001isiwyowy40emb"}

[90mstderr[2m | tests/payment-coordination.db.test.ts[2m > [22m[2mR2 real PostgreSQL restricted-role coordination[2m > [22m[2mR12 forged browser authority cannot reach the provider
[22m[39m{"level":"warn","event":"payment_callback_rejected","paymentId":"cmu8a9ibh001isiwyowy40emb","reason":"payment_not_found_or_authority_mismatch"}

[90mstdout[2m | tests/payment-coordination.db.test.ts[2m > [22m[2mR2 real PostgreSQL restricted-role coordination[2m > [22m[2mR12 explicit rejection then 101 recovers only original authority and settles once
[22m[39m{"level":"info","event":"payment_start_requested","applicationId":"cmu8a9icf001lsiwyt09el15y","paymentId":"cmu8a9id8001psiwy29kmv5gc","amountToman":3000000}

[90mstdout[2m | tests/payment-coordination.db.test.ts[2m > [22m[2mR2 real PostgreSQL restricted-role coordination[2m > [22m[2mR12 explicit rejection then 101 recovers only original authority and settles once
[22m[39m{"level":"info","event":"payment_start_succeeded","applicationId":"cmu8a9icf001lsiwyt09el15y","paymentId":"cmu8a9id8001psiwy29kmv5gc"}

[90mstdout[2m | tests/payment-coordination.db.test.ts[2m > [22m[2mR2 real PostgreSQL restricted-role coordination[2m > [22m[2mR12 explicit rejection then 101 recovers only original authority and settles once
[22m[39m{"level":"info","event":"payment_verification_succeeded","paymentId":"cmu8a9id8001psiwy29kmv5gc","applicationId":"cmu8a9icf001lsiwyt09el15y","referenceId":"202"}

[90mstdout[2m | tests/payment-coordination.db.test.ts[2m > [22m[2mR2 real PostgreSQL restricted-role coordination[2m > [22m[2mR1 delayed NOK snapshot cannot undo a committed success
[22m[39m{"level":"info","event":"payment_start_requested","applicationId":"cmu8a9io2002asiwy4ctwx59z","paymentId":"cmu8a9iol002esiwybxh943ry","amountToman":3000000}

[90mstdout[2m | tests/payment-coordination.db.test.ts[2m > [22m[2mR2 real PostgreSQL restricted-role coordination[2m > [22m[2mR1 delayed NOK snapshot cannot undo a committed success
[22m[39m{"level":"info","event":"payment_start_succeeded","applicationId":"cmu8a9io2002asiwy4ctwx59z","paymentId":"cmu8a9iol002esiwybxh943ry"}

[90mstdout[2m | tests/payment-coordination.db.test.ts[2m > [22m[2mR2 real PostgreSQL restricted-role coordination[2m > [22m[2mR1 delayed NOK snapshot cannot undo a committed success
[22m[39m{"level":"info","event":"payment_verification_succeeded","paymentId":"cmu8a9iol002esiwybxh943ry","applicationId":"cmu8a9io2002asiwy4ctwx59z","referenceId":"201"}

[90mstderr[2m | tests/payment-coordination.db.test.ts[2m > [22m[2mR2 real PostgreSQL restricted-role coordination[2m > [22m[2mR1 delayed NOK snapshot cannot undo a committed success
[22m[39m{"level":"warn","event":"admin_submission_notification_skipped","applicationId":"cmu8a9io2002asiwy4ctwx59z","reason":"missing_admin_alert_mobile"}

[90mstdout[2m | tests/payment-coordination.db.test.ts[2m > [22m[2mR2 real PostgreSQL restricted-role coordination[2m > [22m[2mR1 delayed NOK snapshot cannot undo a committed success
[22m[39m{"level":"info","event":"user_submission_notification_sent","applicationId":"cmu8a9io2002asiwy4ctwx59z"}

[90mstdout[2m | tests/payment-coordination.db.test.ts[2m > [22m[2mR2 real PostgreSQL restricted-role coordination[2m > [22m[2mR1 late capture preserves SUBMITTED and does not invent a submission
[22m[39m{"level":"info","event":"payment_start_requested","applicationId":"cmu8a9irx002ksiwysp9kb75w","paymentId":"cmu8a9iwu002osiwy16yzfpl4","amountToman":3000000}

[90mstdout[2m | tests/payment-coordination.db.test.ts[2m > [22m[2mR2 real PostgreSQL restricted-role coordination[2m > [22m[2mR1 late capture preserves SUBMITTED and does not invent a submission
[22m[39m{"level":"info","event":"payment_start_succeeded","applicationId":"cmu8a9irx002ksiwysp9kb75w","paymentId":"cmu8a9iwu002osiwy16yzfpl4"}

[90mstdout[2m | tests/payment-coordination.db.test.ts[2m > [22m[2mR2 real PostgreSQL restricted-role coordination[2m > [22m[2mR1 late capture preserves SUBMITTED and does not invent a submission
[22m[39m{"level":"info","event":"payment_verification_succeeded","paymentId":"cmu8a9iwu002osiwy16yzfpl4","applicationId":"cmu8a9irx002ksiwysp9kb75w","referenceId":"201"}

[90mstdout[2m | tests/payment-coordination.db.test.ts[2m > [22m[2mR2 real PostgreSQL restricted-role coordination[2m > [22m[2mR1 late capture preserves UNDER_REVIEW and does not invent a submission
[22m[39m{"level":"info","event":"payment_start_requested","applicationId":"cmu8a9j20002ssiwyol9108tv","paymentId":"cmu8a9j2e002wsiwyhbcydrlm","amountToman":3000000}

[90mstdout[2m | tests/payment-coordination.db.test.ts[2m > [22m[2mR2 real PostgreSQL restricted-role coordination[2m > [22m[2mR1 late capture preserves UNDER_REVIEW and does not invent a submission
[22m[39m{"level":"info","event":"payment_start_succeeded","applicationId":"cmu8a9j20002ssiwyol9108tv","paymentId":"cmu8a9j2e002wsiwyhbcydrlm"}

[90mstdout[2m | tests/payment-coordination.db.test.ts[2m > [22m[2mR2 real PostgreSQL restricted-role coordination[2m > [22m[2mR1 late capture preserves UNDER_REVIEW and does not invent a submission
[22m[39m{"level":"info","event":"payment_verification_succeeded","paymentId":"cmu8a9j2e002wsiwyhbcydrlm","applicationId":"cmu8a9j20002ssiwyol9108tv","referenceId":"201"}

[90mstdout[2m | tests/payment-coordination.db.test.ts[2m > [22m[2mR2 real PostgreSQL restricted-role coordination[2m > [22m[2mR1 late capture preserves NEEDS_EDIT and does not invent a submission
[22m[39m{"level":"info","event":"payment_start_requested","applicationId":"cmu8a9j3v0030siwylrhfufkb","paymentId":"cmu8a9j480034siwy2bbh28ij","amountToman":3000000}

[90mstdout[2m | tests/payment-coordination.db.test.ts[2m > [22m[2mR2 real PostgreSQL restricted-role coordination[2m > [22m[2mR1 late capture preserves NEEDS_EDIT and does not invent a submission
[22m[39m{"level":"info","event":"payment_start_succeeded","applicationId":"cmu8a9j3v0030siwylrhfufkb","paymentId":"cmu8a9j480034siwy2bbh28ij"}

[90mstdout[2m | tests/payment-coordination.db.test.ts[2m > [22m[2mR2 real PostgreSQL restricted-role coordination[2m > [22m[2mR1 late capture preserves NEEDS_EDIT and does not invent a submission
[22m[39m{"level":"info","event":"payment_verification_succeeded","paymentId":"cmu8a9j480034siwy2bbh28ij","applicationId":"cmu8a9j3v0030siwylrhfufkb","referenceId":"201"}

[90mstdout[2m | tests/payment-coordination.db.test.ts[2m > [22m[2mR2 real PostgreSQL restricted-role coordination[2m > [22m[2mR1 late capture preserves VALIDATION_COMPLETED and does not invent a submission
[22m[39m{"level":"info","event":"payment_start_requested","applicationId":"cmu8a9j6d0038siwydhqzgz00","paymentId":"cmu8a9j8j003csiwys7grla4n","amountToman":3000000}

[90mstdout[2m | tests/payment-coordination.db.test.ts[2m > [22m[2mR2 real PostgreSQL restricted-role coordination[2m > [22m[2mR1 late capture preserves VALIDATION_COMPLETED and does not invent a submission
[22m[39m{"level":"info","event":"payment_start_succeeded","applicationId":"cmu8a9j6d0038siwydhqzgz00","paymentId":"cmu8a9j8j003csiwys7grla4n"}

[90mstdout[2m | tests/payment-coordination.db.test.ts[2m > [22m[2mR2 real PostgreSQL restricted-role coordination[2m > [22m[2mR1 late capture preserves VALIDATION_COMPLETED and does not invent a submission
[22m[39m{"level":"info","event":"payment_verification_succeeded","paymentId":"cmu8a9j8j003csiwys7grla4n","applicationId":"cmu8a9j6d0038siwydhqzgz00","referenceId":"201"}

[90mstdout[2m | tests/payment-coordination.db.test.ts[2m > [22m[2mR2 real PostgreSQL restricted-role coordination[2m > [22m[2mR1 late request completion cannot reset a later review status
[22m[39m{"level":"info","event":"payment_start_requested","applicationId":"cmu8a9jc5003gsiwyzliwz5fw","paymentId":"cmu8a9jda003ksiwyc68r1sz8","amountToman":3000000}

[90mstdout[2m | tests/payment-coordination.db.test.ts[2m > [22m[2mR2 real PostgreSQL restricted-role coordination[2m > [22m[2mR1 late request completion cannot reset a later review status
[22m[39m{"level":"info","event":"payment_start_succeeded","applicationId":"cmu8a9jc5003gsiwyzliwz5fw","paymentId":"cmu8a9jda003ksiwyc68r1sz8"}

[90mstdout[2m | tests/payment-coordination.db.test.ts[2m > [22m[2mR2 real PostgreSQL restricted-role coordination[2m > [22m[2mR1 stale correction resubmission cannot overwrite an intervening review
[22m[39m{"level":"info","event":"payment_start_requested","applicationId":"cmu8a9jet003nsiwyofrhemno","paymentId":"cmu8a9jfs003rsiwyijrrudwx","amountToman":3000000}

[90mstdout[2m | tests/payment-coordination.db.test.ts[2m > [22m[2mR2 real PostgreSQL restricted-role coordination[2m > [22m[2mR1 stale correction resubmission cannot overwrite an intervening review
[22m[39m{"level":"info","event":"payment_start_succeeded","applicationId":"cmu8a9jet003nsiwyofrhemno","paymentId":"cmu8a9jfs003rsiwyijrrudwx"}

[90mstdout[2m | tests/payment-coordination.db.test.ts[2m > [22m[2mR2 real PostgreSQL restricted-role coordination[2m > [22m[2mR1 stale correction resubmission cannot overwrite an intervening review
[22m[39m{"level":"info","event":"payment_verification_succeeded","paymentId":"cmu8a9jfs003rsiwyijrrudwx","applicationId":"cmu8a9jet003nsiwyofrhemno","referenceId":"201"}

[90mstderr[2m | tests/payment-coordination.db.test.ts[2m > [22m[2mR2 real PostgreSQL restricted-role coordination[2m > [22m[2mR1 stale correction resubmission cannot overwrite an intervening review
[22m[39m{"level":"warn","event":"admin_submission_notification_skipped","applicationId":"cmu8a9jet003nsiwyofrhemno","reason":"missing_admin_alert_mobile"}

[90mstdout[2m | tests/payment-coordination.db.test.ts[2m > [22m[2mR2 real PostgreSQL restricted-role coordination[2m > [22m[2mR1 stale correction resubmission cannot overwrite an intervening review
[22m[39m{"level":"info","event":"user_submission_notification_sent","applicationId":"cmu8a9jet003nsiwyofrhemno"}

[90mstdout[2m | tests/payment-coordination.db.test.ts[2m > [22m[2mR2 real PostgreSQL restricted-role coordination[2m > [22m[2mR1 simultaneous corrections submit once without another charge or payment notification
[22m[39m{"level":"info","event":"payment_start_requested","applicationId":"cmu8a9jiq003xsiwyg1dcy854","paymentId":"cmu8a9jj90041siwyinqfkwzn","amountToman":3000000}

[90mstdout[2m | tests/payment-coordination.db.test.ts[2m > [22m[2mR2 real PostgreSQL restricted-role coordination[2m > [22m[2mR1 simultaneous corrections submit once without another charge or payment notification
[22m[39m{"level":"info","event":"payment_start_succeeded","applicationId":"cmu8a9jiq003xsiwyg1dcy854","paymentId":"cmu8a9jj90041siwyinqfkwzn"}

[90mstdout[2m | tests/payment-coordination.db.test.ts[2m > [22m[2mR2 real PostgreSQL restricted-role coordination[2m > [22m[2mR1 simultaneous corrections submit once without another charge or payment notification
[22m[39m{"level":"info","event":"payment_verification_succeeded","paymentId":"cmu8a9jj90041siwyinqfkwzn","applicationId":"cmu8a9jiq003xsiwyg1dcy854","referenceId":"201"}

[90mstderr[2m | tests/payment-coordination.db.test.ts[2m > [22m[2mR2 real PostgreSQL restricted-role coordination[2m > [22m[2mR1 simultaneous corrections submit once without another charge or payment notification
[22m[39m{"level":"warn","event":"admin_submission_notification_skipped","applicationId":"cmu8a9jiq003xsiwyg1dcy854","reason":"missing_admin_alert_mobile"}

[90mstdout[2m | tests/payment-coordination.db.test.ts[2m > [22m[2mR2 real PostgreSQL restricted-role coordination[2m > [22m[2mR1 simultaneous corrections submit once without another charge or payment notification
[22m[39m{"level":"info","event":"user_submission_notification_sent","applicationId":"cmu8a9jiq003xsiwyg1dcy854"}

[90mstdout[2m | tests/payment-coordination.db.test.ts[2m > [22m[2mR2 real PostgreSQL restricted-role coordination[2m > [22m[2mR1 cancellation and retry cannot overlap a success verification
[22m[39m{"level":"info","event":"payment_start_requested","applicationId":"cmu8a9jny0049siwyj80eeq15","paymentId":"cmu8a9jop004dsiwyj9o1fb47","amountToman":3000000}

[90mstdout[2m | tests/payment-coordination.db.test.ts[2m > [22m[2mR2 real PostgreSQL restricted-role coordination[2m > [22m[2mR1 cancellation and retry cannot overlap a success verification
[22m[39m{"level":"info","event":"payment_start_succeeded","applicationId":"cmu8a9jny0049siwyj80eeq15","paymentId":"cmu8a9jop004dsiwyj9o1fb47"}

[90mstdout[2m | tests/payment-coordination.db.test.ts[2m > [22m[2mR2 real PostgreSQL restricted-role coordination[2m > [22m[2mR1 cancellation and retry cannot overlap a success verification
[22m[39m{"level":"info","event":"payment_verification_succeeded","paymentId":"cmu8a9jop004dsiwyj9o1fb47","applicationId":"cmu8a9jny0049siwyj80eeq15","referenceId":"201"}

[90mstdout[2m | tests/payment-coordination.db.test.ts[2m > [22m[2mR2 real PostgreSQL restricted-role coordination[2m > [22m[2mR1 delayed admin decision loses to resubmission with no stale history or SMS
[22m[39m{"level":"info","event":"payment_start_requested","applicationId":"cmu8a9jrr004jsiwyrs046o7n","paymentId":"cmu8a9js4004nsiwyzj8if40v","amountToman":3000000}

[90mstdout[2m | tests/payment-coordination.db.test.ts[2m > [22m[2mR2 real PostgreSQL restricted-role coordination[2m > [22m[2mR1 delayed admin decision loses to resubmission with no stale history or SMS
[22m[39m{"level":"info","event":"payment_start_succeeded","applicationId":"cmu8a9jrr004jsiwyrs046o7n","paymentId":"cmu8a9js4004nsiwyzj8if40v"}

[90mstdout[2m | tests/payment-coordination.db.test.ts[2m > [22m[2mR2 real PostgreSQL restricted-role coordination[2m > [22m[2mR1 delayed admin decision loses to resubmission with no stale history or SMS
[22m[39m{"level":"info","event":"payment_verification_succeeded","paymentId":"cmu8a9js4004nsiwyzj8if40v","applicationId":"cmu8a9jrr004jsiwyrs046o7n","referenceId":"201"}

[90mstderr[2m | tests/payment-coordination.db.test.ts[2m > [22m[2mR2 real PostgreSQL restricted-role coordination[2m > [22m[2mR1 delayed admin decision loses to resubmission with no stale history or SMS
[22m[39m{"level":"warn","event":"admin_submission_notification_skipped","applicationId":"cmu8a9jrr004jsiwyrs046o7n","reason":"missing_admin_alert_mobile"}

[90mstdout[2m | tests/payment-coordination.db.test.ts[2m > [22m[2mR2 real PostgreSQL restricted-role coordination[2m > [22m[2mR1 delayed admin decision loses to resubmission with no stale history or SMS
[22m[39m{"level":"info","event":"user_submission_notification_sent","applicationId":"cmu8a9jrr004jsiwyrs046o7n"}

[90mstdout[2m | tests/payment-coordination.db.test.ts[2m > [22m[2mR2 real PostgreSQL restricted-role coordination[2m > [22m[2mR1 admin decision winning before resubmit preserves actual review history
[22m[39m{"level":"info","event":"payment_start_requested","applicationId":"cmu8a9jv1004vsiwy57yaj4se","paymentId":"cmu8a9jvh004zsiwyhg2g5twa","amountToman":3000000}

[90mstdout[2m | tests/payment-coordination.db.test.ts[2m > [22m[2mR2 real PostgreSQL restricted-role coordination[2m > [22m[2mR1 admin decision winning before resubmit preserves actual review history
[22m[39m{"level":"info","event":"payment_start_succeeded","applicationId":"cmu8a9jv1004vsiwy57yaj4se","paymentId":"cmu8a9jvh004zsiwyhg2g5twa"}

[90mstdout[2m | tests/payment-coordination.db.test.ts[2m > [22m[2mR2 real PostgreSQL restricted-role coordination[2m > [22m[2mR1 admin decision winning before resubmit preserves actual review history
[22m[39m{"level":"info","event":"payment_verification_succeeded","paymentId":"cmu8a9jvh004zsiwyhg2g5twa","applicationId":"cmu8a9jv1004vsiwy57yaj4se","referenceId":"201"}

[90mstderr[2m | tests/payment-coordination.db.test.ts[2m > [22m[2mR2 real PostgreSQL restricted-role coordination[2m > [22m[2mR1 admin decision winning before resubmit preserves actual review history
[22m[39m{"level":"warn","event":"admin_submission_notification_skipped","applicationId":"cmu8a9jv1004vsiwy57yaj4se","reason":"missing_admin_alert_mobile"}

[90mstdout[2m | tests/payment-coordination.db.test.ts[2m > [22m[2mR2 real PostgreSQL restricted-role coordination[2m > [22m[2mR1 admin decision winning before resubmit preserves actual review history
[22m[39m{"level":"info","event":"user_submission_notification_sent","applicationId":"cmu8a9jv1004vsiwy57yaj4se"}

[90mstdout[2m | tests/payment-coordination.db.test.ts[2m > [22m[2mR2 real PostgreSQL restricted-role coordination[2m > [22m[2mR1 failed resubmission history rolls back state and preserves verified evidence for retry
[22m[39m{"level":"info","event":"payment_start_requested","applicationId":"cmu8a9jyp0055siwyjmkfglvy","paymentId":"cmu8a9jzd0059siwy9x88lrce","amountToman":3000000}

[90mstdout[2m | tests/payment-coordination.db.test.ts[2m > [22m[2mR2 real PostgreSQL restricted-role coordination[2m > [22m[2mR1 failed resubmission history rolls back state and preserves verified evidence for retry
[22m[39m{"level":"info","event":"payment_start_succeeded","applicationId":"cmu8a9jyp0055siwyjmkfglvy","paymentId":"cmu8a9jzd0059siwy9x88lrce"}

[90mstdout[2m | tests/payment-coordination.db.test.ts[2m > [22m[2mR2 real PostgreSQL restricted-role coordination[2m > [22m[2mR1 failed resubmission history rolls back state and preserves verified evidence for retry
[22m[39m{"level":"info","event":"payment_verification_succeeded","paymentId":"cmu8a9jzd0059siwy9x88lrce","applicationId":"cmu8a9jyp0055siwyjmkfglvy","referenceId":"201"}

[90mstderr[2m | tests/payment-coordination.db.test.ts[2m > [22m[2mR2 real PostgreSQL restricted-role coordination[2m > [22m[2mR1 failed resubmission history rolls back state and preserves verified evidence for retry
[22m[39m{"level":"warn","event":"admin_submission_notification_skipped","applicationId":"cmu8a9jyp0055siwyjmkfglvy","reason":"missing_admin_alert_mobile"}

[90mstdout[2m | tests/payment-coordination.db.test.ts[2m > [22m[2mR2 real PostgreSQL restricted-role coordination[2m > [22m[2mR1 failed resubmission history rolls back state and preserves verified evidence for retry
[22m[39m{"level":"info","event":"user_submission_notification_sent","applicationId":"cmu8a9jyp0055siwyjmkfglvy"}

[90mstdout[2m | tests/payment-coordination.db.test.ts[2m > [22m[2mR2 real PostgreSQL restricted-role coordination[2m > [22m[2mR1 conflicting completion retains candidate for journalled cleanup and preserves existing certificate
[22m[39m{"level":"info","event":"payment_start_requested","applicationId":"cmu8a9k9u0063siwylxlub0nd","paymentId":"cmu8a9kad0067siwyv81rk82q","amountToman":3000000}

[90mstdout[2m | tests/payment-coordination.db.test.ts[2m > [22m[2mR2 real PostgreSQL restricted-role coordination[2m > [22m[2mR1 conflicting completion retains candidate for journalled cleanup and preserves existing certificate
[22m[39m{"level":"info","event":"payment_start_succeeded","applicationId":"cmu8a9k9u0063siwylxlub0nd","paymentId":"cmu8a9kad0067siwyv81rk82q"}

[90mstdout[2m | tests/payment-coordination.db.test.ts[2m > [22m[2mR2 real PostgreSQL restricted-role coordination[2m > [22m[2mR1 conflicting completion retains candidate for journalled cleanup and preserves existing certificate
[22m[39m{"level":"info","event":"payment_verification_succeeded","paymentId":"cmu8a9kad0067siwyv81rk82q","applicationId":"cmu8a9k9u0063siwylxlub0nd","referenceId":"201"}

[90mstderr[2m | tests/payment-coordination.db.test.ts[2m > [22m[2mR2 real PostgreSQL restricted-role coordination[2m > [22m[2mR1 conflicting completion retains candidate for journalled cleanup and preserves existing certificate
[22m[39m{"level":"warn","event":"admin_submission_notification_skipped","applicationId":"cmu8a9k9u0063siwylxlub0nd","reason":"missing_admin_alert_mobile"}

[90mstdout[2m | tests/payment-coordination.db.test.ts[2m > [22m[2mR2 real PostgreSQL restricted-role coordination[2m > [22m[2mR1 conflicting completion retains candidate for journalled cleanup and preserves existing certificate
[22m[39m{"level":"info","event":"user_submission_notification_sent","applicationId":"cmu8a9k9u0063siwylxlub0nd"}

[90mstdout[2m | tests/payment-coordination.db.test.ts[2m > [22m[2mR2 real PostgreSQL restricted-role coordination[2m > [22m[2mconcurrent starts cross a provider barrier only once, and replay the same URL
[22m[39m{"level":"info","event":"payment_start_requested","applicationId":"cmu8a9kcj006fsiwyhutn3p6u","paymentId":"cmu8a9kd9006jsiwyzpdoxwh2","amountToman":3000000}

[90mstdout[2m | tests/payment-coordination.db.test.ts[2m > [22m[2mR2 real PostgreSQL restricted-role coordination[2m > [22m[2mconcurrent starts cross a provider barrier only once, and replay the same URL
[22m[39m{"level":"info","event":"payment_start_succeeded","applicationId":"cmu8a9kcj006fsiwyhutn3p6u","paymentId":"cmu8a9kd9006jsiwyzpdoxwh2"}

[90mstdout[2m | tests/payment-coordination.db.test.ts[2m > [22m[2mR2 real PostgreSQL restricted-role coordination[2m > [22m[2mserializes duplicate callbacks and creates one settlement/history/notification intent
[22m[39m{"level":"info","event":"payment_start_requested","applicationId":"cmu8a9kj2006msiwyryq2rxm2","paymentId":"cmu8a9kjy006qsiwyxnh8hmij","amountToman":3000000}

[90mstdout[2m | tests/payment-coordination.db.test.ts[2m > [22m[2mR2 real PostgreSQL restricted-role coordination[2m > [22m[2mserializes duplicate callbacks and creates one settlement/history/notification intent
[22m[39m{"level":"info","event":"payment_start_succeeded","applicationId":"cmu8a9kj2006msiwyryq2rxm2","paymentId":"cmu8a9kjy006qsiwyxnh8hmij"}

[90mstdout[2m | tests/payment-coordination.db.test.ts[2m > [22m[2mR2 real PostgreSQL restricted-role coordination[2m > [22m[2mserializes duplicate callbacks and creates one settlement/history/notification intent
[22m[39m{"level":"info","event":"payment_verification_succeeded","paymentId":"cmu8a9kjy006qsiwyxnh8hmij","applicationId":"cmu8a9kj2006msiwyryq2rxm2","referenceId":"201"}

[90mstdout[2m | tests/payment-coordination.db.test.ts[2m > [22m[2mR2 real PostgreSQL restricted-role coordination[2m > [22m[2mold authorities before and after settlement never reach provider and retain separate evidence
[22m[39m{"level":"info","event":"payment_start_requested","applicationId":"cmu8a9kmb006wsiwyrpzbkj8w","paymentId":"cmu8a9kmx0070siwy9lbfyiqh","amountToman":3000000}

[90mstdout[2m | tests/payment-coordination.db.test.ts[2m > [22m[2mR2 real PostgreSQL restricted-role coordination[2m > [22m[2mold authorities before and after settlement never reach provider and retain separate evidence
[22m[39m{"level":"info","event":"payment_start_succeeded","applicationId":"cmu8a9kmb006wsiwyrpzbkj8w","paymentId":"cmu8a9kmx0070siwy9lbfyiqh"}

[90mstdout[2m | tests/payment-coordination.db.test.ts[2m > [22m[2mR2 real PostgreSQL restricted-role coordination[2m > [22m[2mold authorities before and after settlement never reach provider and retain separate evidence
[22m[39m{"level":"info","event":"payment_verification_succeeded","paymentId":"cmu8a9kmx0070siwy9lbfyiqh","applicationId":"cmu8a9kmb006wsiwyrpzbkj8w","referenceId":"201"}

[90mstdout[2m | tests/payment-coordination.db.test.ts[2m > [22m[2mR2 real PostgreSQL restricted-role coordination[2m > [22m[2munknown request timeout and expired lease never create another remote call
[22m[39m{"level":"info","event":"payment_start_requested","applicationId":"cmu8a9kpq007isiwyq1w6rfxo","paymentId":"cmu8a9kq9007msiwy07jjb3ks","amountToman":3000000}

[90mstderr[2m | tests/payment-coordination.db.test.ts[2m > [22m[2mR2 real PostgreSQL restricted-role coordination[2m > [22m[2munknown request timeout and expired lease never create another remote call
[22m[39m{"level":"error","event":"payment_start_failed","applicationId":"cmu8a9kpq007isiwyq1w6rfxo","paymentId":"cmu8a9kq9007msiwy07jjb3ks","error":{"name":"TimeoutError","message":"timeout","stack":"TimeoutError: timeout\n    at new DOMException (node:internal/per_context/domexception:79:18)\n    at /private/var/folders/g_/f5ccnp_51q15by15f4svlw6c0000gn/T/sana-phase12-ixzihxm_/source/tests/payment-coordination.db.test.ts:366:49\n    at Mock (file:///private/var/folders/g_/f5ccnp_51q15by15f4svlw6c0000gn/T/sana-phase12-ixzihxm_/source/node_modules/@vitest/spy/dist/index.js:332:34)\n    at postZarinpal (/private/var/folders/g_/f5ccnp_51q15by15f4svlw6c0000gn/T/sana-phase12-ixzihxm_/source/lib/payments/zarinpal.ts:37:26)\n    at requestZarinpalPayment (/private/var/folders/g_/f5ccnp_51q15by15f4svlw6c0000gn/T/sana-phase12-ixzihxm_/source/lib/payments/zarinpal.ts:100:22)\n    at Module.startPayment (/private/var/folders/g_/f5ccnp_51q15by15f4svlw6c0000gn/T/sana-phase12-ixzihxm_/source/lib/actions/payment.ts:139:22)\n    at /private/var/folders/g_/f5ccnp_51q15by15f4svlw6c0000gn/T/sana-phase12-ixzihxm_/source/tests/payment-coordination.db.test.ts:367:13\n    at file:///private/var/folders/g_/f5ccnp_51q15by15f4svlw6c0000gn/T/sana-phase12-ixzihxm_/source/node_modules/@vitest/runner/dist/chunk-artifact.js:1903:20"}}

[90mstdout[2m | tests/payment-coordination.db.test.ts[2m > [22m[2mR2 real PostgreSQL restricted-role coordination[2m > [22m[2mverification timeout never retries remotely or creates another authority
[22m[39m{"level":"info","event":"payment_start_requested","applicationId":"cmu8a9kqz007psiwyd60gf2ui","paymentId":"cmu8a9krj007tsiwybqs6cg94","amountToman":3000000}

[90mstdout[2m | tests/payment-coordination.db.test.ts[2m > [22m[2mR2 real PostgreSQL restricted-role coordination[2m > [22m[2mverification timeout never retries remotely or creates another authority
[22m[39m{"level":"info","event":"payment_start_succeeded","applicationId":"cmu8a9kqz007psiwyd60gf2ui","paymentId":"cmu8a9krj007tsiwybqs6cg94"}

[90mstdout[2m | tests/payment-coordination.db.test.ts[2m > [22m[2mR2 real PostgreSQL restricted-role coordination[2m > [22m[2mcapture evidence survives failed submission commit and retries without provider
[22m[39m{"level":"info","event":"payment_start_requested","applicationId":"cmu8a9kuh0084siwygodzxsr8","paymentId":"cmu8a9kux0088siwy9p5f8h1h","amountToman":3000000}

[90mstdout[2m | tests/payment-coordination.db.test.ts[2m > [22m[2mR2 real PostgreSQL restricted-role coordination[2m > [22m[2mcapture evidence survives failed submission commit and retries without provider
[22m[39m{"level":"info","event":"payment_start_succeeded","applicationId":"cmu8a9kuh0084siwygodzxsr8","paymentId":"cmu8a9kux0088siwy9p5f8h1h"}

[90mstderr[2m | tests/payment-coordination.db.test.ts[2m > [22m[2mR2 real PostgreSQL restricted-role coordination[2m > [22m[2mcapture evidence survives failed submission commit and retries without provider
[22m[39m{"level":"error","event":"legacy_paid_submission_retry_required","applicationId":"cmu8a9kuh0084siwygodzxsr8","error":{"name":"PrismaClientUnknownRequestError","message":"\nInvalid `tx.statusHistory.create()` invocation in\n/private/var/folders/g_/f5ccnp_51q15by15f4svlw6c0000gn/T/sana-phase12-ixzihxm_/source/lib/payments/legacy-settlement.ts:109:30\n\n  106   return;\n  107 }\n  108 await tx.application.update({ where: { id: applicationId }, data: { status: ApplicationStatus.SUBMITTED, submittedAt: new Date() } });\n→ 109 await tx.statusHistory.create(\nError occurred during query execution:\nConnectorError(ConnectorError { user_facing_error: None, kind: QueryError(PostgresError { code: \"42501\", message: \"permission denied for table StatusHistory\", severity: \"ERROR\", detail: None, column: None, hint: None }), transient: false })","stack":"PrismaClientUnknownRequestError: \nInvalid `tx.statusHistory.create()` invocation in\n/private/var/folders/g_/f5ccnp_51q15by15f4svlw6c0000gn/T/sana-phase12-ixzihxm_/source/lib/payments/legacy-settlement.ts:109:30\n\n  106   return;\n  107 }\n  108 await tx.application.update({ where: { id: applicationId }, data: { status: ApplicationStatus.SUBMITTED, submittedAt: new Date() } });\n→ 109 await tx.statusHistory.create(\nError occurred during query execution:\nConnectorError(ConnectorError { user_facing_error: None, kind: QueryError(PostgresError { code: \"42501\", message: \"permission denied for table StatusHistory\", severity: \"ERROR\", detail: None, column: None, hint: None }), transient: false })\n    at ei.handleRequestError (/private/var/folders/g_/f5ccnp_51q15by15f4svlw6c0000gn/T/sana-phase12-ixzihxm_/source/node_modules/@prisma/client/runtime/library.js:121:7458)\n    at ei.handleAndLogRequestError (/private/var/folders/g_/f5ccnp_51q15by15f4svlw6c0000gn/T/sana-phase12-ixzihxm_/source/node_modules/@prisma/client/runtime/library.js:121:6593)\n    at ei.request (/private/var/folders/g_/f5ccnp_51q15by15f4svlw6c0000gn/T/sana-phase12-ixzihxm_/source/node_modules/@prisma/client/runtime/library.js:121:6300)\n    at a (/private/var/folders/g_/f5ccnp_51q15by15f4svlw6c0000gn/T/sana-phase12-ixzihxm_/source/node_modules/@prisma/client/runtime/library.js:130:9551)\n    at /private/var/folders/g_/f5ccnp_51q15by15f4svlw6c0000gn/T/sana-phase12-ixzihxm_/source/lib/payments/legacy-settlement.ts:109:7\n    at Proxy._transactionWithCallback (/private/var/folders/g_/f5ccnp_51q15by15f4svlw6c0000gn/T/sana-phase12-ixzihxm_/source/node_modules/@prisma/client/runtime/library.js:130:8120)\n    at completeVerifiedLegacySubmission (/private/var/folders/g_/f5ccnp_51q15by15f4svlw6c0000gn/T/sana-phase12-ixzihxm_/source/lib/payments/legacy-settlement.ts:93:5)\n    at Module.settleLegacyPayment (/private/var/folders/g_/f5ccnp_51q15by15f4svlw6c0000gn/T/sana-phase12-ixzihxm_/source/lib/payments/legacy-settlement.ts:79:3)\n    at /private/var/folders/g_/f5ccnp_51q15by15f4svlw6c0000gn/T/sana-phase12-ixzihxm_/source/tests/payment-coordination.db.test.ts:402:14\n    at file:///private/var/folders/g_/f5ccnp_51q15by15f4svlw6c0000gn/T/sana-phase12-ixzihxm_/source/node_modules/@vitest/runner/dist/chunk-artifact.js:1903:20"}}

[90mstdout[2m | tests/payment-coordination.db.test.ts[2m > [22m[2mR2 real PostgreSQL restricted-role coordination[2m > [22m[2mcapture evidence survives failed submission commit and retries without provider
[22m[39m{"level":"info","event":"payment_verification_succeeded","paymentId":"cmu8a9kux0088siwy9p5f8h1h","applicationId":"cmu8a9kuh0084siwygodzxsr8","referenceId":"durable-capture"}

[90mstdout[2m | tests/payment-coordination.db.test.ts[2m > [22m[2mR2 real PostgreSQL restricted-role coordination[2m > [22m[2mrestricted role rejects cross-application selection, amount mutation and result deletion
[22m[39m{"level":"info","event":"payment_start_requested","applicationId":"cmu8a9kxe008gsiwyc2k40kpk","paymentId":"cmu8a9kxs008ksiwyob8ctm9w","amountToman":3000000}

[90mstdout[2m | tests/payment-coordination.db.test.ts[2m > [22m[2mR2 real PostgreSQL restricted-role coordination[2m > [22m[2mrestricted role rejects cross-application selection, amount mutation and result deletion
[22m[39m{"level":"info","event":"payment_start_succeeded","applicationId":"cmu8a9kxe008gsiwyc2k40kpk","paymentId":"cmu8a9kxs008ksiwyob8ctm9w"}

[90mstdout[2m | tests/payment-coordination.db.test.ts[2m > [22m[2mR2 real PostgreSQL restricted-role coordination[2m > [22m[2mnotification failure preserves settlement and consumes one durable intent
[22m[39m{"level":"info","event":"payment_start_requested","applicationId":"cmu8a9kyx008rsiwy89qgt9rl","paymentId":"cmu8a9kzf008vsiwy6836hna4","amountToman":3000000}

[90mstdout[2m | tests/payment-coordination.db.test.ts[2m > [22m[2mR2 real PostgreSQL restricted-role coordination[2m > [22m[2mnotification failure preserves settlement and consumes one durable intent
[22m[39m{"level":"info","event":"payment_start_succeeded","applicationId":"cmu8a9kyx008rsiwy89qgt9rl","paymentId":"cmu8a9kzf008vsiwy6836hna4"}

[90mstdout[2m | tests/payment-coordination.db.test.ts[2m > [22m[2mR2 real PostgreSQL restricted-role coordination[2m > [22m[2mnotification failure preserves settlement and consumes one durable intent
[22m[39m{"level":"info","event":"payment_verification_succeeded","paymentId":"cmu8a9kzf008vsiwy6836hna4","applicationId":"cmu8a9kyx008rsiwy89qgt9rl","referenceId":"201"}

[90mstderr[2m | tests/payment-coordination.db.test.ts[2m > [22m[2mR2 real PostgreSQL restricted-role coordination[2m > [22m[2mnotification failure preserves settlement and consumes one durable intent
[22m[39m{"level":"warn","event":"admin_submission_notification_skipped","applicationId":"cmu8a9kyx008rsiwy89qgt9rl","reason":"missing_admin_alert_mobile"}

[90mstderr[2m | tests/payment-coordination.db.test.ts[2m > [22m[2mR2 real PostgreSQL restricted-role coordination[2m > [22m[2mnotification failure preserves settlement and consumes one durable intent
[22m[39m{"level":"error","event":"payment_notification_failed","applicationId":"cmu8a9kyx008rsiwy89qgt9rl","error":{"name":"Error","message":"isolated SMS failure","stack":"Error: isolated SMS failure\n    at /private/var/folders/g_/f5ccnp_51q15by15f4svlw6c0000gn/T/sana-phase12-ixzihxm_/source/tests/payment-coordination.db.test.ts:425:58\n    at file:///private/var/folders/g_/f5ccnp_51q15by15f4svlw6c0000gn/T/sana-phase12-ixzihxm_/source/node_modules/@vitest/runner/dist/chunk-artifact.js:1903:20"}}

[90mstdout[2m | tests/payment-coordination.db.test.ts[2m > [22m[2mR2 real PostgreSQL restricted-role coordination[2m > [22m[2ma late original worker may persist capture after expiry without enabling takeover
[22m[39m{"level":"info","event":"payment_start_requested","applicationId":"cmu8a9l1f0091siwy4vtp4jll","paymentId":"cmu8a9l200095siwykau5aa6h","amountToman":3000000}

[90mstdout[2m | tests/payment-coordination.db.test.ts[2m > [22m[2mR2 real PostgreSQL restricted-role coordination[2m > [22m[2ma late original worker may persist capture after expiry without enabling takeover
[22m[39m{"level":"info","event":"payment_start_succeeded","applicationId":"cmu8a9l1f0091siwy4vtp4jll","paymentId":"cmu8a9l200095siwykau5aa6h"}

[90mstdout[2m | tests/payment-coordination.db.test.ts[2m > [22m[2mR2 real PostgreSQL restricted-role coordination[2m > [22m[2ma late original worker may persist capture after expiry without enabling takeover
[22m[39m{"level":"info","event":"payment_verification_succeeded","paymentId":"cmu8a9l200095siwykau5aa6h","applicationId":"cmu8a9l1f0091siwy4vtp4jll","referenceId":"201"}

[90mstdout[2m | tests/payment-coordination.db.test.ts[2m > [22m[2mR2 real PostgreSQL restricted-role coordination[2m > [22m[2mcompleted rejection evidence recovers despite crash and unrelated callback evidence
[22m[39m{"level":"info","event":"payment_start_requested","applicationId":"cmu8a9l3y009bsiwyu7roucju","paymentId":"cmu8a9l4e009fsiwyyj8zfjdg","amountToman":3000000}

[90mstdout[2m | tests/payment-coordination.db.test.ts[2m > [22m[2mR2 real PostgreSQL restricted-role coordination[2m > [22m[2mcompleted rejection evidence recovers despite crash and unrelated callback evidence
[22m[39m{"level":"info","event":"payment_start_succeeded","applicationId":"cmu8a9l3y009bsiwyu7roucju","paymentId":"cmu8a9l4e009fsiwyyj8zfjdg"}

[90mstdout[2m | tests/payment-coordination.db.test.ts[2m > [22m[2mR2 real PostgreSQL restricted-role coordination[2m > [22m[2mcompleted rejection evidence recovers despite crash and unrelated callback evidence
[22m[39m{"level":"info","event":"payment_verification_succeeded","paymentId":"cmu8a9l4e009fsiwyyj8zfjdg","applicationId":"cmu8a9l3y009bsiwyu7roucju","referenceId":"201"}

[90mstdout[2m | tests/payment-coordination.db.test.ts[2m > [22m[2mR2 real PostgreSQL restricted-role coordination[2m > [22m[2mprovider capture with failed evidence persistence remains blocked after DB recovery
[22m[39m{"level":"info","event":"payment_start_requested","applicationId":"cmu8a9l67009psiwyo4co9vfh","paymentId":"cmu8a9l6j009tsiwysn00eoyu","amountToman":3000000}

[90mstdout[2m | tests/payment-coordination.db.test.ts[2m > [22m[2mR2 real PostgreSQL restricted-role coordination[2m > [22m[2mprovider capture with failed evidence persistence remains blocked after DB recovery
[22m[39m{"level":"info","event":"payment_start_succeeded","applicationId":"cmu8a9l67009psiwyo4co9vfh","paymentId":"cmu8a9l6j009tsiwysn00eoyu"}

[90mstderr[2m | tests/payment-coordination.db.test.ts[2m > [22m[2mR2 real PostgreSQL restricted-role coordination[2m > [22m[2mprovider capture with failed evidence persistence remains blocked after DB recovery
[22m[39m{"level":"error","event":"payment_capture_evidence_persist_failed","paymentId":"cmu8a9l6j009tsiwysn00eoyu","applicationId":"cmu8a9l67009psiwyo4co9vfh","error":{"name":"PrismaClientUnknownRequestError","message":"\nInvalid `db.paymentOperationResult.createMany()` invocation in\n/private/var/folders/g_/f5ccnp_51q15by15f4svlw6c0000gn/T/sana-phase12-ixzihxm_/source/lib/payments/coordination.ts:46:35\n\n  43 export async function savePaymentResult(claim: PaymentClaim, outcome: \"AUTHORITY\" | \"CAPTURED\" | \"REJECTED\" | \"UNKNOWN\", details: { authority?: string; referenceId?: string } = {}) {\n  44   // Independent commit: a later business transaction may fail. A late owner is\n  45   // allowed to preserve its result, never to authorize another external operation.\n→ 46   await db.paymentOperationResult.createMany(\nError occurred during query execution:\nConnectorError(ConnectorError { user_facing_error: None, kind: QueryError(PostgresError { code: \"42501\", message: \"permission denied for table PaymentOperationResult\", severity: \"ERROR\", detail: None, column: None, hint: None }), transient: false })","stack":"PrismaClientUnknownRequestError: \nInvalid `db.paymentOperationResult.createMany()` invocation in\n/private/var/folders/g_/f5ccnp_51q15by15f4svlw6c0000gn/T/sana-phase12-ixzihxm_/source/lib/payments/coordination.ts:46:35\n\n  43 export async function savePaymentResult(claim: PaymentClaim, outcome: \"AUTHORITY\" | \"CAPTURED\" | \"REJECTED\" | \"UNKNOWN\", details: { authority?: string; referenceId?: string } = {}) {\n  44   // Independent commit: a later business transaction may fail. A late owner is\n  45   // allowed to preserve its result, never to authorize another external operation.\n→ 46   await db.paymentOperationResult.createMany(\nError occurred during query execution:\nConnectorError(ConnectorError { user_facing_error: None, kind: QueryError(PostgresError { code: \"42501\", message: \"permission denied for table PaymentOperationResult\", severity: \"ERROR\", detail: None, column: None, hint: None }), transient: false })\n    at ei.handleRequestError (/private/var/folders/g_/f5ccnp_51q15by15f4svlw6c0000gn/T/sana-phase12-ixzihxm_/source/node_modules/@prisma/client/runtime/library.js:121:7458)\n    at ei.handleAndLogRequestError (/private/var/folders/g_/f5ccnp_51q15by15f4svlw6c0000gn/T/sana-phase12-ixzihxm_/source/node_modules/@prisma/client/runtime/library.js:121:6593)\n    at ei.request (/private/var/folders/g_/f5ccnp_51q15by15f4svlw6c0000gn/T/sana-phase12-ixzihxm_/source/node_modules/@prisma/client/runtime/library.js:121:6300)\n    at a (/private/var/folders/g_/f5ccnp_51q15by15f4svlw6c0000gn/T/sana-phase12-ixzihxm_/source/node_modules/@prisma/client/runtime/library.js:130:9551)\n    at savePaymentResult (/private/var/folders/g_/f5ccnp_51q15by15f4svlw6c0000gn/T/sana-phase12-ixzihxm_/source/lib/payments/coordination.ts:46:3)\n    at Module.settleLegacyPayment (/private/var/folders/g_/f5ccnp_51q15by15f4svlw6c0000gn/T/sana-phase12-ixzihxm_/source/lib/payments/legacy-settlement.ts:47:7)\n    at /private/var/folders/g_/f5ccnp_51q15by15f4svlw6c0000gn/T/sana-phase12-ixzihxm_/source/tests/payment-coordination.db.test.ts:458:18\n    at file:///private/var/folders/g_/f5ccnp_51q15by15f4svlw6c0000gn/T/sana-phase12-ixzihxm_/source/node_modules/@vitest/runner/dist/chunk-artifact.js:1903:20"}}

[90mstderr[2m | tests/payment-coordination.db.test.ts[2m > [22m[2mR2 real PostgreSQL restricted-role coordination[2m > [22m[2mfacilities request timeout and restart preserve its only attempt
[22m[39m{"level":"error","event":"facilities_payment_request_persist_or_transport_failed","applicationId":"fa313fe9335a245c08fb08f053e4b2e88-application","error":{"name":"TypeError","message":"fetch failed","stack":"TypeError: fetch failed\n    at /private/var/folders/g_/f5ccnp_51q15by15f4svlw6c0000gn/T/sana-phase12-ixzihxm_/source/tests/payment-coordination.db.test.ts:486:79\n    at Mock (file:///private/var/folders/g_/f5ccnp_51q15by15f4svlw6c0000gn/T/sana-phase12-ixzihxm_/source/node_modules/@vitest/spy/dist/index.js:332:34)\n    at postZarinpal (/private/var/folders/g_/f5ccnp_51q15by15f4svlw6c0000gn/T/sana-phase12-ixzihxm_/source/lib/payments/zarinpal.ts:37:26)\n    at requestZarinpalPayment (/private/var/folders/g_/f5ccnp_51q15by15f4svlw6c0000gn/T/sana-phase12-ixzihxm_/source/lib/payments/zarinpal.ts:100:22)\n    at Module.startFacilitiesPayment (/private/var/folders/g_/f5ccnp_51q15by15f4svlw6c0000gn/T/sana-phase12-ixzihxm_/source/lib/actions/facilities-payment.ts:257:27)\n    at /private/var/folders/g_/f5ccnp_51q15by15f4svlw6c0000gn/T/sana-phase12-ixzihxm_/source/tests/payment-coordination.db.test.ts:487:12\n    at file:///private/var/folders/g_/f5ccnp_51q15by15f4svlw6c0000gn/T/sana-phase12-ixzihxm_/source/node_modules/@vitest/runner/dist/chunk-artifact.js:1903:20"}}

[90mstderr[2m | tests/payment-coordination.db.test.ts[2m > [22m[2mR2 real PostgreSQL restricted-role coordination[2m > [22m[2mfacilities request timeout and restart preserve its only attempt
[22m[39m{"level":"warn","event":"facilities_payment_start_unresolved","applicationId":"fa313fe9335a245c08fb08f053e4b2e88-application"}

[90mstderr[2m | tests/payment-coordination.db.test.ts[2m > [22m[2mR2 real PostgreSQL restricted-role coordination[2m > [22m[2mfacilities saved capture completes after a failed DB transaction without contacting provider again
[22m[39m{"level":"error","event":"facilities_payment_verification_record_failed","paymentAttemptId":"cmu8a9m8e00azsiwy9u8gocy3","applicationId":"fc4fb5b83aa1c4cde93b75c92c27d4e74-application","error":{"name":"PrismaClientUnknownRequestError","message":"\nInvalid `tx.facilitiesAuditLog.create()` invocation in\n/private/var/folders/g_/f5ccnp_51q15by15f4svlw6c0000gn/T/sana-phase12-ixzihxm_/source/lib/actions/facilities-payment.ts:361:35\n\n  358 const late = !LOCKED_PAYMENT_STATES.includes(current.status);\n  359 const metadata = late ? { status: FacilitiesPaymentStatus.VERIFIED, reasonCode: \"LATE_CAPTURE\" } : { status: FacilitiesPaymentStatus.VERIFIED };\n  360 await tx.facilitiesPaymentAttempt.update({ where: { id: current.id }, data: { status: FacilitiesPaymentStatus.VERIFIED, referenceId: verified.referenceId, safeMetadata: metadata } });\n→ 361 await tx.facilitiesAuditLog.create(\nError occurred during query execution:\nConnectorError(ConnectorError { user_facing_error: None, kind: QueryError(PostgresError { code: \"42501\", message: \"permission denied for table FacilitiesAuditLog\", severity: \"ERROR\", detail: None, column: None, hint: None }), transient: false })","stack":"PrismaClientUnknownRequestError: \nInvalid `tx.facilitiesAuditLog.create()` invocation in\n/private/var/folders/g_/f5ccnp_51q15by15f4svlw6c0000gn/T/sana-phase12-ixzihxm_/source/lib/actions/facilities-payment.ts:361:35\n\n  358 const late = !LOCKED_PAYMENT_STATES.includes(current.status);\n  359 const metadata = late ? { status: FacilitiesPaymentStatus.VERIFIED, reasonCode: \"LATE_CAPTURE\" } : { status: FacilitiesPaymentStatus.VERIFIED };\n  360 await tx.facilitiesPaymentAttempt.update({ where: { id: current.id }, data: { status: FacilitiesPaymentStatus.VERIFIED, referenceId: verified.referenceId, safeMetadata: metadata } });\n→ 361 await tx.facilitiesAuditLog.create(\nError occurred during query execution:\nConnectorError(ConnectorError { user_facing_error: None, kind: QueryError(PostgresError { code: \"42501\", message: \"permission denied for table FacilitiesAuditLog\", severity: \"ERROR\", detail: None, column: None, hint: None }), transient: false })\n    at ei.handleRequestError (/private/var/folders/g_/f5ccnp_51q15by15f4svlw6c0000gn/T/sana-phase12-ixzihxm_/source/node_modules/@prisma/client/runtime/library.js:121:7458)\n    at ei.handleAndLogRequestError (/private/var/folders/g_/f5ccnp_51q15by15f4svlw6c0000gn/T/sana-phase12-ixzihxm_/source/node_modules/@prisma/client/runtime/library.js:121:6593)\n    at ei.request (/private/var/folders/g_/f5ccnp_51q15by15f4svlw6c0000gn/T/sana-phase12-ixzihxm_/source/node_modules/@prisma/client/runtime/library.js:121:6300)\n    at a (/private/var/folders/g_/f5ccnp_51q15by15f4svlw6c0000gn/T/sana-phase12-ixzihxm_/source/node_modules/@prisma/client/runtime/library.js:130:9551)\n    at /private/var/folders/g_/f5ccnp_51q15by15f4svlw6c0000gn/T/sana-phase12-ixzihxm_/source/lib/actions/facilities-payment.ts:361:7\n    at Proxy._transactionWithCallback (/private/var/folders/g_/f5ccnp_51q15by15f4svlw6c0000gn/T/sana-phase12-ixzihxm_/source/node_modules/@prisma/client/runtime/library.js:130:8120)\n    at Module.verifyFacilitiesPaymentCallback (/private/var/folders/g_/f5ccnp_51q15by15f4svlw6c0000gn/T/sana-phase12-ixzihxm_/source/lib/actions/facilities-payment.ts:352:5)\n    at /private/var/folders/g_/f5ccnp_51q15by15f4svlw6c0000gn/T/sana-phase12-ixzihxm_/source/tests/payment-coordination.db.test.ts:502:18\n    at file:///private/var/folders/g_/f5ccnp_51q15by15f4svlw6c0000gn/T/sana-phase12-ixzihxm_/source/node_modules/@vitest/runner/dist/chunk-artifact.js:1903:20"}}

 [31m❯[39m tests/payment-coordination.db.test.ts [2m([22m[2m39 tests[22m[2m | [22m[31m3 failed[39m[2m)[22m[33m 6882[2mms[22m[39m
     [32m✓[39m R12 legacy request and verification use the stored obligation amount[32m 228[2mms[22m[39m
     [32m✓[39m R12 malformed verify 0 blocks forged success, new charge and remote replay[32m 168[2mms[22m[39m
     [32m✓[39m R12 malformed verify 1 blocks forged success, new charge and remote replay[32m 122[2mms[22m[39m
     [33m[2m✓[22m[39m R12 malformed verify 2 blocks forged success, new charge and remote replay [33m 303[2mms[22m[39m
     [32m✓[39m R12 malformed verify 3 blocks forged success, new charge and remote replay[32m 165[2mms[22m[39m
     [32m✓[39m R12 malformed request cannot create a payable URL or another attempt[32m 59[2mms[22m[39m
     [32m✓[39m R12 forged browser authority cannot reach the provider[32m 62[2mms[22m[39m
     [32m✓[39m R12 explicit rejection then 101 recovers only original authority and settles once[32m 198[2mms[22m[39m
     [32m✓[39m R12 facilities contradictory success remains unresolved and preserves application[32m 219[2mms[22m[39m
     [32m✓[39m R1 delayed NOK snapshot cannot undo a committed success[32m 138[2mms[22m[39m
     [33m[2m✓[22m[39m R1 late capture preserves SUBMITTED and does not invent a submission [33m 364[2mms[22m[39m
     [32m✓[39m R1 late capture preserves UNDER_REVIEW and does not invent a submission[32m 67[2mms[22m[39m
     [32m✓[39m R1 late capture preserves NEEDS_EDIT and does not invent a submission[32m 88[2mms[22m[39m
     [32m✓[39m R1 late capture preserves VALIDATION_COMPLETED and does not invent a submission[32m 202[2mms[22m[39m
     [32m✓[39m R1 late request completion cannot reset a later review status[32m 99[2mms[22m[39m
     [32m✓[39m R1 stale correction resubmission cannot overwrite an intervening review[32m 144[2mms[22m[39m
     [32m✓[39m R1 simultaneous corrections submit once without another charge or payment notification[32m 188[2mms[22m[39m
     [32m✓[39m R1 cancellation and retry cannot overlap a success verification[32m 137[2mms[22m[39m
[31m     [31m×[31m R1 delayed admin decision loses to resubmission with no stale history or SMS[39m[32m 118[2mms[22m[39m
[31m     [31m×[31m R1 admin decision winning before resubmit preserves actual review history[39m[32m 132[2mms[22m[39m
     [32m✓[39m R1 failed resubmission history rolls back state and preserves verified evidence for retry[32m 162[2mms[22m[39m
     [32m✓[39m R1 facilities delayed cancellation preserves verification and later review[32m 240[2mms[22m[39m
[31m     [31m×[31m R1 conflicting completion retains candidate for journalled cleanup and preserves existing certificate[39m[32m 97[2mms[22m[39m
     [32m✓[39m concurrent starts cross a provider barrier only once, and replay the same URL[32m 230[2mms[22m[39m
     [32m✓[39m serializes duplicate callbacks and creates one settlement/history/notification intent[32m 121[2mms[22m[39m
     [32m✓[39m old authorities before and after settlement never reach provider and retain separate evidence[32m 121[2mms[22m[39m
     [32m✓[39m unknown request timeout and expired lease never create another remote call[32m 49[2mms[22m[39m
     [32m✓[39m verification timeout never retries remotely or creates another authority[32m 87[2mms[22m[39m
     [32m✓[39m crash after authority evidence replays only local persistence and the original URL[32m 39[2mms[22m[39m
     [32m✓[39m capture evidence survives failed submission commit and retries without provider[32m 104[2mms[22m[39m
     [32m✓[39m restricted role rejects cross-application selection, amount mutation and result deletion[32m 53[2mms[22m[39m
     [32m✓[39m notification failure preserves settlement and consumes one durable intent[32m 92[2mms[22m[39m
     [32m✓[39m a late original worker may persist capture after expiry without enabling takeover[32m 91[2mms[22m[39m
     [32m✓[39m completed rejection evidence recovers despite crash and unrelated callback evidence[32m 81[2mms[22m[39m
     [32m✓[39m provider capture with failed evidence persistence remains blocked after DB recovery[32m 210[2mms[22m[39m
     [33m[2m✓[22m[39m facilities concurrent starts/callbacks and old-authority barriers use the same durable coordination [33m 753[2mms[22m[39m
     [32m✓[39m facilities request timeout and restart preserve its only attempt[32m 274[2mms[22m[39m
     [33m[2m✓[22m[39m facilities saved capture completes after a failed DB transaction without contacting provider again [33m 666[2mms[22m[39m
     [32m✓[39m facilities restores saved authority and resumes its original URL without new provider request[32m 77[2mms[22m[39m
[90mstdout[2m | tests/payment-action.test.ts[2m > [22m[2mpayment action[2m > [22m[2mstarts payment only after server-side final validation passes
[22m[39m{"level":"info","event":"payment_start_requested","applicationId":"app_1","paymentId":"pay_1","amountToman":3000000}

[90mstdout[2m | tests/payment-action.test.ts[2m > [22m[2mpayment action[2m > [22m[2mstarts payment only after server-side final validation passes
[22m[39m{"level":"info","event":"payment_start_succeeded","applicationId":"app_1","paymentId":"pay_1"}

[90mstdout[2m | tests/payment-action.test.ts[2m > [22m[2mpayment action[2m > [22m[2mpreserves uncertain request instead of marking it failed
[22m[39m{"level":"info","event":"payment_start_requested","applicationId":"app_1","paymentId":"pay_1","amountToman":3000000}

[90mstderr[2m | tests/payment-action.test.ts[2m > [22m[2mpayment action[2m > [22m[2mpreserves uncertain request instead of marking it failed
[22m[39m{"level":"error","event":"payment_start_failed","applicationId":"app_1","paymentId":"pay_1","error":{"name":"Error","message":"provider down","stack":"Error: provider down\n    at /private/var/folders/g_/f5ccnp_51q15by15f4svlw6c0000gn/T/sana-phase12-ixzihxm_/source/tests/payment-action.test.ts:147:52\n    at file:///private/var/folders/g_/f5ccnp_51q15by15f4svlw6c0000gn/T/sana-phase12-ixzihxm_/source/node_modules/@vitest/runner/dist/chunk-artifact.js:302:11\n    at file:///private/var/folders/g_/f5ccnp_51q15by15f4svlw6c0000gn/T/sana-phase12-ixzihxm_/source/node_modules/@vitest/runner/dist/chunk-artifact.js:1903:26\n    at file:///private/var/folders/g_/f5ccnp_51q15by15f4svlw6c0000gn/T/sana-phase12-ixzihxm_/source/node_modules/@vitest/runner/dist/chunk-artifact.js:2326:20\n    at new Promise (<anonymous>)\n    at runWithCancel (file:///private/var/folders/g_/f5ccnp_51q15by15f4svlw6c0000gn/T/sana-phase12-ixzihxm_/source/node_modules/@vitest/runner/dist/chunk-artifact.js:2323:10)\n    at file:///private/var/folders/g_/f5ccnp_51q15by15f4svlw6c0000gn/T/sana-phase12-ixzihxm_/source/node_modules/@vitest/runner/dist/chunk-artifact.js:2305:20\n    at new Promise (<anonymous>)\n    at runWithTimeout (file:///private/var/folders/g_/f5ccnp_51q15by15f4svlw6c0000gn/T/sana-phase12-ixzihxm_/source/node_modules/@vitest/runner/dist/chunk-artifact.js:2272:10)\n    at file:///private/var/folders/g_/f5ccnp_51q15by15f4svlw6c0000gn/T/sana-phase12-ixzihxm_/source/node_modules/@vitest/runner/dist/chunk-artifact.js:2956:64"}}

[90mstderr[2m | tests/payment-action.test.ts[2m > [22m[2mpayment action[2m > [22m[2msubmits corrections without repayment when a needs-edit application already has verified payment
[22m[39m{"level":"warn","event":"admin_submission_notification_skipped","applicationId":"app_1","reason":"missing_admin_alert_mobile"}

[90mstdout[2m | tests/payment-action.test.ts[2m > [22m[2mpayment action[2m > [22m[2msubmits corrections without repayment when a needs-edit application already has verified payment
[22m[39m{"level":"info","event":"user_submission_notification_sent","applicationId":"app_1"}

[90mstdout[2m | tests/payment-action.test.ts[2m > [22m[2mpayment action[2m > [22m[2mcompletes the submission without a new charge when the open attempt was already paid at the gateway
[22m[39m{"level":"info","event":"payment_verification_succeeded","paymentId":"old_pay","applicationId":"app_1","referenceId":"ref_old"}

[90mstderr[2m | tests/payment-action.test.ts[2m > [22m[2mpayment action[2m > [22m[2mcompletes the submission without a new charge when the open attempt was already paid at the gateway
[22m[39m{"level":"warn","event":"admin_submission_notification_skipped","applicationId":"app_1","reason":"missing_admin_alert_mobile"}

[90mstdout[2m | tests/payment-action.test.ts[2m > [22m[2mpayment action[2m > [22m[2mcompletes the submission without a new charge when the open attempt was already paid at the gateway
[22m[39m{"level":"info","event":"user_submission_notification_sent","applicationId":"app_1"}

[90mstderr[2m | tests/payment-action.test.ts[2m > [22m[2mpayment action[2m > [22m[2mdoes not create another payment when a verified payment already exists
[22m[39m{"level":"warn","event":"admin_submission_notification_skipped","applicationId":"app_1","reason":"missing_admin_alert_mobile"}

[90mstdout[2m | tests/payment-action.test.ts[2m > [22m[2mpayment action[2m > [22m[2mdoes not create another payment when a verified payment already exists
[22m[39m{"level":"info","event":"user_submission_notification_sent","applicationId":"app_1"}

 [32m✓[39m tests/payment-action.test.ts [2m([22m[2m10 tests[22m[2m)[22m[32m 58[2mms[22m[39m
 [32m✓[39m tests/facilities-document-qualification.db.test.ts [2m([22m[2m19 tests[22m[2m)[22m[33m 21467[2mms[22m[39m
     [33m[2m✓[22m[39m qualifies application and officer/profile evidence, starts valid payment [33m 1200[2mms[22m[39m
     [33m[2m✓[22m[39m blocks missing insurance bytes without new payment [33m 848[2mms[22m[39m
     [33m[2m✓[22m[39m blocks missing profile-articles-of-association bytes without new payment [33m 869[2mms[22m[39m
     [33m[2m✓[22m[39m blocks missing officer bytes without new payment [33m 771[2mms[22m[39m
     [33m[2m✓[22m[39m rejects changed hash and foreign caller ownership [33m 819[2mms[22m[39m
     [33m[2m✓[22m[39m free submission also checks actual bytes [33m 808[2mms[22m[39m
     [33m[2m✓[22m[39m capture survives missing profile file and repaired paid draft submits without another charge [33m 1068[2mms[22m[39m
     [33m[2m✓[22m[39m paid pending crash is recoverable by browser retry without provider calls [33m 1146[2mms[22m[39m
     [33m[2m✓[22m[39m snapshot maintenance cannot delete submitted snapshots or grant direct deletion [33m 934[2mms[22m[39m
     [33m[2m✓[22m[39m wizard snapshot refresh and submission serialize in application-first order [33m 891[2mms[22m[39m
     [33m[2m✓[22m[39m paid correction checks profile bytes then accepts repair without new charge [33m 1077[2mms[22m[39m
     [33m[2m✓[22m[39m actual submission gate rejects synthetic scope metadata corruption [33m 754[2mms[22m[39m
     [33m[2m✓[22m[39m actual submission gate rejects synthetic slot metadata corruption [33m 731[2mms[22m[39m
     [33m[2m✓[22m[39m actual submission gate rejects synthetic unscanned metadata corruption [33m 828[2mms[22m[39m
     [33m[2m✓[22m[39m actual submission gate rejects synthetic quarantined metadata corruption [33m 837[2mms[22m[39m
     [33m[2m✓[22m[39m actual submission gate rejects synthetic stale metadata corruption [33m 1047[2mms[22m[39m
     [33m[2m✓[22m[39m profile replacement and predecessor cleanup are fenced through qualification commit [33m 3282[2mms[22m[39m
     [33m[2m✓[22m[39m officer pruning retains evidence-referenced rows and removes only unreferenced rows [33m 2155[2mms[22m[39m
     [33m[2m✓[22m[39m blocked wizard refresh does not acquire snapshot before application [33m 1362[2mms[22m[39m
[90mstdout[2m | tests/facilities-replacement.db.test.ts[2m > [22m[2mR7 restricted PostgreSQL replacement and actual storage[2m > [22m[2mreal process death at staging preserves recoverable state and current bytes
[22m[39m{"fixture":"R7 process crash","point":"staging","pid":60321,"signal":"SIGKILL"}

[90mstdout[2m | tests/facilities-replacement.db.test.ts[2m > [22m[2mR7 restricted PostgreSQL replacement and actual storage[2m > [22m[2mreal process death at promotion preserves recoverable state and current bytes
[22m[39m{"fixture":"R7 process crash","point":"promotion","pid":60333,"signal":"SIGKILL"}

[90mstdout[2m | tests/facilities-replacement.db.test.ts[2m > [22m[2mR7 restricted PostgreSQL replacement and actual storage[2m > [22m[2mreal process death at attachment preserves recoverable state and current bytes
[22m[39m{"fixture":"R7 process crash","point":"attachment","pid":60346,"signal":"SIGKILL"}

[90mstdout[2m | tests/facilities-replacement.db.test.ts[2m > [22m[2mR7 restricted PostgreSQL replacement and actual storage[2m > [22m[2mreal process death at commit preserves recoverable state and current bytes
[22m[39m{"fixture":"R7 process crash","point":"commit","pid":60351,"signal":"SIGKILL"}

[90mstdout[2m | tests/facilities-replacement.db.test.ts[2m > [22m[2mR7 restricted PostgreSQL replacement and actual storage[2m > [22m[2mreal process death at retry-claim preserves recoverable state and current bytes
[22m[39m{"fixture":"R7 process crash","point":"retry-claim","pid":60379,"signal":"SIGKILL"}

 [32m✓[39m tests/facilities-replacement.db.test.ts [2m([22m[2m29 tests[22m[2m)[22m[33m 19528[2mms[22m[39m
     [33m[2m✓[22m[39m orphan listing may pause beyond transaction timeout without deleting a recovered current [33m 5344[2mms[22m[39m
     [33m[2m✓[22m[39m late legacy references are denied even after a cleanup transaction times out [33m 5178[2mms[22m[39m
     [33m[2m✓[22m[39m real process death at staging preserves recoverable state and current bytes [33m 696[2mms[22m[39m
     [33m[2m✓[22m[39m real process death at promotion preserves recoverable state and current bytes [33m 556[2mms[22m[39m
     [33m[2m✓[22m[39m real process death at attachment preserves recoverable state and current bytes [33m 604[2mms[22m[39m
     [33m[2m✓[22m[39m real process death at commit preserves recoverable state and current bytes [33m 924[2mms[22m[39m
     [33m[2m✓[22m[39m real process death at retry-claim preserves recoverable state and current bytes [33m 1186[2mms[22m[39m
     [33m[2m✓[22m[39m new-key retry after UNAVAILABLE preserves old good bytes and commits successful lineage [33m 337[2mms[22m[39m
     [33m[2m✓[22m[39m new-key retry after storage preserves old good bytes and commits successful lineage [33m 344[2mms[22m[39m
     [33m[2m✓[22m[39m concurrent successful candidates cannot replace a newer winner [33m 531[2mms[22m[39m
     [33m[2m✓[22m[39m A→B→C supports delayed deletion and cannot rebind old current [33m 436[2mms[22m[39m
     [33m[2m✓[22m[39m unavailable recovery has one acknowledged scan owner and one successful successor [33m 357[2mms[22m[39m
     [33m[2m✓[22m[39m expired unavailable and abandoned pending claims cannot publish or reset retention [33m 313[2mms[22m[39m
     [33m[2m✓[22m[39m lost acknowledgement after successful commit preserves current bytes [33m 325[2mms[22m[39m
[90mstderr[2m | tests/otp-verification.db.test.ts[2m > [22m[2mR3 restricted PostgreSQL verification[2m > [22m[2mcookie failure spends the code and retry cannot create another session
[22m[39m{"level":"warn","event":"otp_verify_unavailable","reason":"verification_failed"}

[90mstderr[2m | tests/otp-verification.db.test.ts[2m > [22m[2mR3 restricted PostgreSQL verification[2m > [22m[2mcleanup failure denies before bcrypt and recovers after capability restoration
[22m[39m{"level":"warn","event":"otp_verify_unavailable","reason":"verification_failed"}

[90mstderr[2m | tests/otp-verification.db.test.ts[2m > [22m[2mR3 restricted PostgreSQL verification[2m > [22m[2mreservation DB failure denies before compare and recovers
[22m[39m{"level":"warn","event":"otp_verify_unavailable","reason":"verification_failed"}

[90mstderr[2m | tests/otp-verification.db.test.ts[2m > [22m[2mR3 restricted PostgreSQL verification[2m > [22m[2mlock conflict times out safely, spends capacity, and recovers
[22m[39m{"level":"warn","event":"otp_verify_unavailable","reason":"verification_failed"}

[90mstderr[2m | tests/otp-verification.db.test.ts[2m > [22m[2mR3 restricted PostgreSQL verification[2m > [22m[2mconsume write failure rolls back user creation but keeps spent guess
[22m[39m{"level":"warn","event":"otp_verify_unavailable","reason":"verification_failed"}

[90mstderr[2m | tests/otp-verification.db.test.ts[2m > [22m[2mR3 restricted PostgreSQL verification[2m > [22m[2mlost commit acknowledgement never issues a cookie or reopens the consumed OTP
[22m[39m{"level":"warn","event":"otp_verify_unavailable","reason":"verification_failed"}

[90mstderr[2m | tests/otp-verification.db.test.ts[2m > [22m[2mR3 restricted PostgreSQL verification[2m > [22m[2mmissing or inconsistent secrets deny without resetting budgets
[22m[39m{"level":"warn","event":"otp_verify_unavailable","reason":"verification_failed"}

[90mstderr[2m | tests/otp-verification.db.test.ts[2m > [22m[2mR3 restricted PostgreSQL verification[2m > [22m[2mmissing or inconsistent secrets deny without resetting budgets
[22m[39m{"level":"warn","event":"otp_verify_unavailable","reason":"verification_failed"}

 [32m✓[39m tests/otp-verification.db.test.ts [2m([22m[2m26 tests[22m[2m)[22m[33m 11597[2mms[22m[39m
     [33m[2m✓[22m[39m twelve concurrent wrong requests compare the real code at most five times [33m 991[2mms[22m[39m
     [33m[2m✓[22m[39m twelve concurrent correct requests issue exactly one session [33m 1225[2mms[22m[39m
     [33m[2m✓[22m[39m reserve rechecks expiry after an unchanged row-lock wait [33m 1075[2mms[22m[39m
     [33m[2m✓[22m[39m consume rechecks expiry after an unchanged row-lock wait [33m 1032[2mms[22m[39m
     [33m[2m✓[22m[39m missing-code flood spends mobile budget; rejected mobile probes still spend address budget [33m 370[2mms[22m[39m
     [33m[2m✓[22m[39m unknown address is shared across mobiles and purposes [33m 3200[2mms[22m[39m
     [33m[2m✓[22m[39m an hour-boundary transaction uses one admission instant for epoch and events [33m 320[2mms[22m[39m
     [33m[2m✓[22m[39m lock conflict times out safely, spends capacity, and recovers [33m 2088[2mms[22m[39m
 [32m✓[39m tests/maintenance.db.test.ts [2m([22m[2m17 tests[22m[2m)[22m[33m 8118[2mms[22m[39m
     [33m[2m✓[22m[39m prunes expired 24h-old codes and preserves recent and still-live codes [33m 335[2mms[22m[39m
     [33m[2m✓[22m[39m reports bounded backlog nonzero and resumes in a new process [33m 1023[2mms[22m[39m
     [33m[2m✓[22m[39m OTP lock contention is nonzero and does not collide with orphan coordination [33m 444[2mms[22m[39m
     [33m[2m✓[22m[39m reconcile-legacy-files lock contention has an actual nonzero exit [33m 325[2mms[22m[39m
     [33m[2m✓[22m[39m reconcile-facilities-files lock contention has an actual nonzero exit [33m 546[2mms[22m[39m
     [33m[2m✓[22m[39m facilities invalid orphan retention is incomplete through the IPC worker [33m 1427[2mms[22m[39m
     [33m[2m✓[22m[39m stops IPC work on parent death without success [33m 415[2mms[22m[39m
     [33m[2m✓[22m[39m stops IPC work on coordination connection death without success [33m 734[2mms[22m[39m
     [33m[2m✓[22m[39m actual legacy command deletes only the predecessor and aged uncommitted bytes [33m 2112[2mms[22m[39m
     [33m[2m✓[22m[39m restart executes healthy queue ahead of a previously killed blocking queue [33m 385[2mms[22m[39m
[90mstdout[2m | tests/document-qualification.db.test.ts[2m > [22m[2mR10 required files restricted PostgreSQL and actual bytes[2m > [22m[2mretains capture after file loss, permits repair, submits once without repayment
[22m[39m{"level":"info","event":"payment_start_requested","applicationId":"cmu8ab0hq00a0sizwx7ffogzs","paymentId":"cmu8ab0ny00b0sizwz8rde263","amountToman":3000000}

[90mstdout[2m | tests/document-qualification.db.test.ts[2m > [22m[2mR10 required files restricted PostgreSQL and actual bytes[2m > [22m[2mretains capture after file loss, permits repair, submits once without repayment
[22m[39m{"level":"info","event":"payment_start_succeeded","applicationId":"cmu8ab0hq00a0sizwx7ffogzs","paymentId":"cmu8ab0ny00b0sizwz8rde263"}

[90mstdout[2m | tests/document-qualification.db.test.ts[2m > [22m[2mR10 required files restricted PostgreSQL and actual bytes[2m > [22m[2mretains capture after file loss, permits repair, submits once without repayment
[22m[39m{"level":"info","event":"payment_verification_succeeded","paymentId":"cmu8ab0ny00b0sizwz8rde263","applicationId":"cmu8ab0hq00a0sizwx7ffogzs","referenceId":"fixture-reference"}

[90mstderr[2m | tests/document-qualification.db.test.ts[2m > [22m[2mR10 required files restricted PostgreSQL and actual bytes[2m > [22m[2mretains capture after file loss, permits repair, submits once without repayment
[22m[39m{"level":"warn","event":"admin_submission_notification_skipped","applicationId":"cmu8ab0hq00a0sizwx7ffogzs","reason":"missing_admin_alert_mobile"}

[90mstdout[2m | tests/document-qualification.db.test.ts[2m > [22m[2mR10 required files restricted PostgreSQL and actual bytes[2m > [22m[2mretains capture after file loss, permits repair, submits once without repayment
[22m[39m{"level":"info","event":"user_submission_notification_sent","applicationId":"cmu8ab0hq00a0sizwx7ffogzs"}

[90mstdout[2m | tests/document-qualification.db.test.ts[2m > [22m[2mR10 required files restricted PostgreSQL and actual bytes[2m > [22m[2mrecovers original uncertain payment despite missing documents
[22m[39m{"level":"info","event":"payment_start_requested","applicationId":"cmu8ab0vo00bbsizwfjuql9y4","paymentId":"cmu8ab1am00cbsizw8umttx7n","amountToman":3000000}

[90mstdout[2m | tests/document-qualification.db.test.ts[2m > [22m[2mR10 required files restricted PostgreSQL and actual bytes[2m > [22m[2mrecovers original uncertain payment despite missing documents
[22m[39m{"level":"info","event":"payment_start_succeeded","applicationId":"cmu8ab0vo00bbsizwfjuql9y4","paymentId":"cmu8ab1am00cbsizw8umttx7n"}

[90mstdout[2m | tests/document-qualification.db.test.ts[2m > [22m[2mR10 required files restricted PostgreSQL and actual bytes[2m > [22m[2mrecovers original uncertain payment despite missing documents
[22m[39m{"level":"info","event":"payment_verification_succeeded","paymentId":"cmu8ab1am00cbsizw8umttx7n","applicationId":"cmu8ab0vo00bbsizwfjuql9y4","referenceId":"fixture-reference"}

[90mstdout[2m | tests/document-qualification.db.test.ts[2m > [22m[2mR10 required files restricted PostgreSQL and actual bytes[2m > [22m[2mincomplete browser payload can resume the existing authority
[22m[39m{"level":"info","event":"payment_start_requested","applicationId":"cmu8ab1zq00fqsizwbjljgvs5","paymentId":"cmu8ab25w00gqsizwudym1zub","amountToman":3000000}

[90mstdout[2m | tests/document-qualification.db.test.ts[2m > [22m[2mR10 required files restricted PostgreSQL and actual bytes[2m > [22m[2mincomplete browser payload can resume the existing authority
[22m[39m{"level":"info","event":"payment_start_succeeded","applicationId":"cmu8ab1zq00fqsizwbjljgvs5","paymentId":"cmu8ab25w00gqsizwudym1zub"}

[90mstdout[2m | tests/document-qualification.db.test.ts[2m > [22m[2mR10 required files restricted PostgreSQL and actual bytes[2m > [22m[2mbrowser retry repairs the crash boundary after capture without valid form input
[22m[39m{"level":"info","event":"payment_start_requested","applicationId":"cmu8ab26k00gusizwrwvp1tgp","paymentId":"cmu8ab2bx00husizwqi0hjy5z","amountToman":3000000}

[90mstdout[2m | tests/document-qualification.db.test.ts[2m > [22m[2mR10 required files restricted PostgreSQL and actual bytes[2m > [22m[2mbrowser retry repairs the crash boundary after capture without valid form input
[22m[39m{"level":"info","event":"payment_start_succeeded","applicationId":"cmu8ab26k00gusizwrwvp1tgp","paymentId":"cmu8ab2bx00husizwqi0hjy5z"}

[90mstdout[2m | tests/document-qualification.db.test.ts[2m > [22m[2mR10 required files restricted PostgreSQL and actual bytes[2m > [22m[2mpaid corrections enforce files without collecting the fee again
[22m[39m{"level":"info","event":"payment_start_requested","applicationId":"cmu8ab2db00i0sizw23hhi8j4","paymentId":"cmu8ab2mp00j0sizwuolms6we","amountToman":3000000}

[90mstdout[2m | tests/document-qualification.db.test.ts[2m > [22m[2mR10 required files restricted PostgreSQL and actual bytes[2m > [22m[2mpaid corrections enforce files without collecting the fee again
[22m[39m{"level":"info","event":"payment_start_succeeded","applicationId":"cmu8ab2db00i0sizw23hhi8j4","paymentId":"cmu8ab2mp00j0sizwuolms6we"}

[90mstdout[2m | tests/document-qualification.db.test.ts[2m > [22m[2mR10 required files restricted PostgreSQL and actual bytes[2m > [22m[2mpaid corrections enforce files without collecting the fee again
[22m[39m{"level":"info","event":"payment_verification_succeeded","paymentId":"cmu8ab2mp00j0sizwuolms6we","applicationId":"cmu8ab2db00i0sizw23hhi8j4","referenceId":"fixture-reference"}

[90mstderr[2m | tests/document-qualification.db.test.ts[2m > [22m[2mR10 required files restricted PostgreSQL and actual bytes[2m > [22m[2mpaid corrections enforce files without collecting the fee again
[22m[39m{"level":"warn","event":"admin_submission_notification_skipped","applicationId":"cmu8ab2db00i0sizw23hhi8j4","reason":"missing_admin_alert_mobile"}

[90mstdout[2m | tests/document-qualification.db.test.ts[2m > [22m[2mR10 required files restricted PostgreSQL and actual bytes[2m > [22m[2mpaid corrections enforce files without collecting the fee again
[22m[39m{"level":"info","event":"user_submission_notification_sent","applicationId":"cmu8ab2db00i0sizw23hhi8j4"}

 [32m✓[39m tests/document-qualification.db.test.ts [2m([22m[2m19 tests[22m[2m)[22m[33m 5779[2mms[22m[39m
     [33m[2m✓[22m[39m rejects foreign references [33m 429[2mms[22m[39m
     [33m[2m✓[22m[39m retains capture after file loss, permits repair, submits once without repayment [33m 500[2mms[22m[39m
     [33m[2m✓[22m[39m recovers original uncertain payment despite missing documents [33m 698[2mms[22m[39m
     [33m[2m✓[22m[39m UNKNOWN scan outage stays unqualified; repeatable scan restores eligibility [33m 379[2mms[22m[39m
     [33m[2m✓[22m[39m paid corrections enforce files without collecting the fee again [33m 642[2mms[22m[39m
     [33m[2m✓[22m[39m a qualified application lock fences replacement until commit [33m 480[2mms[22m[39m
[90mstderr[2m | tests/otp-request.db.test.ts[2m > [22m[2mR5 restricted PostgreSQL request reservations[2m > [22m[2mfive admissions per rolling hour survive SMS failures and cooldown expiry
[22m[39m{"level":"warn","event":"otp_sms_unconfirmed","reason":"delivery_unconfirmed"}

[90mstderr[2m | tests/otp-request.db.test.ts[2m > [22m[2mR5 restricted PostgreSQL request reservations[2m > [22m[2mfive admissions per rolling hour survive SMS failures and cooldown expiry
[22m[39m{"level":"warn","event":"otp_sms_unconfirmed","reason":"delivery_unconfirmed"}

[90mstderr[2m | tests/otp-request.db.test.ts[2m > [22m[2mR5 restricted PostgreSQL request reservations[2m > [22m[2mfive admissions per rolling hour survive SMS failures and cooldown expiry
[22m[39m{"level":"warn","event":"otp_sms_unconfirmed","reason":"delivery_unconfirmed"}

[90mstderr[2m | tests/otp-request.db.test.ts[2m > [22m[2mR5 restricted PostgreSQL request reservations[2m > [22m[2mfive admissions per rolling hour survive SMS failures and cooldown expiry
[22m[39m{"level":"warn","event":"otp_sms_unconfirmed","reason":"delivery_unconfirmed"}

[90mstderr[2m | tests/otp-request.db.test.ts[2m > [22m[2mR5 restricted PostgreSQL request reservations[2m > [22m[2mfive admissions per rolling hour survive SMS failures and cooldown expiry
[22m[39m{"level":"warn","event":"otp_sms_unconfirmed","reason":"delivery_unconfirmed"}

[90mstderr[2m | tests/otp-request.db.test.ts[2m > [22m[2mR5 restricted PostgreSQL request reservations[2m > [22m[2mhash failure spends admission and blocks immediate retry
[22m[39m{"level":"warn","event":"otp_request_unavailable","reason":"request_or_dispatch_failed"}

[90mstderr[2m | tests/otp-request.db.test.ts[2m > [22m[2mR5 restricted PostgreSQL request reservations[2m > [22m[2minvalid configuration fails closed: 
[22m[39m{"level":"warn","event":"otp_request_unavailable","reason":"request_or_dispatch_failed"}

[90mstderr[2m | tests/otp-request.db.test.ts[2m > [22m[2mR5 restricted PostgreSQL request reservations[2m > [22m[2minvalid configuration fails closed: 0
[22m[39m{"level":"warn","event":"otp_request_unavailable","reason":"request_or_dispatch_failed"}

[90mstderr[2m | tests/otp-request.db.test.ts[2m > [22m[2mR5 restricted PostgreSQL request reservations[2m > [22m[2minvalid configuration fails closed: 3001
[22m[39m{"level":"warn","event":"otp_request_unavailable","reason":"request_or_dispatch_failed"}

[90mstderr[2m | tests/otp-request.db.test.ts[2m > [22m[2mR5 restricted PostgreSQL request reservations[2m > [22m[2minvalid configuration fails closed: garbage
[22m[39m{"level":"warn","event":"otp_request_unavailable","reason":"request_or_dispatch_failed"}

[90mstderr[2m | tests/otp-request.db.test.ts[2m > [22m[2mR5 restricted PostgreSQL request reservations[2m > [22m[2mmissing/mixed secrets fail both request and verification namespaces
[22m[39m{"level":"warn","event":"otp_request_unavailable","reason":"request_or_dispatch_failed"}

[90mstderr[2m | tests/otp-request.db.test.ts[2m > [22m[2mR5 restricted PostgreSQL request reservations[2m > [22m[2mmissing/mixed secrets fail both request and verification namespaces
[22m[39m{"level":"warn","event":"otp_request_unavailable","reason":"request_or_dispatch_failed"}

[90mstderr[2m | tests/otp-request.db.test.ts[2m > [22m[2mR5 restricted PostgreSQL request reservations[2m > [22m[2mlost claim commit acknowledgement prevents SMS and retry
[22m[39m{"level":"warn","event":"otp_request_unavailable","reason":"request_or_dispatch_failed"}

[90mstderr[2m | tests/otp-request.db.test.ts[2m > [22m[2mR5 restricted PostgreSQL request reservations[2m > [22m[2mrequired cleanup failure denies admission and recovery prunes first
[22m[39m{"level":"warn","event":"otp_request_unavailable","reason":"request_or_dispatch_failed"}

 [32m✓[39m tests/otp-request.db.test.ts [2m([22m[2m24 tests[22m[2m)[22m[33m 3714[2mms[22m[39m
     [33m[2m✓[22m[39m eight simultaneous requests create and dispatch exactly one code [33m 313[2mms[22m[39m
     [33m[2m✓[22m[39m five admissions per rolling hour survive SMS failures and cooldown expiry [33m 554[2mms[22m[39m
     [33m[2m✓[22m[39m request and verification budgets are independent [33m 397[2mms[22m[39m
     [33m[2m✓[22m[39m intent expiry is checked again after waiting on an unchanged OTP lock [33m 1206[2mms[22m[39m
[90mstderr[2m | tests/legacy-replacement.db.test.ts[2m > [22m[2mR8 legacy replacement restricted DB and real bytes[2m > [22m[2mscan rejection and unavailability preserve the previous current object
[22m[39m{"level":"warn","event":"legacy_upload_scan_rejected","status":"FAILED","fileType":"CSV","size":9}

[90mstderr[2m | tests/legacy-replacement.db.test.ts[2m > [22m[2mR8 legacy replacement restricted DB and real bytes[2m > [22m[2mscan rejection and unavailability preserve the previous current object
[22m[39m{"level":"warn","event":"legacy_upload_scan_rejected","status":"UNAVAILABLE","fileType":"CSV","size":9}

[90mstderr[2m | tests/legacy-replacement.db.test.ts[2m > [22m[2mR8 legacy replacement restricted DB and real bytes[2m > [22m[2munlink failure retains irreversible authorization and retries without touching current bytes
[22m[39m{"level":"warn","event":"legacy_file_deletion_retry_required","intentId":"legacy-delete:cmu8ab7fh0036si8awry8aelg"}

[90mstdout[2m | tests/legacy-replacement.db.test.ts[2m > [22m[2mR8 legacy replacement restricted DB and real bytes[2m > [22m[2mtwo certificate action writers cannot overwrite a decision made during staging
[22m[39m{"level":"info","event":"validation_certificate_replaced","applicationId":"cmu8ab92a004xsi8accwt6vni","adminId":"cmu8ab92e004ysi8aq8bon4sx","mobile":"595****3265"}

[90mstdout[2m | tests/legacy-replacement.db.test.ts[2m > [22m[2mR8 legacy replacement restricted DB and real bytes[2m > [22m[2mpayment reservation fences uploads while the provider request is in flight
[22m[39m{"level":"info","event":"payment_start_requested","applicationId":"cmu8ab98o005rsi8a38lkqatl","paymentId":"cmu8ab9dz006rsi8ag7qwcsfp","amountToman":3000000}

[90mstdout[2m | tests/legacy-replacement.db.test.ts[2m > [22m[2mR8 legacy replacement restricted DB and real bytes[2m > [22m[2mpayment reservation fences uploads while the provider request is in flight
[22m[39m{"level":"info","event":"payment_start_succeeded","applicationId":"cmu8ab98o005rsi8a38lkqatl","paymentId":"cmu8ab9dz006rsi8ag7qwcsfp"}

 [32m✓[39m tests/legacy-replacement.db.test.ts [2m([22m[2m29 tests[22m[2m)[22m[33m 3332[2mms[22m[39m
     [33m[2m✓[22m[39m real process death at allocation preserves current bytes and permits fenced recovery [33m 394[2mms[22m[39m
     [33m[2m✓[22m[39m real process death at bytes preserves current bytes and permits fenced recovery [33m 374[2mms[22m[39m
     [33m[2m✓[22m[39m real process death at commit preserves current bytes and permits fenced recovery [33m 554[2mms[22m[39m
     [33m[2m✓[22m[39m real process death at authorization preserves current bytes and permits fenced recovery [33m 573[2mms[22m[39m
 [32m✓[39m tests/admin-enumeration.db.test.ts [2m([22m[2m8 tests[22m[2m)[22m[33m 1962[2mms[22m[39m
     [33m[2m✓[22m[39m identical response with correct side effects: unknown [33m 359[2mms[22m[39m
     [33m[2m✓[22m[39m concurrent distinct unknown probes spend the shared unknown budget without accounts or dispatch [33m 485[2mms[22m[39m
[90mstdout[2m | tests/admin-review.db.test.ts[2m > [22m[2mR11 restricted concurrent review[2m > [22m[2mcompeting completion/correction preserves one note/history/certificate and notification
[22m[39m{"level":"info","event":"submission_status_changed","applicationId":"cmu8abbe30003sibbydqa5nfn","previousStatus":"SUBMITTED","newStatus":"NEEDS_EDIT","adminId":"cmu8abbdw0000sibbywnkbzq4","mobile":"4d5****34ae","hasNote":true,"hasCertificate":false}

[90mstdout[2m | tests/admin-review.db.test.ts[2m > [22m[2mR11 restricted concurrent review[2m > [22m[2mcompletion winner preserves exact certificate and stale correction gets409
[22m[39m{"level":"info","event":"submission_status_changed","applicationId":"cmu8abbga0009sibbituzey1l","previousStatus":"SUBMITTED","newStatus":"VALIDATION_COMPLETED","adminId":"cmu8abbg70006sibboimwtwpx","mobile":"122****5af0","hasNote":true,"hasCertificate":true}

[90mstdout[2m | tests/admin-review.db.test.ts[2m > [22m[2mR11 restricted concurrent review[2m > [22m[2mmissing token and stale browser note cannot silently overwrite
[22m[39m{"level":"info","event":"submission_status_changed","applicationId":"cmu8abbhj000jsibbmw1e79v0","previousStatus":"SUBMITTED","newStatus":"UNDER_REVIEW","adminId":"cmu8abbhg000gsibby3guiglw","mobile":"13d****4f1e","hasNote":true,"hasCertificate":false}

[90mstdout[2m | tests/admin-review.db.test.ts[2m > [22m[2mR11 restricted concurrent review[2m > [22m[2mcertificate stale token maps to HTTP409 and preserves current bytes
[22m[39m{"level":"info","event":"validation_certificate_replaced","applicationId":"cmu8abbk60012sibbj833xkto","adminId":"cmu8abbk3000zsibb484pskpk","mobile":"a8a****72f8"}

[90mstdout[2m | tests/admin-review.db.test.ts[2m > [22m[2mR11 restricted concurrent review[2m > [22m[2mSMS failure cannot undo transition or authorize duplicate retry
[22m[39m{"level":"info","event":"submission_status_changed","applicationId":"cmu8abble001asibbykwp2r2z","previousStatus":"SUBMITTED","newStatus":"NEEDS_EDIT","adminId":"cmu8abbla0017sibbbb5vmk00","mobile":"28c****99b4","hasNote":true,"hasCertificate":false}

[90mstderr[2m | tests/admin-review.db.test.ts[2m > [22m[2mR11 restricted concurrent review[2m > [22m[2mSMS failure cannot undo transition or authorize duplicate retry
[22m[39m{"level":"error","event":"submission_status_sms_failed","applicationId":"cmu8abble001asibbykwp2r2z","newStatus":"NEEDS_EDIT","mobile":"28c****99b4","error":{"name":"Error","message":"synthetic outage","stack":"Error: synthetic outage\n    at /private/var/folders/g_/f5ccnp_51q15by15f4svlw6c0000gn/T/sana-phase12-ixzihxm_/source/tests/admin-review.db.test.ts:68:147\n    at file:///private/var/folders/g_/f5ccnp_51q15by15f4svlw6c0000gn/T/sana-phase12-ixzihxm_/source/node_modules/@vitest/runner/dist/chunk-artifact.js:1903:20"}}

[90mstderr[2m | tests/admin-review.db.test.ts[2m > [22m[2mR11 restricted concurrent review[2m > [22m[2msuccessful SMS plus lost commit acknowledgement never becomes retryable
[22m[39m{"level":"error","event":"facilities_correction_sms_persistence_unconfirmed","applicationId":"r11be8c05ae86834f4881aa67ddb2ff375e-application","correctionRequestId":"cmu8abbww002xsibb26e6w2zh","reasonCode":"PERSISTENCE_UNCONFIRMED","error":{"message":"undefined"}}

[90mstderr[2m | tests/admin-review.db.test.ts[2m > [22m[2mR11 restricted concurrent review[2m > [22m[2muncertain SMS consumes claim and cannot dispatch another send
[22m[39m{"level":"error","event":"facilities_correction_sms_unconfirmed","applicationId":"r116c0f7d157b8d41adbae6bbda4b68162d-application","correctionRequestId":"cmu8abbzt0036sibbmywpbeja","mobile":"use****162d","reasonCode":"DELIVERY_UNCONFIRMED","error":{"message":"undefined"}}

[90mstderr[2m | tests/admin-review.db.test.ts[2m > [22m[2mR11 restricted concurrent review[2m > [22m[2mpostcommit claim failure reports committed correction with uncertain delivery
[22m[39m{"level":"error","event":"facilities_correction_sms_claim_unconfirmed","correctionRequestId":"cmu8abc47003nsibbxbomq26f","reasonCode":"CLAIM_UNCONFIRMED","error":{"message":"undefined"}}

 [32m✓[39m tests/admin-review.db.test.ts [2m([22m[2m20 tests[22m[2m)[22m[33m 1115[2mms[22m[39m
 [32m✓[39m tests/zarinpal-contract.test.ts [2m([22m[2m63 tests[22m[2m)[22m[33m 1034[2mms[22m[39m
     [33m[2m✓[22m[39m actual abort signal bounds a stalled verify without retry [33m 1004[2mms[22m[39m
 [32m✓[39m tests/no-committed-gateway-credentials.test.ts [2m([22m[2m2 tests[22m[2m)[22m[32m 107[2mms[22m[39m
 [32m✓[39m tests/facilities-review-actions.test.ts [2m([22m[2m4 tests[22m[2m)[22m[32m 146[2mms[22m[39m
[90mstderr[2m | tests/facilities-payment-action.test.ts[2m > [22m[2mfacilities payment and submission actions[2m > [22m[2mrecords a late capture when the gateway confirms an attempt that was already closed, and submits
[22m[39m{"level":"warn","event":"facilities_payment_late_capture_recorded","paymentAttemptId":"pay_1","applicationId":"app_1","previousStatus":"FAILED"}

 [32m✓[39m tests/facilities-payment-action.test.ts [2m([22m[2m21 tests[22m[2m)[22m[32m 97[2mms[22m[39m
 [32m✓[39m tests/admin-actions-permissions.test.ts [2m([22m[2m5 tests[22m[2m)[22m[32m 59[2mms[22m[39m
 [32m✓[39m tests/facilities-draft-details-action.test.ts [2m([22m[2m2 tests[22m[2m)[22m[32m 66[2mms[22m[39m
 [32m✓[39m tests/facilities-export.test.ts [2m([22m[2m4 tests[22m[2m)[22m[32m 42[2mms[22m[39m
 [32m✓[39m tests/facilities-files.test.ts [2m([22m[2m15 tests[22m[2m)[22m[32m 33[2mms[22m[39m
 [32m✓[39m tests/client-ip.test.ts [2m([22m[2m3 tests[22m[2m)[22m[32m 24[2mms[22m[39m
 [32m✓[39m tests/facilities-application-wizard.test.tsx [2m([22m[2m5 tests[22m[2m)[22m[32m 32[2mms[22m[39m
 [32m✓[39m tests/auth-request-guard.test.ts [2m([22m[2m58 tests[22m[2m)[22m[32m 28[2mms[22m[39m
 [32m✓[39m tests/payment-callback.test.ts [2m([22m[2m13 tests[22m[2m)[22m[32m 40[2mms[22m[39m
 [32m✓[39m tests/admin-certificate-route.test.ts [2m([22m[2m3 tests[22m[2m)[22m[32m 36[2mms[22m[39m
 [32m✓[39m tests/upload-route.test.ts [2m([22m[2m8 tests[22m[2m)[22m[32m 30[2mms[22m[39m
 [32m✓[39m tests/admin-status-route.test.ts [2m([22m[2m2 tests[22m[2m)[22m[32m 48[2mms[22m[39m
 [32m✓[39m tests/facilities-application-files-route.test.ts [2m([22m[2m7 tests[22m[2m)[22m[32m 24[2mms[22m[39m
 [32m✓[39m tests/status-history-timeline.test.tsx [2m([22m[2m1 test[22m[2m)[22m[32m 25[2mms[22m[39m
 [32m✓[39m tests/admin-export-route.test.ts [2m([22m[2m3 tests[22m[2m)[22m[32m 26[2mms[22m[39m
 [32m✓[39m tests/facilities-payment-callback-route.test.ts [2m([22m[2m3 tests[22m[2m)[22m[32m 39[2mms[22m[39m
 [32m✓[39m tests/facilities-review-ui.test.tsx [2m([22m[2m3 tests[22m[2m)[22m[32m 33[2mms[22m[39m
 [32m✓[39m tests/facilities-m9-release.test.ts [2m([22m[2m10 tests[22m[2m)[22m[32m 20[2mms[22m[39m
 [32m✓[39m tests/facilities-export-route.test.ts [2m([22m[2m3 tests[22m[2m)[22m[32m 17[2mms[22m[39m
 [32m✓[39m tests/health-route.test.ts [2m([22m[2m2 tests[22m[2m)[22m[32m 21[2mms[22m[39m
 [32m✓[39m tests/private-document-read.test.ts [2m([22m[2m10 tests[22m[2m)[22m[32m 22[2mms[22m[39m
 [32m✓[39m tests/upload-request-guards.test.ts [2m([22m[2m3 tests[22m[2m)[22m[32m 24[2mms[22m[39m
[90mstderr[2m | tests/auth-actions.test.ts[2m > [22m[2mauth actions[2m > [22m[2mkeeps code entry available on uncertain delivery without retrying SMS
[22m[39m{"level":"warn","event":"otp_sms_unconfirmed","reason":"delivery_unconfirmed"}

[90mstderr[2m | tests/auth-actions.test.ts[2m > [22m[2mauth actions[2m > [22m[2mdoes not dispatch after claim failure
[22m[39m{"level":"warn","event":"otp_request_unavailable","reason":"request_or_dispatch_failed"}

[90mstderr[2m | tests/auth-actions.test.ts[2m > [22m[2mauth actions[2m > [22m[2mfails closed before comparison on database failure
[22m[39m{"level":"warn","event":"otp_verify_unavailable","reason":"verification_failed"}

[90mstderr[2m | tests/auth-actions.test.ts[2m > [22m[2mauth actions[2m > [22m[2muniform admin response on sms uncertainty, with padding and no replay
[22m[39m{"level":"warn","event":"admin_otp_unconfirmed","reason":"request_or_delivery_unconfirmed"}

[90mstderr[2m | tests/auth-actions.test.ts[2m > [22m[2mauth actions[2m > [22m[2muniform admin response on lookup uncertainty, with padding and no replay
[22m[39m{"level":"warn","event":"admin_otp_unconfirmed","reason":"request_or_delivery_unconfirmed"}

[90mstderr[2m | tests/auth-actions.test.ts[2m > [22m[2mauth actions[2m > [22m[2muniform admin response on claim uncertainty, with padding and no replay
[22m[39m{"level":"warn","event":"admin_otp_unconfirmed","reason":"request_or_delivery_unconfirmed"}

 [32m✓[39m tests/auth-actions.test.ts [2m([22m[2m20 tests[22m[2m)[22m[32m 14[2mms[22m[39m
 [32m✓[39m tests/otp-verification-route.test.ts [2m([22m[2m1 test[22m[2m)[22m[32m 15[2mms[22m[39m
 [32m✓[39m tests/otp-request-route.test.ts [2m([22m[2m2 tests[22m[2m)[22m[32m 16[2mms[22m[39m
[90mstderr[2m | tests/upload-validation.test.ts[2m > [22m[2mlegacy upload scanning[2m > [22m[2mrejects files the configured scanner flags or cannot scan, writing nothing
[22m[39m{"level":"warn","event":"legacy_upload_scan_rejected","status":"FAILED","reason":"MALWARE_DETECTED","fileType":"PDF","size":60}

[90mstderr[2m | tests/upload-validation.test.ts[2m > [22m[2mlegacy upload scanning[2m > [22m[2mrejects files the configured scanner flags or cannot scan, writing nothing
[22m[39m{"level":"warn","event":"legacy_upload_scan_rejected","status":"UNAVAILABLE","reason":"SCANNER_UNAVAILABLE","fileType":"PDF","size":60}

[90mstderr[2m | tests/upload-validation.test.ts[2m > [22m[2mlegacy upload scanning[2m > [22m[2mfails closed when no scanner is configured at all, and scans when one is
[22m[39m{"level":"error","event":"legacy_upload_scanner_not_configured","fileType":"PDF","size":60,"error":{"message":"undefined"}}

 [32m✓[39m tests/upload-validation.test.ts [2m([22m[2m12 tests[22m[2m)[22m[32m 15[2mms[22m[39m
 [32m✓[39m tests/admin-human-resources.test.ts [2m([22m[2m4 tests[22m[2m)[22m[32m 15[2mms[22m[39m
 [32m✓[39m tests/protected-file-route.test.ts [2m([22m[2m5 tests[22m[2m)[22m[32m 16[2mms[22m[39m
 [32m✓[39m tests/facilities-private-file-route.test.ts [2m([22m[2m8 tests[22m[2m)[22m[32m 16[2mms[22m[39m
 [32m✓[39m tests/facilities-admin-file-route.test.ts [2m([22m[2m3 tests[22m[2m)[22m[32m 14[2mms[22m[39m
 [32m✓[39m tests/payment-return-page.test.tsx [2m([22m[2m8 tests[22m[2m)[22m[32m 15[2mms[22m[39m
 [32m✓[39m tests/prune-auth-verification.test.ts [2m([22m[2m1 test[22m[2m)[22m[32m 8[2mms[22m[39m
 [32m✓[39m tests/admin-readonly-ui.test.tsx [2m([22m[2m3 tests[22m[2m)[22m[32m 14[2mms[22m[39m
 [32m✓[39m tests/validation-certificate-panel.test.tsx [2m([22m[2m3 tests[22m[2m)[22m[32m 13[2mms[22m[39m
 [32m✓[39m tests/zarinpal.test.ts [2m([22m[2m12 tests[22m[2m)[22m[32m 13[2mms[22m[39m
[90mstdout[2m | tests/sms-index.test.ts[2m > [22m[2msendSms[2m > [22m[2mcan send through the provider outside production when explicitly enabled
[22m[39m{"level":"info","event":"sms_send_started","to":"091****6789","template":"sanaotp"}

[90mstdout[2m | tests/sms-index.test.ts[2m > [22m[2msendSms[2m > [22m[2mcan send through the provider outside production when explicitly enabled
[22m[39m{"level":"info","event":"sms_send_succeeded","to":"091****6789","template":"sanaotp"}

[90mstdout[2m | tests/sms-index.test.ts[2m > [22m[2msendSms[2m > [22m[2mdoes not confirm malformed or rejected provider result {}
[22m[39m{"level":"info","event":"sms_send_started","to":"091****6789"}

[90mstderr[2m | tests/sms-index.test.ts[2m > [22m[2msendSms[2m > [22m[2mdoes not confirm malformed or rejected provider result {}
[22m[39m{"level":"warn","event":"sms_send_failed","to":"091****6789"}

[90mstdout[2m | tests/sms-index.test.ts[2m > [22m[2msendSms[2m > [22m[2mdoes not confirm malformed or rejected provider result null
[22m[39m{"level":"info","event":"sms_send_started","to":"091****6789"}

[90mstderr[2m | tests/sms-index.test.ts[2m > [22m[2msendSms[2m > [22m[2mdoes not confirm malformed or rejected provider result null
[22m[39m{"level":"warn","event":"sms_send_failed","to":"091****6789"}

[90mstdout[2m | tests/sms-index.test.ts[2m > [22m[2msendSms[2m > [22m[2mdoes not confirm malformed or rejected provider result {"IsSuccess":false,"Message":"private-provider-text"}
[22m[39m{"level":"info","event":"sms_send_started","to":"091****6789"}

[90mstderr[2m | tests/sms-index.test.ts[2m > [22m[2msendSms[2m > [22m[2mdoes not confirm malformed or rejected provider result {"IsSuccess":false,"Message":"private-provider-text"}
[22m[39m{"level":"warn","event":"sms_send_failed","to":"091****6789"}

[90mstdout[2m | tests/sms-index.test.ts[2m > [22m[2msendSms[2m > [22m[2mdoes not confirm malformed or rejected provider result {"result":"error"}
[22m[39m{"level":"info","event":"sms_send_started","to":"091****6789"}

[90mstderr[2m | tests/sms-index.test.ts[2m > [22m[2msendSms[2m > [22m[2mdoes not confirm malformed or rejected provider result {"result":"error"}
[22m[39m{"level":"warn","event":"sms_send_failed","to":"091****6789"}

 [32m✓[39m tests/sms-index.test.ts [2m([22m[2m6 tests[22m[2m)[22m[32m 11[2mms[22m[39m
 [32m✓[39m tests/final-payment-step.test.tsx [2m([22m[2m3 tests[22m[2m)[22m[32m 9[2mms[22m[39m
 [32m✓[39m tests/validation-certificate-download.test.tsx [2m([22m[2m2 tests[22m[2m)[22m[32m 8[2mms[22m[39m
 [32m✓[39m tests/status-history-timeline-item.test.tsx [2m([22m[2m1 test[22m[2m)[22m[32m 7[2mms[22m[39m
 [32m✓[39m tests/pagination.test.ts [2m([22m[2m3 tests[22m[2m)[22m[32m 5[2mms[22m[39m
[90mstderr[2m | tests/ghasedak.test.ts[2m > [22m[2mGhasedak SMS adapter[2m > [22m[2mrefuses a plain-http base URL in production unless explicitly overridden
[22m[39m{"level":"warn","event":"sms_insecure_transport","reason":"GHASEDAK_ALLOW_INSECURE_HTTP"}

 [32m✓[39m tests/ghasedak.test.ts [2m([22m[2m5 tests[22m[2m)[22m[32m 6[2mms[22m[39m
 [32m✓[39m tests/validation/auth.test.ts [2m([22m[2m5 tests[22m[2m)[22m[32m 3[2mms[22m[39m
 [32m✓[39m tests/facilities-editable-snapshot.test.ts [2m([22m[2m5 tests[22m[2m)[22m[32m 7[2mms[22m[39m
 [32m✓[39m tests/facilities-config-validation.test.ts [2m([22m[2m3 tests[22m[2m)[22m[32m 5[2mms[22m[39m
 [32m✓[39m tests/export-submissions.test.ts [2m([22m[2m3 tests[22m[2m)[22m[32m 7[2mms[22m[39m
 [32m✓[39m tests/facilities-audit-loader.test.ts [2m([22m[2m2 tests[22m[2m)[22m[32m 6[2mms[22m[39m
 [32m✓[39m tests/facilities-reconciliation.test.ts [2m([22m[2m6 tests[22m[2m)[22m[32m 7[2mms[22m[39m
 [32m✓[39m tests/upload-rate-limit.test.ts [2m([22m[2m3 tests[22m[2m)[22m[32m 3[2mms[22m[39m
 [32m✓[39m tests/facilities-scan-semaphore.test.ts [2m([22m[2m3 tests[22m[2m)[22m[32m 6[2mms[22m[39m
 [32m✓[39m tests/status-history-note.test.tsx [2m([22m[2m1 test[22m[2m)[22m[32m 7[2mms[22m[39m
 [32m✓[39m tests/dashboard-evaluation-notice.test.tsx [2m([22m[2m1 test[22m[2m)[22m[32m 6[2mms[22m[39m
 [32m✓[39m tests/validation/application.test.ts [2m([22m[2m7 tests[22m[2m)[22m[32m 6[2mms[22m[39m
 [32m✓[39m tests/facilities-profile-lock.test.ts [2m([22m[2m6 tests[22m[2m)[22m[32m 5[2mms[22m[39m
 [32m✓[39m tests/logger.test.ts [2m([22m[2m3 tests[22m[2m)[22m[32m 6[2mms[22m[39m
 [32m✓[39m tests/facilities-submission-validation.test.ts [2m([22m[2m3 tests[22m[2m)[22m[32m 5[2mms[22m[39m
 [32m✓[39m tests/export-submissions-cap.test.ts [2m([22m[2m2 tests[22m[2m)[22m[32m 4[2mms[22m[39m
 [32m✓[39m tests/admin-response.test.ts [2m([22m[2m6 tests[22m[2m)[22m[32m 5[2mms[22m[39m
 [32m✓[39m tests/facilities-review-status.test.ts [2m([22m[2m2 tests[22m[2m)[22m[32m 3[2mms[22m[39m
 [32m✓[39m tests/facilities-export-loading.test.ts [2m([22m[2m2 tests[22m[2m)[22m[32m 4[2mms[22m[39m
 [32m✓[39m tests/facilities-retention.test.ts [2m([22m[2m2 tests[22m[2m)[22m[32m 3[2mms[22m[39m
 [32m✓[39m tests/facilities-audit.test.ts [2m([22m[2m2 tests[22m[2m)[22m[32m 4[2mms[22m[39m
 [32m✓[39m tests/payment-status-relationship.test.ts [2m([22m[2m2 tests[22m[2m)[22m[32m 3[2mms[22m[39m
 [32m✓[39m tests/sms-messages.test.ts [2m([22m[2m4 tests[22m[2m)[22m[32m 2[2mms[22m[39m
 [32m✓[39m tests/status-history-format.test.ts [2m([22m[2m2 tests[22m[2m)[22m[32m 2[2mms[22m[39m
 [32m✓[39m tests/status-labels.test.ts [2m([22m[2m2 tests[22m[2m)[22m[32m 2[2mms[22m[39m
 [32m✓[39m tests/facilities-payment-state.test.ts [2m([22m[2m2 tests[22m[2m)[22m[32m 2[2mms[22m[39m
 [32m✓[39m tests/facilities-payment-notice.test.ts [2m([22m[2m5 tests[22m[2m)[22m[32m 2[2mms[22m[39m
 [32m✓[39m tests/security-headers.test.ts [2m([22m[2m3 tests[22m[2m)[22m[32m 3[2mms[22m[39m
 [32m✓[39m tests/admin-permissions.test.ts [2m([22m[2m3 tests[22m[2m)[22m[32m 3[2mms[22m[39m
 [32m✓[39m tests/application-access.test.ts [2m([22m[2m3 tests[22m[2m)[22m[32m 2[2mms[22m[39m
 [32m✓[39m tests/status-transitions.test.ts [2m([22m[2m4 tests[22m[2m)[22m[32m 3[2mms[22m[39m

[31m⎯⎯⎯⎯⎯⎯⎯[39m[1m[41m Failed Tests 3 [49m[22m[31m⎯⎯⎯⎯⎯⎯⎯[39m

[41m[1m FAIL [22m[49m tests/payment-coordination.db.test.ts[2m > [22mR2 real PostgreSQL restricted-role coordination[2m > [22mR1 delayed admin decision loses to resubmission with no stale history or SMS
[31m[1mAssertionError[22m: expected Error: نشست مدیریت تغییر کرده است. دوباره… { status: … } to match object { status: 409, …(1) }[39m

[32m- Expected[39m
[31m+ Received[39m

[32m- {[39m
[32m-   "message": StringContaining "تازه‌سازی",[39m
[32m-   "status": 409,[39m
[31m+ ActionError {[39m
[31m+   "status": 401,[39m
[2m  }[22m

[36m [2m❯[22m tests/payment-coordination.db.test.ts:[2m252:29[22m[39m
    [90m250|[39m     const reviewing = changeSubmissionStatus(form).catch(e => e); awai…
    [90m251|[39m     [35mawait[39m [34mstartPayment[39m(draft)[33m;[39m b[33m.[39m[34mrelease[39m()[33m;[39m
    [90m252|[39m     expect(await reviewing).toMatchObject({ status: 409, message: expe…
    [90m   |[39m                             [31m^[39m
    [90m253|[39m     [34mexpect[39m(([35mawait[39m [34mpayment[39m())[33m.[39mapplication[33m.[39mstatus)[33m.[39m[34mtoBe[39m([32m"SUBMITTED"[39m)[33m;[39m
    [90m254|[39m     expect(await db.statusHistory.count({ where: { applicationId: appI…

[31m[2m⎯⎯⎯⎯⎯⎯⎯⎯⎯⎯⎯⎯⎯⎯⎯⎯⎯⎯⎯⎯⎯⎯⎯⎯[1/3]⎯[22m[39m

[41m[1m FAIL [22m[49m tests/payment-coordination.db.test.ts[2m > [22mR2 real PostgreSQL restricted-role coordination[2m > [22mR1 admin decision winning before resubmit preserves actual review history
[31m[1mError[22m: نشست مدیریت تغییر کرده است. دوباره وارد شوید.[39m
[36m [2m❯[22m requireLockedReviewAdmin lib/admin/review-guard.ts:[2m20:36[22m[39m
    [90m 18|[39m   [35mtry[39m { subjectId [33m=[39m ([35mawait[39m [34mrequireSession[39m([32m"admin"[39m))[33m.[39msubjectId[33m;[39m }
    [90m 19|[39m   catch { throw new ActionError("نشست شما پایان یافته است. دوباره وارد…
    [90m 20|[39m   if (subjectId !== adminId) throw new ActionError("نشست مدیریت تغییر …
    [90m   |[39m                                    [31m^[39m
    [90m 21|[39m   await tx.$queryRaw`SELECT public.lock_review_admin(${adminId})::text…
    [90m 22|[39m   [35mconst[39m admin [33m=[39m [35mawait[39m tx[33m.[39madmin[33m.[39m[34mfindUnique[39m({ where[33m:[39m { id[33m:[39m adminId } })[33m;[39m
[90m [2m❯[22m lib/actions/admin.ts:[2m126:7[22m[39m
[90m [2m❯[22m Proxy._transactionWithCallback node_modules/@prisma/client/src/runtime/getPrismaClient.ts:[2m722:17[22m[39m
[90m [2m❯[22m Module.changeSubmissionStatus lib/actions/admin.ts:[2m124:5[22m[39m
[90m [2m❯[22m tests/payment-coordination.db.test.ts:[2m267:5[22m[39m

[31m[2m⎯⎯⎯⎯⎯⎯⎯⎯⎯⎯⎯⎯⎯⎯⎯⎯⎯⎯⎯⎯⎯⎯⎯⎯[2/3]⎯[22m[39m

[41m[1m FAIL [22m[49m tests/payment-coordination.db.test.ts[2m > [22mR2 real PostgreSQL restricted-role coordination[2m > [22mR1 conflicting completion retains candidate for journalled cleanup and preserves existing certificate
[31m[1mError[22m: نشست مدیریت تغییر کرده است. دوباره وارد شوید.[39m
[36m [2m❯[22m requireLockedReviewAdmin lib/admin/review-guard.ts:[2m20:36[22m[39m
    [90m 18|[39m   [35mtry[39m { subjectId [33m=[39m ([35mawait[39m [34mrequireSession[39m([32m"admin"[39m))[33m.[39msubjectId[33m;[39m }
    [90m 19|[39m   catch { throw new ActionError("نشست شما پایان یافته است. دوباره وارد…
    [90m 20|[39m   if (subjectId !== adminId) throw new ActionError("نشست مدیریت تغییر …
    [90m   |[39m                                    [31m^[39m
    [90m 21|[39m   await tx.$queryRaw`SELECT public.lock_review_admin(${adminId})::text…
    [90m 22|[39m   [35mconst[39m admin [33m=[39m [35mawait[39m tx[33m.[39madmin[33m.[39m[34mfindUnique[39m({ where[33m:[39m { id[33m:[39m adminId } })[33m;[39m
[90m [2m❯[22m lib/actions/admin.ts:[2m126:7[22m[39m
[90m [2m❯[22m Proxy._transactionWithCallback node_modules/@prisma/client/src/runtime/getPrismaClient.ts:[2m722:17[22m[39m
[90m [2m❯[22m Module.changeSubmissionStatus lib/actions/admin.ts:[2m124:5[22m[39m
[90m [2m❯[22m tests/payment-coordination.db.test.ts:[2m317:7[22m[39m

[31m[2m⎯⎯⎯⎯⎯⎯⎯⎯⎯⎯⎯⎯⎯⎯⎯⎯⎯⎯⎯⎯⎯⎯⎯⎯[3/3]⎯[22m[39m


[2m Test Files [22m [1m[31m1 failed[39m[22m[2m | [22m[1m[32m84 passed[39m[22m[90m (85)[39m
[2m      Tests [22m [1m[31m3 failed[39m[22m[2m | [22m[1m[32m689 passed[39m[22m[90m (692)[39m
[2m   Start at [22m 14:37:27
[2m   Duration [22m 101.21s[2m (transform 1.36s, setup 0ms, import 6.10s, tests 85.98s, environment 6ms)[22m

