(!) Your Vite config uses features that are unsupported by `configLoader: 'native'`, which is planned to become the default in a future major version of Vite:
  - ESM syntax in a file loaded as CommonJS (vitest.config.ts:1:1). Use a `.mjs` extension or set `"type": "module"` in the closest package.json
Set `VITE_CONFIG_NATIVE_IGNORE_WARNING=true` to suppress this warning.

[1m[30m[46m RUN [49m[39m[22m [36mv4.1.11 [39m[90m/private/var/folders/g_/f5ccnp_51q15by15f4svlw6c0000gn/T/sana-phase12-ixzihxm_/source[39m

(node:54645) [DEP0205] DeprecationWarning: `module.register()` is deprecated. Use `module.registerHooks()` instead.
(Use `node --trace-deprecation ...` to show where the warning was created)
[90mstdout[2m | tests/payment-coordination.db.test.ts[2m > [22m[2mR2 real PostgreSQL restricted-role coordination[2m > [22m[2mR12 legacy request and verification use the stored obligation amount
[22m[39m{"level":"info","event":"payment_start_requested","applicationId":"cmu8a47f10001si6okly6eokp","paymentId":"cmu8a47gc0005si6or8dedojk","amountToman":765432}

[90mstdout[2m | tests/payment-coordination.db.test.ts[2m > [22m[2mR2 real PostgreSQL restricted-role coordination[2m > [22m[2mR12 legacy request and verification use the stored obligation amount
[22m[39m{"level":"info","event":"payment_start_succeeded","applicationId":"cmu8a47f10001si6okly6eokp","paymentId":"cmu8a47gc0005si6or8dedojk"}

[90mstdout[2m | tests/payment-coordination.db.test.ts[2m > [22m[2mR2 real PostgreSQL restricted-role coordination[2m > [22m[2mR12 legacy request and verification use the stored obligation amount
[22m[39m{"level":"info","event":"payment_verification_succeeded","paymentId":"cmu8a47gc0005si6or8dedojk","applicationId":"cmu8a47f10001si6okly6eokp","referenceId":"201"}

[90mstdout[2m | tests/payment-coordination.db.test.ts[2m > [22m[2mR2 real PostgreSQL restricted-role coordination[2m > [22m[2mR12 malformed verify 0 blocks forged success, new charge and remote replay
[22m[39m{"level":"info","event":"payment_start_requested","applicationId":"cmu8a47ir000bsi6okmzr5alp","paymentId":"cmu8a47j4000fsi6o4t0unhyw","amountToman":3000000}

[90mstdout[2m | tests/payment-coordination.db.test.ts[2m > [22m[2mR2 real PostgreSQL restricted-role coordination[2m > [22m[2mR12 malformed verify 0 blocks forged success, new charge and remote replay
[22m[39m{"level":"info","event":"payment_start_succeeded","applicationId":"cmu8a47ir000bsi6okmzr5alp","paymentId":"cmu8a47j4000fsi6o4t0unhyw"}

[90mstdout[2m | tests/payment-coordination.db.test.ts[2m > [22m[2mR2 real PostgreSQL restricted-role coordination[2m > [22m[2mR12 malformed verify 1 blocks forged success, new charge and remote replay
[22m[39m{"level":"info","event":"payment_start_requested","applicationId":"cmu8a47lj000jsi6ol3cae638","paymentId":"cmu8a47m1000nsi6oyzoekfk5","amountToman":3000000}

[90mstdout[2m | tests/payment-coordination.db.test.ts[2m > [22m[2mR2 real PostgreSQL restricted-role coordination[2m > [22m[2mR12 malformed verify 1 blocks forged success, new charge and remote replay
[22m[39m{"level":"info","event":"payment_start_succeeded","applicationId":"cmu8a47lj000jsi6ol3cae638","paymentId":"cmu8a47m1000nsi6oyzoekfk5"}

[90mstdout[2m | tests/payment-coordination.db.test.ts[2m > [22m[2mR2 real PostgreSQL restricted-role coordination[2m > [22m[2mR12 malformed verify 2 blocks forged success, new charge and remote replay
[22m[39m{"level":"info","event":"payment_start_requested","applicationId":"cmu8a47o4000rsi6orvs526iz","paymentId":"cmu8a47ol000vsi6oodngbv27","amountToman":3000000}

[90mstdout[2m | tests/payment-coordination.db.test.ts[2m > [22m[2mR2 real PostgreSQL restricted-role coordination[2m > [22m[2mR12 malformed verify 2 blocks forged success, new charge and remote replay
[22m[39m{"level":"info","event":"payment_start_succeeded","applicationId":"cmu8a47o4000rsi6orvs526iz","paymentId":"cmu8a47ol000vsi6oodngbv27"}

[90mstdout[2m | tests/payment-coordination.db.test.ts[2m > [22m[2mR2 real PostgreSQL restricted-role coordination[2m > [22m[2mR12 malformed verify 3 blocks forged success, new charge and remote replay
[22m[39m{"level":"info","event":"payment_start_requested","applicationId":"cmu8a47qc000zsi6oi6q0gt9v","paymentId":"cmu8a47qr0013si6ocvdbvzrd","amountToman":3000000}

[90mstdout[2m | tests/payment-coordination.db.test.ts[2m > [22m[2mR2 real PostgreSQL restricted-role coordination[2m > [22m[2mR12 malformed verify 3 blocks forged success, new charge and remote replay
[22m[39m{"level":"info","event":"payment_start_succeeded","applicationId":"cmu8a47qc000zsi6oi6q0gt9v","paymentId":"cmu8a47qr0013si6ocvdbvzrd"}

[90mstdout[2m | tests/payment-coordination.db.test.ts[2m > [22m[2mR2 real PostgreSQL restricted-role coordination[2m > [22m[2mR12 malformed request cannot create a payable URL or another attempt
[22m[39m{"level":"info","event":"payment_start_requested","applicationId":"cmu8a47sh0017si6o7dha1r97","paymentId":"cmu8a47su001bsi6o3nz2qakc","amountToman":3000000}

[90mstderr[2m | tests/payment-coordination.db.test.ts[2m > [22m[2mR2 real PostgreSQL restricted-role coordination[2m > [22m[2mR12 malformed request cannot create a payable URL or another attempt
[22m[39m{"level":"error","event":"payment_start_failed","applicationId":"cmu8a47sh0017si6o7dha1r97","paymentId":"cmu8a47su001bsi6o3nz2qakc","error":{"name":"ZarinpalUnavailableError","message":"Zarinpal unavailable: MALFORMED_RESPONSE","stack":"ZarinpalUnavailableError: Zarinpal unavailable: MALFORMED_RESPONSE\n    at requestZarinpalPayment (/private/var/folders/g_/f5ccnp_51q15by15f4svlw6c0000gn/T/sana-phase12-ixzihxm_/source/lib/payments/zarinpal.ts:112:11)\n    at Module.startPayment (/private/var/folders/g_/f5ccnp_51q15by15f4svlw6c0000gn/T/sana-phase12-ixzihxm_/source/lib/actions/payment.ts:139:16)\n    at /private/var/folders/g_/f5ccnp_51q15by15f4svlw6c0000gn/T/sana-phase12-ixzihxm_/source/tests/payment-coordination.db.test.ts:131:12\n    at file:///private/var/folders/g_/f5ccnp_51q15by15f4svlw6c0000gn/T/sana-phase12-ixzihxm_/source/node_modules/@vitest/runner/dist/chunk-artifact.js:1903:20"}}

[90mstdout[2m | tests/payment-coordination.db.test.ts[2m > [22m[2mR2 real PostgreSQL restricted-role coordination[2m > [22m[2mR12 forged browser authority cannot reach the provider
[22m[39m{"level":"info","event":"payment_start_requested","applicationId":"cmu8a47tm001esi6oaduxpcp9","paymentId":"cmu8a47u0001isi6oeaqok8wy","amountToman":3000000}

[90mstdout[2m | tests/payment-coordination.db.test.ts[2m > [22m[2mR2 real PostgreSQL restricted-role coordination[2m > [22m[2mR12 forged browser authority cannot reach the provider
[22m[39m{"level":"info","event":"payment_start_succeeded","applicationId":"cmu8a47tm001esi6oaduxpcp9","paymentId":"cmu8a47u0001isi6oeaqok8wy"}

[90mstderr[2m | tests/payment-coordination.db.test.ts[2m > [22m[2mR2 real PostgreSQL restricted-role coordination[2m > [22m[2mR12 forged browser authority cannot reach the provider
[22m[39m{"level":"warn","event":"payment_callback_rejected","paymentId":"cmu8a47u0001isi6oeaqok8wy","reason":"payment_not_found_or_authority_mismatch"}

[90mstdout[2m | tests/payment-coordination.db.test.ts[2m > [22m[2mR2 real PostgreSQL restricted-role coordination[2m > [22m[2mR12 explicit rejection then 101 recovers only original authority and settles once
[22m[39m{"level":"info","event":"payment_start_requested","applicationId":"cmu8a47un001lsi6o2qo8sobn","paymentId":"cmu8a47v0001psi6oe1m414hf","amountToman":3000000}

[90mstdout[2m | tests/payment-coordination.db.test.ts[2m > [22m[2mR2 real PostgreSQL restricted-role coordination[2m > [22m[2mR12 explicit rejection then 101 recovers only original authority and settles once
[22m[39m{"level":"info","event":"payment_start_succeeded","applicationId":"cmu8a47un001lsi6o2qo8sobn","paymentId":"cmu8a47v0001psi6oe1m414hf"}

[90mstdout[2m | tests/payment-coordination.db.test.ts[2m > [22m[2mR2 real PostgreSQL restricted-role coordination[2m > [22m[2mR12 explicit rejection then 101 recovers only original authority and settles once
[22m[39m{"level":"info","event":"payment_verification_succeeded","paymentId":"cmu8a47v0001psi6oe1m414hf","applicationId":"cmu8a47un001lsi6o2qo8sobn","referenceId":"202"}

[90mstdout[2m | tests/payment-coordination.db.test.ts[2m > [22m[2mR2 real PostgreSQL restricted-role coordination[2m > [22m[2mR1 delayed NOK snapshot cannot undo a committed success
[22m[39m{"level":"info","event":"payment_start_requested","applicationId":"cmu8a480w002asi6oqubfyp69","paymentId":"cmu8a4819002esi6oigh4zwin","amountToman":3000000}

[90mstdout[2m | tests/payment-coordination.db.test.ts[2m > [22m[2mR2 real PostgreSQL restricted-role coordination[2m > [22m[2mR1 delayed NOK snapshot cannot undo a committed success
[22m[39m{"level":"info","event":"payment_start_succeeded","applicationId":"cmu8a480w002asi6oqubfyp69","paymentId":"cmu8a4819002esi6oigh4zwin"}

[90mstdout[2m | tests/payment-coordination.db.test.ts[2m > [22m[2mR2 real PostgreSQL restricted-role coordination[2m > [22m[2mR1 delayed NOK snapshot cannot undo a committed success
[22m[39m{"level":"info","event":"payment_verification_succeeded","paymentId":"cmu8a4819002esi6oigh4zwin","applicationId":"cmu8a480w002asi6oqubfyp69","referenceId":"201"}

[90mstderr[2m | tests/payment-coordination.db.test.ts[2m > [22m[2mR2 real PostgreSQL restricted-role coordination[2m > [22m[2mR1 delayed NOK snapshot cannot undo a committed success
[22m[39m{"level":"warn","event":"admin_submission_notification_skipped","applicationId":"cmu8a480w002asi6oqubfyp69","reason":"missing_admin_alert_mobile"}

[90mstdout[2m | tests/payment-coordination.db.test.ts[2m > [22m[2mR2 real PostgreSQL restricted-role coordination[2m > [22m[2mR1 delayed NOK snapshot cannot undo a committed success
[22m[39m{"level":"info","event":"user_submission_notification_sent","applicationId":"cmu8a480w002asi6oqubfyp69"}

[90mstdout[2m | tests/payment-coordination.db.test.ts[2m > [22m[2mR2 real PostgreSQL restricted-role coordination[2m > [22m[2mR1 late capture preserves SUBMITTED and does not invent a submission
[22m[39m{"level":"info","event":"payment_start_requested","applicationId":"cmu8a4836002ksi6owl059yph","paymentId":"cmu8a483j002osi6ooegd7vs6","amountToman":3000000}

[90mstdout[2m | tests/payment-coordination.db.test.ts[2m > [22m[2mR2 real PostgreSQL restricted-role coordination[2m > [22m[2mR1 late capture preserves SUBMITTED and does not invent a submission
[22m[39m{"level":"info","event":"payment_start_succeeded","applicationId":"cmu8a4836002ksi6owl059yph","paymentId":"cmu8a483j002osi6ooegd7vs6"}

[90mstdout[2m | tests/payment-coordination.db.test.ts[2m > [22m[2mR2 real PostgreSQL restricted-role coordination[2m > [22m[2mR1 late capture preserves SUBMITTED and does not invent a submission
[22m[39m{"level":"info","event":"payment_verification_succeeded","paymentId":"cmu8a483j002osi6ooegd7vs6","applicationId":"cmu8a4836002ksi6owl059yph","referenceId":"201"}

[90mstdout[2m | tests/payment-coordination.db.test.ts[2m > [22m[2mR2 real PostgreSQL restricted-role coordination[2m > [22m[2mR1 late capture preserves UNDER_REVIEW and does not invent a submission
[22m[39m{"level":"info","event":"payment_start_requested","applicationId":"cmu8a484y002ssi6olajnlr82","paymentId":"cmu8a485b002wsi6o97k81li4","amountToman":3000000}

[90mstdout[2m | tests/payment-coordination.db.test.ts[2m > [22m[2mR2 real PostgreSQL restricted-role coordination[2m > [22m[2mR1 late capture preserves UNDER_REVIEW and does not invent a submission
[22m[39m{"level":"info","event":"payment_start_succeeded","applicationId":"cmu8a484y002ssi6olajnlr82","paymentId":"cmu8a485b002wsi6o97k81li4"}

[90mstdout[2m | tests/payment-coordination.db.test.ts[2m > [22m[2mR2 real PostgreSQL restricted-role coordination[2m > [22m[2mR1 late capture preserves UNDER_REVIEW and does not invent a submission
[22m[39m{"level":"info","event":"payment_verification_succeeded","paymentId":"cmu8a485b002wsi6o97k81li4","applicationId":"cmu8a484y002ssi6olajnlr82","referenceId":"201"}

[90mstdout[2m | tests/payment-coordination.db.test.ts[2m > [22m[2mR2 real PostgreSQL restricted-role coordination[2m > [22m[2mR1 late capture preserves NEEDS_EDIT and does not invent a submission
[22m[39m{"level":"info","event":"payment_start_requested","applicationId":"cmu8a486k0030si6oky5eo2yh","paymentId":"cmu8a486z0034si6op5b1041i","amountToman":3000000}

[90mstdout[2m | tests/payment-coordination.db.test.ts[2m > [22m[2mR2 real PostgreSQL restricted-role coordination[2m > [22m[2mR1 late capture preserves NEEDS_EDIT and does not invent a submission
[22m[39m{"level":"info","event":"payment_start_succeeded","applicationId":"cmu8a486k0030si6oky5eo2yh","paymentId":"cmu8a486z0034si6op5b1041i"}

[90mstdout[2m | tests/payment-coordination.db.test.ts[2m > [22m[2mR2 real PostgreSQL restricted-role coordination[2m > [22m[2mR1 late capture preserves NEEDS_EDIT and does not invent a submission
[22m[39m{"level":"info","event":"payment_verification_succeeded","paymentId":"cmu8a486z0034si6op5b1041i","applicationId":"cmu8a486k0030si6oky5eo2yh","referenceId":"201"}

[90mstdout[2m | tests/payment-coordination.db.test.ts[2m > [22m[2mR2 real PostgreSQL restricted-role coordination[2m > [22m[2mR1 late capture preserves VALIDATION_COMPLETED and does not invent a submission
[22m[39m{"level":"info","event":"payment_start_requested","applicationId":"cmu8a488b0038si6ol7rc7l7s","paymentId":"cmu8a488q003csi6o2b7z0g6y","amountToman":3000000}

[90mstdout[2m | tests/payment-coordination.db.test.ts[2m > [22m[2mR2 real PostgreSQL restricted-role coordination[2m > [22m[2mR1 late capture preserves VALIDATION_COMPLETED and does not invent a submission
[22m[39m{"level":"info","event":"payment_start_succeeded","applicationId":"cmu8a488b0038si6ol7rc7l7s","paymentId":"cmu8a488q003csi6o2b7z0g6y"}

[90mstdout[2m | tests/payment-coordination.db.test.ts[2m > [22m[2mR2 real PostgreSQL restricted-role coordination[2m > [22m[2mR1 late capture preserves VALIDATION_COMPLETED and does not invent a submission
[22m[39m{"level":"info","event":"payment_verification_succeeded","paymentId":"cmu8a488q003csi6o2b7z0g6y","applicationId":"cmu8a488b0038si6ol7rc7l7s","referenceId":"201"}

[90mstdout[2m | tests/payment-coordination.db.test.ts[2m > [22m[2mR2 real PostgreSQL restricted-role coordination[2m > [22m[2mR1 late request completion cannot reset a later review status
[22m[39m{"level":"info","event":"payment_start_requested","applicationId":"cmu8a48a0003gsi6okd42vnyo","paymentId":"cmu8a48an003ksi6owpaq4mv9","amountToman":3000000}

[90mstdout[2m | tests/payment-coordination.db.test.ts[2m > [22m[2mR2 real PostgreSQL restricted-role coordination[2m > [22m[2mR1 late request completion cannot reset a later review status
[22m[39m{"level":"info","event":"payment_start_succeeded","applicationId":"cmu8a48a0003gsi6okd42vnyo","paymentId":"cmu8a48an003ksi6owpaq4mv9"}

[90mstdout[2m | tests/payment-coordination.db.test.ts[2m > [22m[2mR2 real PostgreSQL restricted-role coordination[2m > [22m[2mR1 stale correction resubmission cannot overwrite an intervening review
[22m[39m{"level":"info","event":"payment_start_requested","applicationId":"cmu8a48bd003nsi6o5s0aqk6u","paymentId":"cmu8a48c0003rsi6oc59y7wx3","amountToman":3000000}

[90mstdout[2m | tests/payment-coordination.db.test.ts[2m > [22m[2mR2 real PostgreSQL restricted-role coordination[2m > [22m[2mR1 stale correction resubmission cannot overwrite an intervening review
[22m[39m{"level":"info","event":"payment_start_succeeded","applicationId":"cmu8a48bd003nsi6o5s0aqk6u","paymentId":"cmu8a48c0003rsi6oc59y7wx3"}

[90mstdout[2m | tests/payment-coordination.db.test.ts[2m > [22m[2mR2 real PostgreSQL restricted-role coordination[2m > [22m[2mR1 stale correction resubmission cannot overwrite an intervening review
[22m[39m{"level":"info","event":"payment_verification_succeeded","paymentId":"cmu8a48c0003rsi6oc59y7wx3","applicationId":"cmu8a48bd003nsi6o5s0aqk6u","referenceId":"201"}

[90mstderr[2m | tests/payment-coordination.db.test.ts[2m > [22m[2mR2 real PostgreSQL restricted-role coordination[2m > [22m[2mR1 stale correction resubmission cannot overwrite an intervening review
[22m[39m{"level":"warn","event":"admin_submission_notification_skipped","applicationId":"cmu8a48bd003nsi6o5s0aqk6u","reason":"missing_admin_alert_mobile"}

[90mstdout[2m | tests/payment-coordination.db.test.ts[2m > [22m[2mR2 real PostgreSQL restricted-role coordination[2m > [22m[2mR1 stale correction resubmission cannot overwrite an intervening review
[22m[39m{"level":"info","event":"user_submission_notification_sent","applicationId":"cmu8a48bd003nsi6o5s0aqk6u"}

[90mstdout[2m | tests/payment-coordination.db.test.ts[2m > [22m[2mR2 real PostgreSQL restricted-role coordination[2m > [22m[2mR1 simultaneous corrections submit once without another charge or payment notification
[22m[39m{"level":"info","event":"payment_start_requested","applicationId":"cmu8a48du003xsi6obcjksf86","paymentId":"cmu8a48e70041si6ohxdy3whx","amountToman":3000000}

[90mstdout[2m | tests/payment-coordination.db.test.ts[2m > [22m[2mR2 real PostgreSQL restricted-role coordination[2m > [22m[2mR1 simultaneous corrections submit once without another charge or payment notification
[22m[39m{"level":"info","event":"payment_start_succeeded","applicationId":"cmu8a48du003xsi6obcjksf86","paymentId":"cmu8a48e70041si6ohxdy3whx"}

[90mstdout[2m | tests/payment-coordination.db.test.ts[2m > [22m[2mR2 real PostgreSQL restricted-role coordination[2m > [22m[2mR1 simultaneous corrections submit once without another charge or payment notification
[22m[39m{"level":"info","event":"payment_verification_succeeded","paymentId":"cmu8a48e70041si6ohxdy3whx","applicationId":"cmu8a48du003xsi6obcjksf86","referenceId":"201"}

[90mstderr[2m | tests/payment-coordination.db.test.ts[2m > [22m[2mR2 real PostgreSQL restricted-role coordination[2m > [22m[2mR1 simultaneous corrections submit once without another charge or payment notification
[22m[39m{"level":"warn","event":"admin_submission_notification_skipped","applicationId":"cmu8a48du003xsi6obcjksf86","reason":"missing_admin_alert_mobile"}

[90mstdout[2m | tests/payment-coordination.db.test.ts[2m > [22m[2mR2 real PostgreSQL restricted-role coordination[2m > [22m[2mR1 simultaneous corrections submit once without another charge or payment notification
[22m[39m{"level":"info","event":"user_submission_notification_sent","applicationId":"cmu8a48du003xsi6obcjksf86"}

[90mstdout[2m | tests/payment-coordination.db.test.ts[2m > [22m[2mR2 real PostgreSQL restricted-role coordination[2m > [22m[2mR1 cancellation and retry cannot overlap a success verification
[22m[39m{"level":"info","event":"payment_start_requested","applicationId":"cmu8a48gs0049si6ogkx500hd","paymentId":"cmu8a48he004dsi6olginp3xl","amountToman":3000000}

[90mstdout[2m | tests/payment-coordination.db.test.ts[2m > [22m[2mR2 real PostgreSQL restricted-role coordination[2m > [22m[2mR1 cancellation and retry cannot overlap a success verification
[22m[39m{"level":"info","event":"payment_start_succeeded","applicationId":"cmu8a48gs0049si6ogkx500hd","paymentId":"cmu8a48he004dsi6olginp3xl"}

[90mstdout[2m | tests/payment-coordination.db.test.ts[2m > [22m[2mR2 real PostgreSQL restricted-role coordination[2m > [22m[2mR1 cancellation and retry cannot overlap a success verification
[22m[39m{"level":"info","event":"payment_verification_succeeded","paymentId":"cmu8a48he004dsi6olginp3xl","applicationId":"cmu8a48gs0049si6ogkx500hd","referenceId":"201"}

[90mstdout[2m | tests/payment-coordination.db.test.ts[2m > [22m[2mR2 real PostgreSQL restricted-role coordination[2m > [22m[2mR1 delayed admin decision loses to resubmission with no stale history or SMS
[22m[39m{"level":"info","event":"payment_start_requested","applicationId":"cmu8a48k7004jsi6owl9gpem9","paymentId":"cmu8a48kn004nsi6obdczjgik","amountToman":3000000}

[90mstdout[2m | tests/payment-coordination.db.test.ts[2m > [22m[2mR2 real PostgreSQL restricted-role coordination[2m > [22m[2mR1 delayed admin decision loses to resubmission with no stale history or SMS
[22m[39m{"level":"info","event":"payment_start_succeeded","applicationId":"cmu8a48k7004jsi6owl9gpem9","paymentId":"cmu8a48kn004nsi6obdczjgik"}

[90mstdout[2m | tests/payment-coordination.db.test.ts[2m > [22m[2mR2 real PostgreSQL restricted-role coordination[2m > [22m[2mR1 delayed admin decision loses to resubmission with no stale history or SMS
[22m[39m{"level":"info","event":"payment_verification_succeeded","paymentId":"cmu8a48kn004nsi6obdczjgik","applicationId":"cmu8a48k7004jsi6owl9gpem9","referenceId":"201"}

[90mstderr[2m | tests/payment-coordination.db.test.ts[2m > [22m[2mR2 real PostgreSQL restricted-role coordination[2m > [22m[2mR1 delayed admin decision loses to resubmission with no stale history or SMS
[22m[39m{"level":"warn","event":"admin_submission_notification_skipped","applicationId":"cmu8a48k7004jsi6owl9gpem9","reason":"missing_admin_alert_mobile"}

[90mstdout[2m | tests/payment-coordination.db.test.ts[2m > [22m[2mR2 real PostgreSQL restricted-role coordination[2m > [22m[2mR1 delayed admin decision loses to resubmission with no stale history or SMS
[22m[39m{"level":"info","event":"user_submission_notification_sent","applicationId":"cmu8a48k7004jsi6owl9gpem9"}

[90mstdout[2m | tests/payment-coordination.db.test.ts[2m > [22m[2mR2 real PostgreSQL restricted-role coordination[2m > [22m[2mR1 admin decision winning before resubmit preserves actual review history
[22m[39m{"level":"info","event":"payment_start_requested","applicationId":"cmu8a48mq004vsi6on0140ok8","paymentId":"cmu8a48n8004zsi6oxcb11gp4","amountToman":3000000}

[90mstdout[2m | tests/payment-coordination.db.test.ts[2m > [22m[2mR2 real PostgreSQL restricted-role coordination[2m > [22m[2mR1 admin decision winning before resubmit preserves actual review history
[22m[39m{"level":"info","event":"payment_start_succeeded","applicationId":"cmu8a48mq004vsi6on0140ok8","paymentId":"cmu8a48n8004zsi6oxcb11gp4"}

[90mstdout[2m | tests/payment-coordination.db.test.ts[2m > [22m[2mR2 real PostgreSQL restricted-role coordination[2m > [22m[2mR1 admin decision winning before resubmit preserves actual review history
[22m[39m{"level":"info","event":"payment_verification_succeeded","paymentId":"cmu8a48n8004zsi6oxcb11gp4","applicationId":"cmu8a48mq004vsi6on0140ok8","referenceId":"201"}

[90mstderr[2m | tests/payment-coordination.db.test.ts[2m > [22m[2mR2 real PostgreSQL restricted-role coordination[2m > [22m[2mR1 admin decision winning before resubmit preserves actual review history
[22m[39m{"level":"warn","event":"admin_submission_notification_skipped","applicationId":"cmu8a48mq004vsi6on0140ok8","reason":"missing_admin_alert_mobile"}

[90mstdout[2m | tests/payment-coordination.db.test.ts[2m > [22m[2mR2 real PostgreSQL restricted-role coordination[2m > [22m[2mR1 admin decision winning before resubmit preserves actual review history
[22m[39m{"level":"info","event":"user_submission_notification_sent","applicationId":"cmu8a48mq004vsi6on0140ok8"}

[90mstdout[2m | tests/payment-coordination.db.test.ts[2m > [22m[2mR2 real PostgreSQL restricted-role coordination[2m > [22m[2mR1 failed resubmission history rolls back state and preserves verified evidence for retry
[22m[39m{"level":"info","event":"payment_start_requested","applicationId":"cmu8a48p40055si6okm54or9e","paymentId":"cmu8a48ph0059si6op8yghsud","amountToman":3000000}

[90mstdout[2m | tests/payment-coordination.db.test.ts[2m > [22m[2mR2 real PostgreSQL restricted-role coordination[2m > [22m[2mR1 failed resubmission history rolls back state and preserves verified evidence for retry
[22m[39m{"level":"info","event":"payment_start_succeeded","applicationId":"cmu8a48p40055si6okm54or9e","paymentId":"cmu8a48ph0059si6op8yghsud"}

[90mstdout[2m | tests/payment-coordination.db.test.ts[2m > [22m[2mR2 real PostgreSQL restricted-role coordination[2m > [22m[2mR1 failed resubmission history rolls back state and preserves verified evidence for retry
[22m[39m{"level":"info","event":"payment_verification_succeeded","paymentId":"cmu8a48ph0059si6op8yghsud","applicationId":"cmu8a48p40055si6okm54or9e","referenceId":"201"}

[90mstderr[2m | tests/payment-coordination.db.test.ts[2m > [22m[2mR2 real PostgreSQL restricted-role coordination[2m > [22m[2mR1 failed resubmission history rolls back state and preserves verified evidence for retry
[22m[39m{"level":"warn","event":"admin_submission_notification_skipped","applicationId":"cmu8a48p40055si6okm54or9e","reason":"missing_admin_alert_mobile"}

[90mstdout[2m | tests/payment-coordination.db.test.ts[2m > [22m[2mR2 real PostgreSQL restricted-role coordination[2m > [22m[2mR1 failed resubmission history rolls back state and preserves verified evidence for retry
[22m[39m{"level":"info","event":"user_submission_notification_sent","applicationId":"cmu8a48p40055si6okm54or9e"}

[90mstdout[2m | tests/payment-coordination.db.test.ts[2m > [22m[2mR2 real PostgreSQL restricted-role coordination[2m > [22m[2mR1 conflicting completion removes only its new certificate after known rollback
[22m[39m{"level":"info","event":"payment_start_requested","applicationId":"cmu8a48wz0063si6oksnz0wlp","paymentId":"cmu8a48xc0067si6oqbwibj3h","amountToman":3000000}

[90mstdout[2m | tests/payment-coordination.db.test.ts[2m > [22m[2mR2 real PostgreSQL restricted-role coordination[2m > [22m[2mR1 conflicting completion removes only its new certificate after known rollback
[22m[39m{"level":"info","event":"payment_start_succeeded","applicationId":"cmu8a48wz0063si6oksnz0wlp","paymentId":"cmu8a48xc0067si6oqbwibj3h"}

[90mstdout[2m | tests/payment-coordination.db.test.ts[2m > [22m[2mR2 real PostgreSQL restricted-role coordination[2m > [22m[2mR1 conflicting completion removes only its new certificate after known rollback
[22m[39m{"level":"info","event":"payment_verification_succeeded","paymentId":"cmu8a48xc0067si6oqbwibj3h","applicationId":"cmu8a48wz0063si6oksnz0wlp","referenceId":"201"}

[90mstderr[2m | tests/payment-coordination.db.test.ts[2m > [22m[2mR2 real PostgreSQL restricted-role coordination[2m > [22m[2mR1 conflicting completion removes only its new certificate after known rollback
[22m[39m{"level":"warn","event":"admin_submission_notification_skipped","applicationId":"cmu8a48wz0063si6oksnz0wlp","reason":"missing_admin_alert_mobile"}

[90mstdout[2m | tests/payment-coordination.db.test.ts[2m > [22m[2mR2 real PostgreSQL restricted-role coordination[2m > [22m[2mR1 conflicting completion removes only its new certificate after known rollback
[22m[39m{"level":"info","event":"user_submission_notification_sent","applicationId":"cmu8a48wz0063si6oksnz0wlp"}

[90mstdout[2m | tests/payment-coordination.db.test.ts[2m > [22m[2mR2 real PostgreSQL restricted-role coordination[2m > [22m[2mconcurrent starts cross a provider barrier only once, and replay the same URL
[22m[39m{"level":"info","event":"payment_start_requested","applicationId":"cmu8a4ocx006fsi6oag9yrh5e","paymentId":"cmu8a4odh006jsi6ot03zg3ph","amountToman":3000000}

[90mstdout[2m | tests/payment-coordination.db.test.ts[2m > [22m[2mR2 real PostgreSQL restricted-role coordination[2m > [22m[2mconcurrent starts cross a provider barrier only once, and replay the same URL
[22m[39m{"level":"info","event":"payment_start_succeeded","applicationId":"cmu8a4ocx006fsi6oag9yrh5e","paymentId":"cmu8a4odh006jsi6ot03zg3ph"}

[90mstdout[2m | tests/payment-coordination.db.test.ts[2m > [22m[2mR2 real PostgreSQL restricted-role coordination[2m > [22m[2mserializes duplicate callbacks and creates one settlement/history/notification intent
[22m[39m{"level":"info","event":"payment_start_requested","applicationId":"cmu8a4oi2006msi6ogcscuj9q","paymentId":"cmu8a4oiq006qsi6o9wcj7cvj","amountToman":3000000}

[90mstdout[2m | tests/payment-coordination.db.test.ts[2m > [22m[2mR2 real PostgreSQL restricted-role coordination[2m > [22m[2mserializes duplicate callbacks and creates one settlement/history/notification intent
[22m[39m{"level":"info","event":"payment_start_succeeded","applicationId":"cmu8a4oi2006msi6ogcscuj9q","paymentId":"cmu8a4oiq006qsi6o9wcj7cvj"}

[90mstdout[2m | tests/payment-coordination.db.test.ts[2m > [22m[2mR2 real PostgreSQL restricted-role coordination[2m > [22m[2mserializes duplicate callbacks and creates one settlement/history/notification intent
[22m[39m{"level":"info","event":"payment_verification_succeeded","paymentId":"cmu8a4oiq006qsi6o9wcj7cvj","applicationId":"cmu8a4oi2006msi6ogcscuj9q","referenceId":"201"}

[90mstdout[2m | tests/payment-coordination.db.test.ts[2m > [22m[2mR2 real PostgreSQL restricted-role coordination[2m > [22m[2mold authorities before and after settlement never reach provider and retain separate evidence
[22m[39m{"level":"info","event":"payment_start_requested","applicationId":"cmu8a4ol1006wsi6o5kuwidgs","paymentId":"cmu8a4olh0070si6ojyf1okhq","amountToman":3000000}

[90mstdout[2m | tests/payment-coordination.db.test.ts[2m > [22m[2mR2 real PostgreSQL restricted-role coordination[2m > [22m[2mold authorities before and after settlement never reach provider and retain separate evidence
[22m[39m{"level":"info","event":"payment_start_succeeded","applicationId":"cmu8a4ol1006wsi6o5kuwidgs","paymentId":"cmu8a4olh0070si6ojyf1okhq"}

[90mstdout[2m | tests/payment-coordination.db.test.ts[2m > [22m[2mR2 real PostgreSQL restricted-role coordination[2m > [22m[2mold authorities before and after settlement never reach provider and retain separate evidence
[22m[39m{"level":"info","event":"payment_verification_succeeded","paymentId":"cmu8a4olh0070si6ojyf1okhq","applicationId":"cmu8a4ol1006wsi6o5kuwidgs","referenceId":"201"}

[90mstdout[2m | tests/payment-coordination.db.test.ts[2m > [22m[2mR2 real PostgreSQL restricted-role coordination[2m > [22m[2munknown request timeout and expired lease never create another remote call
[22m[39m{"level":"info","event":"payment_start_requested","applicationId":"cmu8a4onf007isi6oyw7lm5ou","paymentId":"cmu8a4onr007msi6ot7dlsztm","amountToman":3000000}

[90mstderr[2m | tests/payment-coordination.db.test.ts[2m > [22m[2mR2 real PostgreSQL restricted-role coordination[2m > [22m[2munknown request timeout and expired lease never create another remote call
[22m[39m{"level":"error","event":"payment_start_failed","applicationId":"cmu8a4onf007isi6oyw7lm5ou","paymentId":"cmu8a4onr007msi6ot7dlsztm","error":{"name":"TimeoutError","message":"timeout","stack":"TimeoutError: timeout\n    at new DOMException (node:internal/per_context/domexception:79:18)\n    at /private/var/folders/g_/f5ccnp_51q15by15f4svlw6c0000gn/T/sana-phase12-ixzihxm_/source/tests/payment-coordination.db.test.ts:363:49\n    at Mock (file:///private/var/folders/g_/f5ccnp_51q15by15f4svlw6c0000gn/T/sana-phase12-ixzihxm_/source/node_modules/@vitest/spy/dist/index.js:332:34)\n    at postZarinpal (/private/var/folders/g_/f5ccnp_51q15by15f4svlw6c0000gn/T/sana-phase12-ixzihxm_/source/lib/payments/zarinpal.ts:37:26)\n    at requestZarinpalPayment (/private/var/folders/g_/f5ccnp_51q15by15f4svlw6c0000gn/T/sana-phase12-ixzihxm_/source/lib/payments/zarinpal.ts:100:22)\n    at Module.startPayment (/private/var/folders/g_/f5ccnp_51q15by15f4svlw6c0000gn/T/sana-phase12-ixzihxm_/source/lib/actions/payment.ts:139:22)\n    at /private/var/folders/g_/f5ccnp_51q15by15f4svlw6c0000gn/T/sana-phase12-ixzihxm_/source/tests/payment-coordination.db.test.ts:364:13\n    at file:///private/var/folders/g_/f5ccnp_51q15by15f4svlw6c0000gn/T/sana-phase12-ixzihxm_/source/node_modules/@vitest/runner/dist/chunk-artifact.js:1903:20"}}

[90mstdout[2m | tests/payment-coordination.db.test.ts[2m > [22m[2mR2 real PostgreSQL restricted-role coordination[2m > [22m[2mverification timeout never retries remotely or creates another authority
[22m[39m{"level":"info","event":"payment_start_requested","applicationId":"cmu8a4oom007psi6obzmn21g3","paymentId":"cmu8a4oox007tsi6olz5gi0nu","amountToman":3000000}

[90mstdout[2m | tests/payment-coordination.db.test.ts[2m > [22m[2mR2 real PostgreSQL restricted-role coordination[2m > [22m[2mverification timeout never retries remotely or creates another authority
[22m[39m{"level":"info","event":"payment_start_succeeded","applicationId":"cmu8a4oom007psi6obzmn21g3","paymentId":"cmu8a4oox007tsi6olz5gi0nu"}

[90mstdout[2m | tests/payment-coordination.db.test.ts[2m > [22m[2mR2 real PostgreSQL restricted-role coordination[2m > [22m[2mcapture evidence survives failed submission commit and retries without provider
[22m[39m{"level":"info","event":"payment_start_requested","applicationId":"cmu8a4oqn0084si6ohfo7aeuf","paymentId":"cmu8a4or00088si6o7eevxtu4","amountToman":3000000}

[90mstdout[2m | tests/payment-coordination.db.test.ts[2m > [22m[2mR2 real PostgreSQL restricted-role coordination[2m > [22m[2mcapture evidence survives failed submission commit and retries without provider
[22m[39m{"level":"info","event":"payment_start_succeeded","applicationId":"cmu8a4oqn0084si6ohfo7aeuf","paymentId":"cmu8a4or00088si6o7eevxtu4"}

[90mstderr[2m | tests/payment-coordination.db.test.ts[2m > [22m[2mR2 real PostgreSQL restricted-role coordination[2m > [22m[2mcapture evidence survives failed submission commit and retries without provider
[22m[39m{"level":"error","event":"legacy_paid_submission_retry_required","applicationId":"cmu8a4oqn0084si6ohfo7aeuf","error":{"name":"PrismaClientUnknownRequestError","message":"\nInvalid `tx.statusHistory.create()` invocation in\n/private/var/folders/g_/f5ccnp_51q15by15f4svlw6c0000gn/T/sana-phase12-ixzihxm_/source/lib/payments/legacy-settlement.ts:109:30\n\n  106   return;\n  107 }\n  108 await tx.application.update({ where: { id: applicationId }, data: { status: ApplicationStatus.SUBMITTED, submittedAt: new Date() } });\n→ 109 await tx.statusHistory.create(\nError occurred during query execution:\nConnectorError(ConnectorError { user_facing_error: None, kind: QueryError(PostgresError { code: \"42501\", message: \"permission denied for table StatusHistory\", severity: \"ERROR\", detail: None, column: None, hint: None }), transient: false })","stack":"PrismaClientUnknownRequestError: \nInvalid `tx.statusHistory.create()` invocation in\n/private/var/folders/g_/f5ccnp_51q15by15f4svlw6c0000gn/T/sana-phase12-ixzihxm_/source/lib/payments/legacy-settlement.ts:109:30\n\n  106   return;\n  107 }\n  108 await tx.application.update({ where: { id: applicationId }, data: { status: ApplicationStatus.SUBMITTED, submittedAt: new Date() } });\n→ 109 await tx.statusHistory.create(\nError occurred during query execution:\nConnectorError(ConnectorError { user_facing_error: None, kind: QueryError(PostgresError { code: \"42501\", message: \"permission denied for table StatusHistory\", severity: \"ERROR\", detail: None, column: None, hint: None }), transient: false })\n    at ei.handleRequestError (/private/var/folders/g_/f5ccnp_51q15by15f4svlw6c0000gn/T/sana-phase12-ixzihxm_/source/node_modules/@prisma/client/runtime/library.js:121:7458)\n    at ei.handleAndLogRequestError (/private/var/folders/g_/f5ccnp_51q15by15f4svlw6c0000gn/T/sana-phase12-ixzihxm_/source/node_modules/@prisma/client/runtime/library.js:121:6593)\n    at ei.request (/private/var/folders/g_/f5ccnp_51q15by15f4svlw6c0000gn/T/sana-phase12-ixzihxm_/source/node_modules/@prisma/client/runtime/library.js:121:6300)\n    at a (/private/var/folders/g_/f5ccnp_51q15by15f4svlw6c0000gn/T/sana-phase12-ixzihxm_/source/node_modules/@prisma/client/runtime/library.js:130:9551)\n    at /private/var/folders/g_/f5ccnp_51q15by15f4svlw6c0000gn/T/sana-phase12-ixzihxm_/source/lib/payments/legacy-settlement.ts:109:7\n    at Proxy._transactionWithCallback (/private/var/folders/g_/f5ccnp_51q15by15f4svlw6c0000gn/T/sana-phase12-ixzihxm_/source/node_modules/@prisma/client/runtime/library.js:130:8120)\n    at completeVerifiedLegacySubmission (/private/var/folders/g_/f5ccnp_51q15by15f4svlw6c0000gn/T/sana-phase12-ixzihxm_/source/lib/payments/legacy-settlement.ts:93:5)\n    at Module.settleLegacyPayment (/private/var/folders/g_/f5ccnp_51q15by15f4svlw6c0000gn/T/sana-phase12-ixzihxm_/source/lib/payments/legacy-settlement.ts:79:3)\n    at /private/var/folders/g_/f5ccnp_51q15by15f4svlw6c0000gn/T/sana-phase12-ixzihxm_/source/tests/payment-coordination.db.test.ts:399:14\n    at file:///private/var/folders/g_/f5ccnp_51q15by15f4svlw6c0000gn/T/sana-phase12-ixzihxm_/source/node_modules/@vitest/runner/dist/chunk-artifact.js:1903:20"}}

[90mstdout[2m | tests/payment-coordination.db.test.ts[2m > [22m[2mR2 real PostgreSQL restricted-role coordination[2m > [22m[2mcapture evidence survives failed submission commit and retries without provider
[22m[39m{"level":"info","event":"payment_verification_succeeded","paymentId":"cmu8a4or00088si6o7eevxtu4","applicationId":"cmu8a4oqn0084si6ohfo7aeuf","referenceId":"durable-capture"}

[90mstdout[2m | tests/payment-coordination.db.test.ts[2m > [22m[2mR2 real PostgreSQL restricted-role coordination[2m > [22m[2mrestricted role rejects cross-application selection, amount mutation and result deletion
[22m[39m{"level":"info","event":"payment_start_requested","applicationId":"cmu8a4ot0008gsi6oe8x0vycu","paymentId":"cmu8a4otd008ksi6o1nxr7igq","amountToman":3000000}

[90mstdout[2m | tests/payment-coordination.db.test.ts[2m > [22m[2mR2 real PostgreSQL restricted-role coordination[2m > [22m[2mrestricted role rejects cross-application selection, amount mutation and result deletion
[22m[39m{"level":"info","event":"payment_start_succeeded","applicationId":"cmu8a4ot0008gsi6oe8x0vycu","paymentId":"cmu8a4otd008ksi6o1nxr7igq"}

[90mstdout[2m | tests/payment-coordination.db.test.ts[2m > [22m[2mR2 real PostgreSQL restricted-role coordination[2m > [22m[2mnotification failure preserves settlement and consumes one durable intent
[22m[39m{"level":"info","event":"payment_start_requested","applicationId":"cmu8a4ou6008rsi6od572c3dy","paymentId":"cmu8a4oui008vsi6o5j3gsysp","amountToman":3000000}

[90mstdout[2m | tests/payment-coordination.db.test.ts[2m > [22m[2mR2 real PostgreSQL restricted-role coordination[2m > [22m[2mnotification failure preserves settlement and consumes one durable intent
[22m[39m{"level":"info","event":"payment_start_succeeded","applicationId":"cmu8a4ou6008rsi6od572c3dy","paymentId":"cmu8a4oui008vsi6o5j3gsysp"}

[90mstdout[2m | tests/payment-coordination.db.test.ts[2m > [22m[2mR2 real PostgreSQL restricted-role coordination[2m > [22m[2mnotification failure preserves settlement and consumes one durable intent
[22m[39m{"level":"info","event":"payment_verification_succeeded","paymentId":"cmu8a4oui008vsi6o5j3gsysp","applicationId":"cmu8a4ou6008rsi6od572c3dy","referenceId":"201"}

[90mstderr[2m | tests/payment-coordination.db.test.ts[2m > [22m[2mR2 real PostgreSQL restricted-role coordination[2m > [22m[2mnotification failure preserves settlement and consumes one durable intent
[22m[39m{"level":"warn","event":"admin_submission_notification_skipped","applicationId":"cmu8a4ou6008rsi6od572c3dy","reason":"missing_admin_alert_mobile"}

[90mstderr[2m | tests/payment-coordination.db.test.ts[2m > [22m[2mR2 real PostgreSQL restricted-role coordination[2m > [22m[2mnotification failure preserves settlement and consumes one durable intent
[22m[39m{"level":"error","event":"payment_notification_failed","applicationId":"cmu8a4ou6008rsi6od572c3dy","error":{"name":"Error","message":"isolated SMS failure","stack":"Error: isolated SMS failure\n    at /private/var/folders/g_/f5ccnp_51q15by15f4svlw6c0000gn/T/sana-phase12-ixzihxm_/source/tests/payment-coordination.db.test.ts:422:58\n    at file:///private/var/folders/g_/f5ccnp_51q15by15f4svlw6c0000gn/T/sana-phase12-ixzihxm_/source/node_modules/@vitest/runner/dist/chunk-artifact.js:1903:20"}}

[90mstdout[2m | tests/payment-coordination.db.test.ts[2m > [22m[2mR2 real PostgreSQL restricted-role coordination[2m > [22m[2ma late original worker may persist capture after expiry without enabling takeover
[22m[39m{"level":"info","event":"payment_start_requested","applicationId":"cmu8a4ow00091si6ovdjs5m3f","paymentId":"cmu8a4owb0095si6okk5jf78f","amountToman":3000000}

[90mstdout[2m | tests/payment-coordination.db.test.ts[2m > [22m[2mR2 real PostgreSQL restricted-role coordination[2m > [22m[2ma late original worker may persist capture after expiry without enabling takeover
[22m[39m{"level":"info","event":"payment_start_succeeded","applicationId":"cmu8a4ow00091si6ovdjs5m3f","paymentId":"cmu8a4owb0095si6okk5jf78f"}

[90mstdout[2m | tests/payment-coordination.db.test.ts[2m > [22m[2mR2 real PostgreSQL restricted-role coordination[2m > [22m[2ma late original worker may persist capture after expiry without enabling takeover
[22m[39m{"level":"info","event":"payment_verification_succeeded","paymentId":"cmu8a4owb0095si6okk5jf78f","applicationId":"cmu8a4ow00091si6ovdjs5m3f","referenceId":"201"}

[90mstdout[2m | tests/payment-coordination.db.test.ts[2m > [22m[2mR2 real PostgreSQL restricted-role coordination[2m > [22m[2mcompleted rejection evidence recovers despite crash and unrelated callback evidence
[22m[39m{"level":"info","event":"payment_start_requested","applicationId":"cmu8a4oxf009bsi6o43ybh4r0","paymentId":"cmu8a4oxp009fsi6o1z1ckme9","amountToman":3000000}

[90mstdout[2m | tests/payment-coordination.db.test.ts[2m > [22m[2mR2 real PostgreSQL restricted-role coordination[2m > [22m[2mcompleted rejection evidence recovers despite crash and unrelated callback evidence
[22m[39m{"level":"info","event":"payment_start_succeeded","applicationId":"cmu8a4oxf009bsi6o43ybh4r0","paymentId":"cmu8a4oxp009fsi6o1z1ckme9"}

[90mstdout[2m | tests/payment-coordination.db.test.ts[2m > [22m[2mR2 real PostgreSQL restricted-role coordination[2m > [22m[2mcompleted rejection evidence recovers despite crash and unrelated callback evidence
[22m[39m{"level":"info","event":"payment_verification_succeeded","paymentId":"cmu8a4oxp009fsi6o1z1ckme9","applicationId":"cmu8a4oxf009bsi6o43ybh4r0","referenceId":"201"}

[90mstdout[2m | tests/payment-coordination.db.test.ts[2m > [22m[2mR2 real PostgreSQL restricted-role coordination[2m > [22m[2mprovider capture with failed evidence persistence remains blocked after DB recovery
[22m[39m{"level":"info","event":"payment_start_requested","applicationId":"cmu8a4oyw009psi6oqedhjksx","paymentId":"cmu8a4oz7009tsi6og8j1ypeb","amountToman":3000000}

[90mstdout[2m | tests/payment-coordination.db.test.ts[2m > [22m[2mR2 real PostgreSQL restricted-role coordination[2m > [22m[2mprovider capture with failed evidence persistence remains blocked after DB recovery
[22m[39m{"level":"info","event":"payment_start_succeeded","applicationId":"cmu8a4oyw009psi6oqedhjksx","paymentId":"cmu8a4oz7009tsi6og8j1ypeb"}

[90mstderr[2m | tests/payment-coordination.db.test.ts[2m > [22m[2mR2 real PostgreSQL restricted-role coordination[2m > [22m[2mprovider capture with failed evidence persistence remains blocked after DB recovery
[22m[39m{"level":"error","event":"payment_capture_evidence_persist_failed","paymentId":"cmu8a4oz7009tsi6og8j1ypeb","applicationId":"cmu8a4oyw009psi6oqedhjksx","error":{"name":"PrismaClientUnknownRequestError","message":"\nInvalid `db.paymentOperationResult.createMany()` invocation in\n/private/var/folders/g_/f5ccnp_51q15by15f4svlw6c0000gn/T/sana-phase12-ixzihxm_/source/lib/payments/coordination.ts:46:35\n\n  43 export async function savePaymentResult(claim: PaymentClaim, outcome: \"AUTHORITY\" | \"CAPTURED\" | \"REJECTED\" | \"UNKNOWN\", details: { authority?: string; referenceId?: string } = {}) {\n  44   // Independent commit: a later business transaction may fail. A late owner is\n  45   // allowed to preserve its result, never to authorize another external operation.\n→ 46   await db.paymentOperationResult.createMany(\nError occurred during query execution:\nConnectorError(ConnectorError { user_facing_error: None, kind: QueryError(PostgresError { code: \"42501\", message: \"permission denied for table PaymentOperationResult\", severity: \"ERROR\", detail: None, column: None, hint: None }), transient: false })","stack":"PrismaClientUnknownRequestError: \nInvalid `db.paymentOperationResult.createMany()` invocation in\n/private/var/folders/g_/f5ccnp_51q15by15f4svlw6c0000gn/T/sana-phase12-ixzihxm_/source/lib/payments/coordination.ts:46:35\n\n  43 export async function savePaymentResult(claim: PaymentClaim, outcome: \"AUTHORITY\" | \"CAPTURED\" | \"REJECTED\" | \"UNKNOWN\", details: { authority?: string; referenceId?: string } = {}) {\n  44   // Independent commit: a later business transaction may fail. A late owner is\n  45   // allowed to preserve its result, never to authorize another external operation.\n→ 46   await db.paymentOperationResult.createMany(\nError occurred during query execution:\nConnectorError(ConnectorError { user_facing_error: None, kind: QueryError(PostgresError { code: \"42501\", message: \"permission denied for table PaymentOperationResult\", severity: \"ERROR\", detail: None, column: None, hint: None }), transient: false })\n    at ei.handleRequestError (/private/var/folders/g_/f5ccnp_51q15by15f4svlw6c0000gn/T/sana-phase12-ixzihxm_/source/node_modules/@prisma/client/runtime/library.js:121:7458)\n    at ei.handleAndLogRequestError (/private/var/folders/g_/f5ccnp_51q15by15f4svlw6c0000gn/T/sana-phase12-ixzihxm_/source/node_modules/@prisma/client/runtime/library.js:121:6593)\n    at ei.request (/private/var/folders/g_/f5ccnp_51q15by15f4svlw6c0000gn/T/sana-phase12-ixzihxm_/source/node_modules/@prisma/client/runtime/library.js:121:6300)\n    at a (/private/var/folders/g_/f5ccnp_51q15by15f4svlw6c0000gn/T/sana-phase12-ixzihxm_/source/node_modules/@prisma/client/runtime/library.js:130:9551)\n    at savePaymentResult (/private/var/folders/g_/f5ccnp_51q15by15f4svlw6c0000gn/T/sana-phase12-ixzihxm_/source/lib/payments/coordination.ts:46:3)\n    at Module.settleLegacyPayment (/private/var/folders/g_/f5ccnp_51q15by15f4svlw6c0000gn/T/sana-phase12-ixzihxm_/source/lib/payments/legacy-settlement.ts:47:7)\n    at /private/var/folders/g_/f5ccnp_51q15by15f4svlw6c0000gn/T/sana-phase12-ixzihxm_/source/tests/payment-coordination.db.test.ts:455:18\n    at file:///private/var/folders/g_/f5ccnp_51q15by15f4svlw6c0000gn/T/sana-phase12-ixzihxm_/source/node_modules/@vitest/runner/dist/chunk-artifact.js:1903:20"}}

[90mstderr[2m | tests/payment-coordination.db.test.ts[2m > [22m[2mR2 real PostgreSQL restricted-role coordination[2m > [22m[2mfacilities request timeout and restart preserve its only attempt
[22m[39m{"level":"error","event":"facilities_payment_request_persist_or_transport_failed","applicationId":"f412b5c9736d648148239cb1096e29064-application","error":{"name":"TypeError","message":"fetch failed","stack":"TypeError: fetch failed\n    at /private/var/folders/g_/f5ccnp_51q15by15f4svlw6c0000gn/T/sana-phase12-ixzihxm_/source/tests/payment-coordination.db.test.ts:483:79\n    at Mock (file:///private/var/folders/g_/f5ccnp_51q15by15f4svlw6c0000gn/T/sana-phase12-ixzihxm_/source/node_modules/@vitest/spy/dist/index.js:332:34)\n    at postZarinpal (/private/var/folders/g_/f5ccnp_51q15by15f4svlw6c0000gn/T/sana-phase12-ixzihxm_/source/lib/payments/zarinpal.ts:37:26)\n    at requestZarinpalPayment (/private/var/folders/g_/f5ccnp_51q15by15f4svlw6c0000gn/T/sana-phase12-ixzihxm_/source/lib/payments/zarinpal.ts:100:22)\n    at Module.startFacilitiesPayment (/private/var/folders/g_/f5ccnp_51q15by15f4svlw6c0000gn/T/sana-phase12-ixzihxm_/source/lib/actions/facilities-payment.ts:257:27)\n    at /private/var/folders/g_/f5ccnp_51q15by15f4svlw6c0000gn/T/sana-phase12-ixzihxm_/source/tests/payment-coordination.db.test.ts:484:12\n    at file:///private/var/folders/g_/f5ccnp_51q15by15f4svlw6c0000gn/T/sana-phase12-ixzihxm_/source/node_modules/@vitest/runner/dist/chunk-artifact.js:1903:20"}}

[90mstderr[2m | tests/payment-coordination.db.test.ts[2m > [22m[2mR2 real PostgreSQL restricted-role coordination[2m > [22m[2mfacilities request timeout and restart preserve its only attempt
[22m[39m{"level":"warn","event":"facilities_payment_start_unresolved","applicationId":"f412b5c9736d648148239cb1096e29064-application"}

[90mstderr[2m | tests/payment-coordination.db.test.ts[2m > [22m[2mR2 real PostgreSQL restricted-role coordination[2m > [22m[2mfacilities saved capture completes after a failed DB transaction without contacting provider again
[22m[39m{"level":"error","event":"facilities_payment_verification_record_failed","paymentAttemptId":"cmu8a4p8q00azsi6o8bnm3cu4","applicationId":"f472bf143bba8425aa1dfa1a43a3cc9d2-application","error":{"name":"PrismaClientUnknownRequestError","message":"\nInvalid `tx.facilitiesAuditLog.create()` invocation in\n/private/var/folders/g_/f5ccnp_51q15by15f4svlw6c0000gn/T/sana-phase12-ixzihxm_/source/lib/actions/facilities-payment.ts:361:35\n\n  358 const late = !LOCKED_PAYMENT_STATES.includes(current.status);\n  359 const metadata = late ? { status: FacilitiesPaymentStatus.VERIFIED, reasonCode: \"LATE_CAPTURE\" } : { status: FacilitiesPaymentStatus.VERIFIED };\n  360 await tx.facilitiesPaymentAttempt.update({ where: { id: current.id }, data: { status: FacilitiesPaymentStatus.VERIFIED, referenceId: verified.referenceId, safeMetadata: metadata } });\n→ 361 await tx.facilitiesAuditLog.create(\nError occurred during query execution:\nConnectorError(ConnectorError { user_facing_error: None, kind: QueryError(PostgresError { code: \"42501\", message: \"permission denied for table FacilitiesAuditLog\", severity: \"ERROR\", detail: None, column: None, hint: None }), transient: false })","stack":"PrismaClientUnknownRequestError: \nInvalid `tx.facilitiesAuditLog.create()` invocation in\n/private/var/folders/g_/f5ccnp_51q15by15f4svlw6c0000gn/T/sana-phase12-ixzihxm_/source/lib/actions/facilities-payment.ts:361:35\n\n  358 const late = !LOCKED_PAYMENT_STATES.includes(current.status);\n  359 const metadata = late ? { status: FacilitiesPaymentStatus.VERIFIED, reasonCode: \"LATE_CAPTURE\" } : { status: FacilitiesPaymentStatus.VERIFIED };\n  360 await tx.facilitiesPaymentAttempt.update({ where: { id: current.id }, data: { status: FacilitiesPaymentStatus.VERIFIED, referenceId: verified.referenceId, safeMetadata: metadata } });\n→ 361 await tx.facilitiesAuditLog.create(\nError occurred during query execution:\nConnectorError(ConnectorError { user_facing_error: None, kind: QueryError(PostgresError { code: \"42501\", message: \"permission denied for table FacilitiesAuditLog\", severity: \"ERROR\", detail: None, column: None, hint: None }), transient: false })\n    at ei.handleRequestError (/private/var/folders/g_/f5ccnp_51q15by15f4svlw6c0000gn/T/sana-phase12-ixzihxm_/source/node_modules/@prisma/client/runtime/library.js:121:7458)\n    at ei.handleAndLogRequestError (/private/var/folders/g_/f5ccnp_51q15by15f4svlw6c0000gn/T/sana-phase12-ixzihxm_/source/node_modules/@prisma/client/runtime/library.js:121:6593)\n    at ei.request (/private/var/folders/g_/f5ccnp_51q15by15f4svlw6c0000gn/T/sana-phase12-ixzihxm_/source/node_modules/@prisma/client/runtime/library.js:121:6300)\n    at a (/private/var/folders/g_/f5ccnp_51q15by15f4svlw6c0000gn/T/sana-phase12-ixzihxm_/source/node_modules/@prisma/client/runtime/library.js:130:9551)\n    at /private/var/folders/g_/f5ccnp_51q15by15f4svlw6c0000gn/T/sana-phase12-ixzihxm_/source/lib/actions/facilities-payment.ts:361:7\n    at Proxy._transactionWithCallback (/private/var/folders/g_/f5ccnp_51q15by15f4svlw6c0000gn/T/sana-phase12-ixzihxm_/source/node_modules/@prisma/client/runtime/library.js:130:8120)\n    at Module.verifyFacilitiesPaymentCallback (/private/var/folders/g_/f5ccnp_51q15by15f4svlw6c0000gn/T/sana-phase12-ixzihxm_/source/lib/actions/facilities-payment.ts:352:5)\n    at /private/var/folders/g_/f5ccnp_51q15by15f4svlw6c0000gn/T/sana-phase12-ixzihxm_/source/tests/payment-coordination.db.test.ts:499:18\n    at file:///private/var/folders/g_/f5ccnp_51q15by15f4svlw6c0000gn/T/sana-phase12-ixzihxm_/source/node_modules/@vitest/runner/dist/chunk-artifact.js:1903:20"}}

 [31m❯[39m tests/payment-coordination.db.test.ts [2m([22m[2m39 tests[22m[2m | [22m[31m2 failed[39m[2m)[22m[33m 23292[2mms[22m[39m
     [32m✓[39m R12 legacy request and verification use the stored obligation amount[32m 137[2mms[22m[39m
     [32m✓[39m R12 malformed verify 0 blocks forged success, new charge and remote replay[32m 98[2mms[22m[39m
     [32m✓[39m R12 malformed verify 1 blocks forged success, new charge and remote replay[32m 94[2mms[22m[39m
     [32m✓[39m R12 malformed verify 2 blocks forged success, new charge and remote replay[32m 81[2mms[22m[39m
     [32m✓[39m R12 malformed verify 3 blocks forged success, new charge and remote replay[32m 76[2mms[22m[39m
     [32m✓[39m R12 malformed request cannot create a payable URL or another attempt[32m 42[2mms[22m[39m
     [32m✓[39m R12 forged browser authority cannot reach the provider[32m 37[2mms[22m[39m
     [32m✓[39m R12 explicit rejection then 101 recovers only original authority and settles once[32m 78[2mms[22m[39m
     [32m✓[39m R12 facilities contradictory success remains unresolved and preserves application[32m 146[2mms[22m[39m
     [32m✓[39m R1 delayed NOK snapshot cannot undo a committed success[32m 82[2mms[22m[39m
     [32m✓[39m R1 late capture preserves SUBMITTED and does not invent a submission[32m 65[2mms[22m[39m
     [32m✓[39m R1 late capture preserves UNDER_REVIEW and does not invent a submission[32m 58[2mms[22m[39m
     [32m✓[39m R1 late capture preserves NEEDS_EDIT and does not invent a submission[32m 63[2mms[22m[39m
     [32m✓[39m R1 late capture preserves VALIDATION_COMPLETED and does not invent a submission[32m 60[2mms[22m[39m
     [32m✓[39m R1 late request completion cannot reset a later review status[32m 50[2mms[22m[39m
     [32m✓[39m R1 stale correction resubmission cannot overwrite an intervening review[32m 90[2mms[22m[39m
     [32m✓[39m R1 simultaneous corrections submit once without another charge or payment notification[32m 104[2mms[22m[39m
     [32m✓[39m R1 cancellation and retry cannot overlap a success verification[32m 124[2mms[22m[39m
     [32m✓[39m R1 delayed admin decision loses to resubmission with no stale history or SMS[32m 92[2mms[22m[39m
[31m     [31m×[31m R1 admin decision winning before resubmit preserves actual review history[39m[32m 83[2mms[22m[39m
     [32m✓[39m R1 failed resubmission history rolls back state and preserves verified evidence for retry[32m 135[2mms[22m[39m
     [32m✓[39m R1 facilities delayed cancellation preserves verification and later review[32m 150[2mms[22m[39m
[31m     [31m×[31m R1 conflicting completion removes only its new certificate after known rollback[39m[33m 20008[2mms[22m[39m
     [32m✓[39m concurrent starts cross a provider barrier only once, and replay the same URL[32m 190[2mms[22m[39m
     [32m✓[39m serializes duplicate callbacks and creates one settlement/history/notification intent[32m 111[2mms[22m[39m
     [32m✓[39m old authorities before and after settlement never reach provider and retain separate evidence[32m 88[2mms[22m[39m
     [32m✓[39m unknown request timeout and expired lease never create another remote call[32m 43[2mms[22m[39m
     [32m✓[39m verification timeout never retries remotely or creates another authority[32m 51[2mms[22m[39m
     [32m✓[39m crash after authority evidence replays only local persistence and the original URL[32m 22[2mms[22m[39m
     [32m✓[39m capture evidence survives failed submission commit and retries without provider[32m 84[2mms[22m[39m
     [32m✓[39m restricted role rejects cross-application selection, amount mutation and result deletion[32m 43[2mms[22m[39m
     [32m✓[39m notification failure preserves settlement and consumes one durable intent[32m 65[2mms[22m[39m
     [32m✓[39m a late original worker may persist capture after expiry without enabling takeover[32m 51[2mms[22m[39m
     [32m✓[39m completed rejection evidence recovers despite crash and unrelated callback evidence[32m 53[2mms[22m[39m
     [32m✓[39m provider capture with failed evidence persistence remains blocked after DB recovery[32m 53[2mms[22m[39m
     [32m✓[39m facilities concurrent starts/callbacks and old-authority barriers use the same durable coordination[32m 199[2mms[22m[39m
     [32m✓[39m facilities request timeout and restart preserve its only attempt[32m 64[2mms[22m[39m
     [32m✓[39m facilities saved capture completes after a failed DB transaction without contacting provider again[32m 119[2mms[22m[39m
     [32m✓[39m facilities restores saved authority and resumes its original URL without new provider request[32m 44[2mms[22m[39m
[90mstderr[2m | tests/legacy-replacement.db.test.ts[2m > [22m[2mR8 legacy replacement restricted DB and real bytes[2m > [22m[2mscan rejection and unavailability preserve the previous current object
[22m[39m{"level":"warn","event":"legacy_upload_scan_rejected","status":"FAILED","fileType":"CSV","size":9}

[90mstderr[2m | tests/legacy-replacement.db.test.ts[2m > [22m[2mR8 legacy replacement restricted DB and real bytes[2m > [22m[2mscan rejection and unavailability preserve the previous current object
[22m[39m{"level":"warn","event":"legacy_upload_scan_rejected","status":"UNAVAILABLE","fileType":"CSV","size":9}

[90mstderr[2m | tests/legacy-replacement.db.test.ts[2m > [22m[2mR8 legacy replacement restricted DB and real bytes[2m > [22m[2munlink failure retains irreversible authorization and retries without touching current bytes
[22m[39m{"level":"warn","event":"legacy_file_deletion_retry_required","intentId":"legacy-delete:cmu8a4q240036silal0z20vi4"}

[90mstdout[2m | tests/legacy-replacement.db.test.ts[2m > [22m[2mR8 legacy replacement restricted DB and real bytes[2m > [22m[2mtwo certificate action writers cannot overwrite a decision made during staging
[22m[39m{"level":"info","event":"validation_certificate_replaced","applicationId":"cmu8a4r9t004xsilao0qh3v37","adminId":"cmu8a4r9w004ysilar36fffyk","mobile":"bf7****a018"}

[90mstdout[2m | tests/legacy-replacement.db.test.ts[2m > [22m[2mR8 legacy replacement restricted DB and real bytes[2m > [22m[2mpayment reservation fences uploads while the provider request is in flight
[22m[39m{"level":"info","event":"payment_start_requested","applicationId":"cmu8a4ref005rsilaq59fl9d8","paymentId":"cmu8a4rj3006rsilavn63nqpg","amountToman":3000000}

[90mstdout[2m | tests/legacy-replacement.db.test.ts[2m > [22m[2mR8 legacy replacement restricted DB and real bytes[2m > [22m[2mpayment reservation fences uploads while the provider request is in flight
[22m[39m{"level":"info","event":"payment_start_succeeded","applicationId":"cmu8a4ref005rsilaq59fl9d8","paymentId":"cmu8a4rj3006rsilavn63nqpg"}

 [32m✓[39m tests/legacy-replacement.db.test.ts [2m([22m[2m29 tests[22m[2m)[22m[33m 2598[2mms[22m[39m
     [33m[2m✓[22m[39m real process death at allocation preserves current bytes and permits fenced recovery [33m 372[2mms[22m[39m
     [33m[2m✓[22m[39m real process death at bytes preserves current bytes and permits fenced recovery [33m 321[2mms[22m[39m
     [33m[2m✓[22m[39m real process death at commit preserves current bytes and permits fenced recovery [33m 382[2mms[22m[39m
     [33m[2m✓[22m[39m real process death at authorization preserves current bytes and permits fenced recovery [33m 353[2mms[22m[39m
 [32m✓[39m tests/facilities-document-qualification.db.test.ts [2m([22m[2m19 tests[22m[2m)[22m[33m 22698[2mms[22m[39m
     [33m[2m✓[22m[39m qualifies application and officer/profile evidence, starts valid payment [33m 933[2mms[22m[39m
     [33m[2m✓[22m[39m blocks missing insurance bytes without new payment [33m 833[2mms[22m[39m
     [33m[2m✓[22m[39m blocks missing profile-articles-of-association bytes without new payment [33m 1047[2mms[22m[39m
     [33m[2m✓[22m[39m blocks missing officer bytes without new payment [33m 967[2mms[22m[39m
     [33m[2m✓[22m[39m rejects changed hash and foreign caller ownership [33m 829[2mms[22m[39m
     [33m[2m✓[22m[39m free submission also checks actual bytes [33m 1172[2mms[22m[39m
     [33m[2m✓[22m[39m capture survives missing profile file and repaired paid draft submits without another charge [33m 1098[2mms[22m[39m
     [33m[2m✓[22m[39m paid pending crash is recoverable by browser retry without provider calls [33m 1049[2mms[22m[39m
     [33m[2m✓[22m[39m snapshot maintenance cannot delete submitted snapshots or grant direct deletion [33m 1182[2mms[22m[39m
     [33m[2m✓[22m[39m wizard snapshot refresh and submission serialize in application-first order [33m 1169[2mms[22m[39m
     [33m[2m✓[22m[39m paid correction checks profile bytes then accepts repair without new charge [33m 1663[2mms[22m[39m
     [33m[2m✓[22m[39m actual submission gate rejects synthetic scope metadata corruption [33m 1110[2mms[22m[39m
     [33m[2m✓[22m[39m actual submission gate rejects synthetic slot metadata corruption [33m 970[2mms[22m[39m
     [33m[2m✓[22m[39m actual submission gate rejects synthetic unscanned metadata corruption [33m 942[2mms[22m[39m
     [33m[2m✓[22m[39m actual submission gate rejects synthetic quarantined metadata corruption [33m 917[2mms[22m[39m
     [33m[2m✓[22m[39m actual submission gate rejects synthetic stale metadata corruption [33m 1122[2mms[22m[39m
     [33m[2m✓[22m[39m profile replacement and predecessor cleanup are fenced through qualification commit [33m 3647[2mms[22m[39m
     [33m[2m✓[22m[39m officer pruning retains evidence-referenced rows and removes only unreferenced rows [33m 1075[2mms[22m[39m
     [33m[2m✓[22m[39m blocked wizard refresh does not acquire snapshot before application [33m 930[2mms[22m[39m
[90mstdout[2m | tests/admin-review.db.test.ts[2m > [22m[2mR11 restricted concurrent review[2m > [22m[2mcompeting completion/correction preserves one note/history/certificate and notification
[22m[39m{"level":"info","event":"submission_status_changed","applicationId":"cmu8a59vs0003siyfc840djsb","previousStatus":"SUBMITTED","newStatus":"NEEDS_EDIT","adminId":"cmu8a59vj0000siyfxxbbimj2","mobile":"723****e53d","hasNote":true,"hasCertificate":false}

[90mstdout[2m | tests/admin-review.db.test.ts[2m > [22m[2mR11 restricted concurrent review[2m > [22m[2mcompletion winner preserves exact certificate and stale correction gets409
[22m[39m{"level":"info","event":"submission_status_changed","applicationId":"cmu8a59y80009siyft8ahd2j0","previousStatus":"SUBMITTED","newStatus":"VALIDATION_COMPLETED","adminId":"cmu8a59y50006siyfbnwdm4qs","mobile":"a95****1b09","hasNote":true,"hasCertificate":true}

[90mstdout[2m | tests/admin-review.db.test.ts[2m > [22m[2mR11 restricted concurrent review[2m > [22m[2mmissing token and stale browser note cannot silently overwrite
[22m[39m{"level":"info","event":"submission_status_changed","applicationId":"cmu8a59zl000jsiyf6bjfkl67","previousStatus":"SUBMITTED","newStatus":"UNDER_REVIEW","adminId":"cmu8a59zh000gsiyfe5u7d7j6","mobile":"e54****59e1","hasNote":true,"hasCertificate":false}

[90mstdout[2m | tests/admin-review.db.test.ts[2m > [22m[2mR11 restricted concurrent review[2m > [22m[2mcertificate stale token maps to HTTP409 and preserves current bytes
[22m[39m{"level":"info","event":"validation_certificate_replaced","applicationId":"cmu8a5a1z0012siyfysvgb9hb","adminId":"cmu8a5a1w000zsiyfqzm7dwkq","mobile":"34f****281b"}

[90mstdout[2m | tests/admin-review.db.test.ts[2m > [22m[2mR11 restricted concurrent review[2m > [22m[2mSMS failure cannot undo transition or authorize duplicate retry
[22m[39m{"level":"info","event":"submission_status_changed","applicationId":"cmu8a5a2x001asiyfeluheedk","previousStatus":"SUBMITTED","newStatus":"NEEDS_EDIT","adminId":"cmu8a5a2v0017siyfv9qfkzpq","mobile":"a0f****c5eb","hasNote":true,"hasCertificate":false}

[90mstderr[2m | tests/admin-review.db.test.ts[2m > [22m[2mR11 restricted concurrent review[2m > [22m[2mSMS failure cannot undo transition or authorize duplicate retry
[22m[39m{"level":"error","event":"submission_status_sms_failed","applicationId":"cmu8a5a2x001asiyfeluheedk","newStatus":"NEEDS_EDIT","mobile":"a0f****c5eb","error":{"name":"Error","message":"synthetic outage","stack":"Error: synthetic outage\n    at /private/var/folders/g_/f5ccnp_51q15by15f4svlw6c0000gn/T/sana-phase12-ixzihxm_/source/tests/admin-review.db.test.ts:68:147\n    at file:///private/var/folders/g_/f5ccnp_51q15by15f4svlw6c0000gn/T/sana-phase12-ixzihxm_/source/node_modules/@vitest/runner/dist/chunk-artifact.js:1903:20"}}

[90mstdout[2m | tests/admin-review.db.test.ts[2m > [22m[2mR11 restricted concurrent review[2m > [22m[2mapplicant resubmission and admin restart produce one legal winner without recharge
[22m[39m{"level":"info","event":"submission_status_changed","applicationId":"cmu8a5a3n001gsiyfvcz2w5xa","previousStatus":"NEEDS_EDIT","newStatus":"UNDER_REVIEW","adminId":"cmu8a5a3l001dsiyf098hjlck","mobile":"998****9c72","hasNote":true,"hasCertificate":false}

[90mstderr[2m | tests/admin-review.db.test.ts[2m > [22m[2mR11 restricted concurrent review[2m > [22m[2msuccessful SMS plus lost commit acknowledgement never becomes retryable
[22m[39m{"level":"error","event":"facilities_correction_sms_persistence_unconfirmed","applicationId":"r1121832e01407f411d9be6568141c31e20-application","correctionRequestId":"cmu8a5af7002xsiyfm0mit5ff","reasonCode":"PERSISTENCE_UNCONFIRMED","error":{"message":"undefined"}}

[90mstderr[2m | tests/admin-review.db.test.ts[2m > [22m[2mR11 restricted concurrent review[2m > [22m[2muncertain SMS consumes claim and cannot dispatch another send
[22m[39m{"level":"error","event":"facilities_correction_sms_unconfirmed","applicationId":"r1101a81ecb987e43b3af8be4951175b85f-application","correctionRequestId":"cmu8a5ah80036siyfklpire3e","mobile":"use****b85f","reasonCode":"DELIVERY_UNCONFIRMED","error":{"message":"undefined"}}

[90mstderr[2m | tests/admin-review.db.test.ts[2m > [22m[2mR11 restricted concurrent review[2m > [22m[2mpostcommit claim failure reports committed correction with uncertain delivery
[22m[39m{"level":"error","event":"facilities_correction_sms_claim_unconfirmed","correctionRequestId":"cmu8a5aln003nsiyf0cj92bcq","reasonCode":"CLAIM_UNCONFIRMED","error":{"message":"undefined"}}

 [32m✓[39m tests/admin-review.db.test.ts [2m([22m[2m20 tests[22m[2m)[22m[33m 1126[2mms[22m[39m
[90mstderr[2m | tests/facilities-payment-action.test.ts[2m > [22m[2mfacilities payment and submission actions[2m > [22m[2mrecords a late capture when the gateway confirms an attempt that was already closed, and submits
[22m[39m{"level":"warn","event":"facilities_payment_late_capture_recorded","paymentAttemptId":"pay_1","applicationId":"app_1","previousStatus":"FAILED"}

 [32m✓[39m tests/facilities-payment-action.test.ts [2m([22m[2m21 tests[22m[2m)[22m[32m 64[2mms[22m[39m
[90mstdout[2m | tests/facilities-replacement.db.test.ts[2m > [22m[2mR7 restricted PostgreSQL replacement and actual storage[2m > [22m[2mreal process death at staging preserves recoverable state and current bytes
[22m[39m{"fixture":"R7 process crash","point":"staging","pid":55899,"signal":"SIGKILL"}

[90mstdout[2m | tests/facilities-replacement.db.test.ts[2m > [22m[2mR7 restricted PostgreSQL replacement and actual storage[2m > [22m[2mreal process death at promotion preserves recoverable state and current bytes
[22m[39m{"fixture":"R7 process crash","point":"promotion","pid":55914,"signal":"SIGKILL"}

[90mstdout[2m | tests/facilities-replacement.db.test.ts[2m > [22m[2mR7 restricted PostgreSQL replacement and actual storage[2m > [22m[2mreal process death at attachment preserves recoverable state and current bytes
[22m[39m{"fixture":"R7 process crash","point":"attachment","pid":55926,"signal":"SIGKILL"}

[90mstdout[2m | tests/facilities-replacement.db.test.ts[2m > [22m[2mR7 restricted PostgreSQL replacement and actual storage[2m > [22m[2mreal process death at commit preserves recoverable state and current bytes
[22m[39m{"fixture":"R7 process crash","point":"commit","pid":55933,"signal":"SIGKILL"}

[90mstdout[2m | tests/facilities-replacement.db.test.ts[2m > [22m[2mR7 restricted PostgreSQL replacement and actual storage[2m > [22m[2mreal process death at retry-claim preserves recoverable state and current bytes
[22m[39m{"fixture":"R7 process crash","point":"retry-claim","pid":55949,"signal":"SIGKILL"}

 [32m✓[39m tests/facilities-replacement.db.test.ts [2m([22m[2m29 tests[22m[2m)[22m[33m 16148[2mms[22m[39m
     [33m[2m✓[22m[39m orphan listing may pause beyond transaction timeout without deleting a recovered current [33m 5261[2mms[22m[39m
     [33m[2m✓[22m[39m late legacy references are denied even after a cleanup transaction times out [33m 5181[2mms[22m[39m
     [33m[2m✓[22m[39m real process death at staging preserves recoverable state and current bytes [33m 859[2mms[22m[39m
     [33m[2m✓[22m[39m real process death at promotion preserves recoverable state and current bytes [33m 576[2mms[22m[39m
     [33m[2m✓[22m[39m real process death at attachment preserves recoverable state and current bytes [33m 580[2mms[22m[39m
     [33m[2m✓[22m[39m real process death at commit preserves recoverable state and current bytes [33m 552[2mms[22m[39m
     [33m[2m✓[22m[39m real process death at retry-claim preserves recoverable state and current bytes [33m 615[2mms[22m[39m
 [32m✓[39m tests/facilities-files.test.ts [2m([22m[2m15 tests[22m[2m)[22m[32m 34[2mms[22m[39m
[90mstderr[2m | tests/otp-verification.db.test.ts[2m > [22m[2mR3 restricted PostgreSQL verification[2m > [22m[2mcookie failure spends the code and retry cannot create another session
[22m[39m{"level":"warn","event":"otp_verify_unavailable","reason":"verification_failed"}

[90mstderr[2m | tests/otp-verification.db.test.ts[2m > [22m[2mR3 restricted PostgreSQL verification[2m > [22m[2mcleanup failure denies before bcrypt and recovers after capability restoration
[22m[39m{"level":"warn","event":"otp_verify_unavailable","reason":"verification_failed"}

[90mstderr[2m | tests/otp-verification.db.test.ts[2m > [22m[2mR3 restricted PostgreSQL verification[2m > [22m[2mreservation DB failure denies before compare and recovers
[22m[39m{"level":"warn","event":"otp_verify_unavailable","reason":"verification_failed"}

[90mstderr[2m | tests/otp-verification.db.test.ts[2m > [22m[2mR3 restricted PostgreSQL verification[2m > [22m[2mlock conflict times out safely, spends capacity, and recovers
[22m[39m{"level":"warn","event":"otp_verify_unavailable","reason":"verification_failed"}

[90mstderr[2m | tests/otp-verification.db.test.ts[2m > [22m[2mR3 restricted PostgreSQL verification[2m > [22m[2mconsume write failure rolls back user creation but keeps spent guess
[22m[39m{"level":"warn","event":"otp_verify_unavailable","reason":"verification_failed"}

[90mstderr[2m | tests/otp-verification.db.test.ts[2m > [22m[2mR3 restricted PostgreSQL verification[2m > [22m[2mlost commit acknowledgement never issues a cookie or reopens the consumed OTP
[22m[39m{"level":"warn","event":"otp_verify_unavailable","reason":"verification_failed"}

[90mstderr[2m | tests/otp-verification.db.test.ts[2m > [22m[2mR3 restricted PostgreSQL verification[2m > [22m[2mmissing or inconsistent secrets deny without resetting budgets
[22m[39m{"level":"warn","event":"otp_verify_unavailable","reason":"verification_failed"}

[90mstderr[2m | tests/otp-verification.db.test.ts[2m > [22m[2mR3 restricted PostgreSQL verification[2m > [22m[2mmissing or inconsistent secrets deny without resetting budgets
[22m[39m{"level":"warn","event":"otp_verify_unavailable","reason":"verification_failed"}

 [32m✓[39m tests/otp-verification.db.test.ts [2m([22m[2m26 tests[22m[2m)[22m[33m 9636[2mms[22m[39m
     [33m[2m✓[22m[39m twelve concurrent wrong requests compare the real code at most five times [33m 766[2mms[22m[39m
     [33m[2m✓[22m[39m twelve concurrent correct requests issue exactly one session [33m 937[2mms[22m[39m
     [33m[2m✓[22m[39m reserve rechecks expiry after an unchanged row-lock wait [33m 1028[2mms[22m[39m
     [33m[2m✓[22m[39m consume rechecks expiry after an unchanged row-lock wait [33m 1042[2mms[22m[39m
     [33m[2m✓[22m[39m unknown address is shared across mobiles and purposes [33m 2359[2mms[22m[39m
     [33m[2m✓[22m[39m lock conflict times out safely, spends capacity, and recovers [33m 2076[2mms[22m[39m
[90mstdout[2m | tests/document-qualification.db.test.ts[2m > [22m[2mR10 required files restricted PostgreSQL and actual bytes[2m > [22m[2mretains capture after file loss, permits repair, submits once without repayment
[22m[39m{"level":"info","event":"payment_start_requested","applicationId":"cmu8a5x6g00a0sic107qunsk3","paymentId":"cmu8a5xc500b0sic1dy0tww57","amountToman":3000000}

[90mstdout[2m | tests/document-qualification.db.test.ts[2m > [22m[2mR10 required files restricted PostgreSQL and actual bytes[2m > [22m[2mretains capture after file loss, permits repair, submits once without repayment
[22m[39m{"level":"info","event":"payment_start_succeeded","applicationId":"cmu8a5x6g00a0sic107qunsk3","paymentId":"cmu8a5xc500b0sic1dy0tww57"}

[90mstdout[2m | tests/document-qualification.db.test.ts[2m > [22m[2mR10 required files restricted PostgreSQL and actual bytes[2m > [22m[2mretains capture after file loss, permits repair, submits once without repayment
[22m[39m{"level":"info","event":"payment_verification_succeeded","paymentId":"cmu8a5xc500b0sic1dy0tww57","applicationId":"cmu8a5x6g00a0sic107qunsk3","referenceId":"fixture-reference"}

[90mstderr[2m | tests/document-qualification.db.test.ts[2m > [22m[2mR10 required files restricted PostgreSQL and actual bytes[2m > [22m[2mretains capture after file loss, permits repair, submits once without repayment
[22m[39m{"level":"warn","event":"admin_submission_notification_skipped","applicationId":"cmu8a5x6g00a0sic107qunsk3","reason":"missing_admin_alert_mobile"}

[90mstdout[2m | tests/document-qualification.db.test.ts[2m > [22m[2mR10 required files restricted PostgreSQL and actual bytes[2m > [22m[2mretains capture after file loss, permits repair, submits once without repayment
[22m[39m{"level":"info","event":"user_submission_notification_sent","applicationId":"cmu8a5x6g00a0sic107qunsk3"}

[90mstdout[2m | tests/document-qualification.db.test.ts[2m > [22m[2mR10 required files restricted PostgreSQL and actual bytes[2m > [22m[2mrecovers original uncertain payment despite missing documents
[22m[39m{"level":"info","event":"payment_start_requested","applicationId":"cmu8a5xj800bbsic1usznpuhp","paymentId":"cmu8a5xos00cbsic1xsyuqkw5","amountToman":3000000}

[90mstdout[2m | tests/document-qualification.db.test.ts[2m > [22m[2mR10 required files restricted PostgreSQL and actual bytes[2m > [22m[2mrecovers original uncertain payment despite missing documents
[22m[39m{"level":"info","event":"payment_start_succeeded","applicationId":"cmu8a5xj800bbsic1usznpuhp","paymentId":"cmu8a5xos00cbsic1xsyuqkw5"}

[90mstdout[2m | tests/document-qualification.db.test.ts[2m > [22m[2mR10 required files restricted PostgreSQL and actual bytes[2m > [22m[2mrecovers original uncertain payment despite missing documents
[22m[39m{"level":"info","event":"payment_verification_succeeded","paymentId":"cmu8a5xos00cbsic1xsyuqkw5","applicationId":"cmu8a5xj800bbsic1usznpuhp","referenceId":"fixture-reference"}

[90mstdout[2m | tests/document-qualification.db.test.ts[2m > [22m[2mR10 required files restricted PostgreSQL and actual bytes[2m > [22m[2mincomplete browser payload can resume the existing authority
[22m[39m{"level":"info","event":"payment_start_requested","applicationId":"cmu8a5y8l00fqsic1t3xtqt3p","paymentId":"cmu8a5yey00gqsic1exdq259l","amountToman":3000000}

[90mstdout[2m | tests/document-qualification.db.test.ts[2m > [22m[2mR10 required files restricted PostgreSQL and actual bytes[2m > [22m[2mincomplete browser payload can resume the existing authority
[22m[39m{"level":"info","event":"payment_start_succeeded","applicationId":"cmu8a5y8l00fqsic1t3xtqt3p","paymentId":"cmu8a5yey00gqsic1exdq259l"}

[90mstdout[2m | tests/document-qualification.db.test.ts[2m > [22m[2mR10 required files restricted PostgreSQL and actual bytes[2m > [22m[2mbrowser retry repairs the crash boundary after capture without valid form input
[22m[39m{"level":"info","event":"payment_start_requested","applicationId":"cmu8a5yfv00gusic15lp3yuwl","paymentId":"cmu8a5ylr00husic1vwye7lnv","amountToman":3000000}

[90mstdout[2m | tests/document-qualification.db.test.ts[2m > [22m[2mR10 required files restricted PostgreSQL and actual bytes[2m > [22m[2mbrowser retry repairs the crash boundary after capture without valid form input
[22m[39m{"level":"info","event":"payment_start_succeeded","applicationId":"cmu8a5yfv00gusic15lp3yuwl","paymentId":"cmu8a5ylr00husic1vwye7lnv"}

[90mstdout[2m | tests/document-qualification.db.test.ts[2m > [22m[2mR10 required files restricted PostgreSQL and actual bytes[2m > [22m[2mpaid corrections enforce files without collecting the fee again
[22m[39m{"level":"info","event":"payment_start_requested","applicationId":"cmu8a5ynf00i0sic1oif501am","paymentId":"cmu8a5ytv00j0sic1hz3mn83t","amountToman":3000000}

[90mstdout[2m | tests/document-qualification.db.test.ts[2m > [22m[2mR10 required files restricted PostgreSQL and actual bytes[2m > [22m[2mpaid corrections enforce files without collecting the fee again
[22m[39m{"level":"info","event":"payment_start_succeeded","applicationId":"cmu8a5ynf00i0sic1oif501am","paymentId":"cmu8a5ytv00j0sic1hz3mn83t"}

[90mstdout[2m | tests/document-qualification.db.test.ts[2m > [22m[2mR10 required files restricted PostgreSQL and actual bytes[2m > [22m[2mpaid corrections enforce files without collecting the fee again
[22m[39m{"level":"info","event":"payment_verification_succeeded","paymentId":"cmu8a5ytv00j0sic1hz3mn83t","applicationId":"cmu8a5ynf00i0sic1oif501am","referenceId":"fixture-reference"}

[90mstderr[2m | tests/document-qualification.db.test.ts[2m > [22m[2mR10 required files restricted PostgreSQL and actual bytes[2m > [22m[2mpaid corrections enforce files without collecting the fee again
[22m[39m{"level":"warn","event":"admin_submission_notification_skipped","applicationId":"cmu8a5ynf00i0sic1oif501am","reason":"missing_admin_alert_mobile"}

[90mstdout[2m | tests/document-qualification.db.test.ts[2m > [22m[2mR10 required files restricted PostgreSQL and actual bytes[2m > [22m[2mpaid corrections enforce files without collecting the fee again
[22m[39m{"level":"info","event":"user_submission_notification_sent","applicationId":"cmu8a5ynf00i0sic1oif501am"}

 [32m✓[39m tests/document-qualification.db.test.ts [2m([22m[2m19 tests[22m[2m)[22m[33m 5074[2mms[22m[39m
     [33m[2m✓[22m[39m rejects foreign references [33m 346[2mms[22m[39m
     [33m[2m✓[22m[39m retains capture after file loss, permits repair, submits once without repayment [33m 458[2mms[22m[39m
     [33m[2m✓[22m[39m paid corrections enforce files without collecting the fee again [33m 415[2mms[22m[39m
     [33m[2m✓[22m[39m a qualified application lock fences replacement until commit [33m 392[2mms[22m[39m
 [32m✓[39m tests/payment-callback.test.ts [2m([22m[2m13 tests[22m[2m)[22m[32m 29[2mms[22m[39m
[90mstderr[2m | tests/otp-request.db.test.ts[2m > [22m[2mR5 restricted PostgreSQL request reservations[2m > [22m[2mfive admissions per rolling hour survive SMS failures and cooldown expiry
[22m[39m{"level":"warn","event":"otp_sms_unconfirmed","reason":"delivery_unconfirmed"}

[90mstderr[2m | tests/otp-request.db.test.ts[2m > [22m[2mR5 restricted PostgreSQL request reservations[2m > [22m[2mfive admissions per rolling hour survive SMS failures and cooldown expiry
[22m[39m{"level":"warn","event":"otp_sms_unconfirmed","reason":"delivery_unconfirmed"}

[90mstderr[2m | tests/otp-request.db.test.ts[2m > [22m[2mR5 restricted PostgreSQL request reservations[2m > [22m[2mfive admissions per rolling hour survive SMS failures and cooldown expiry
[22m[39m{"level":"warn","event":"otp_sms_unconfirmed","reason":"delivery_unconfirmed"}

[90mstderr[2m | tests/otp-request.db.test.ts[2m > [22m[2mR5 restricted PostgreSQL request reservations[2m > [22m[2mfive admissions per rolling hour survive SMS failures and cooldown expiry
[22m[39m{"level":"warn","event":"otp_sms_unconfirmed","reason":"delivery_unconfirmed"}

[90mstderr[2m | tests/otp-request.db.test.ts[2m > [22m[2mR5 restricted PostgreSQL request reservations[2m > [22m[2mfive admissions per rolling hour survive SMS failures and cooldown expiry
[22m[39m{"level":"warn","event":"otp_sms_unconfirmed","reason":"delivery_unconfirmed"}

[90mstderr[2m | tests/otp-request.db.test.ts[2m > [22m[2mR5 restricted PostgreSQL request reservations[2m > [22m[2mhash failure spends admission and blocks immediate retry
[22m[39m{"level":"warn","event":"otp_request_unavailable","reason":"request_or_dispatch_failed"}

[90mstderr[2m | tests/otp-request.db.test.ts[2m > [22m[2mR5 restricted PostgreSQL request reservations[2m > [22m[2minvalid configuration fails closed: 
[22m[39m{"level":"warn","event":"otp_request_unavailable","reason":"request_or_dispatch_failed"}

[90mstderr[2m | tests/otp-request.db.test.ts[2m > [22m[2mR5 restricted PostgreSQL request reservations[2m > [22m[2minvalid configuration fails closed: 0
[22m[39m{"level":"warn","event":"otp_request_unavailable","reason":"request_or_dispatch_failed"}

[90mstderr[2m | tests/otp-request.db.test.ts[2m > [22m[2mR5 restricted PostgreSQL request reservations[2m > [22m[2minvalid configuration fails closed: 3001
[22m[39m{"level":"warn","event":"otp_request_unavailable","reason":"request_or_dispatch_failed"}

[90mstderr[2m | tests/otp-request.db.test.ts[2m > [22m[2mR5 restricted PostgreSQL request reservations[2m > [22m[2minvalid configuration fails closed: garbage
[22m[39m{"level":"warn","event":"otp_request_unavailable","reason":"request_or_dispatch_failed"}

[90mstderr[2m | tests/otp-request.db.test.ts[2m > [22m[2mR5 restricted PostgreSQL request reservations[2m > [22m[2mmissing/mixed secrets fail both request and verification namespaces
[22m[39m{"level":"warn","event":"otp_request_unavailable","reason":"request_or_dispatch_failed"}

[90mstderr[2m | tests/otp-request.db.test.ts[2m > [22m[2mR5 restricted PostgreSQL request reservations[2m > [22m[2mmissing/mixed secrets fail both request and verification namespaces
[22m[39m{"level":"warn","event":"otp_request_unavailable","reason":"request_or_dispatch_failed"}

[90mstderr[2m | tests/otp-request.db.test.ts[2m > [22m[2mR5 restricted PostgreSQL request reservations[2m > [22m[2mlost claim commit acknowledgement prevents SMS and retry
[22m[39m{"level":"warn","event":"otp_request_unavailable","reason":"request_or_dispatch_failed"}

[90mstderr[2m | tests/otp-request.db.test.ts[2m > [22m[2mR5 restricted PostgreSQL request reservations[2m > [22m[2mrequired cleanup failure denies admission and recovery prunes first
[22m[39m{"level":"warn","event":"otp_request_unavailable","reason":"request_or_dispatch_failed"}

 [32m✓[39m tests/otp-request.db.test.ts [2m([22m[2m24 tests[22m[2m)[22m[33m 3355[2mms[22m[39m
     [33m[2m✓[22m[39m five admissions per rolling hour survive SMS failures and cooldown expiry [33m 497[2mms[22m[39m
     [33m[2m✓[22m[39m intent expiry is checked again after waiting on an unchanged OTP lock [33m 1169[2mms[22m[39m
 [32m✓[39m tests/zarinpal.test.ts [2m([22m[2m12 tests[22m[2m)[22m[32m 13[2mms[22m[39m
[90mstdout[2m | tests/payment-action.test.ts[2m > [22m[2mpayment action[2m > [22m[2mstarts payment only after server-side final validation passes
[22m[39m{"level":"info","event":"payment_start_requested","applicationId":"app_1","paymentId":"pay_1","amountToman":3000000}

[90mstdout[2m | tests/payment-action.test.ts[2m > [22m[2mpayment action[2m > [22m[2mstarts payment only after server-side final validation passes
[22m[39m{"level":"info","event":"payment_start_succeeded","applicationId":"app_1","paymentId":"pay_1"}

[90mstdout[2m | tests/payment-action.test.ts[2m > [22m[2mpayment action[2m > [22m[2mpreserves uncertain request instead of marking it failed
[22m[39m{"level":"info","event":"payment_start_requested","applicationId":"app_1","paymentId":"pay_1","amountToman":3000000}

[90mstderr[2m | tests/payment-action.test.ts[2m > [22m[2mpayment action[2m > [22m[2mpreserves uncertain request instead of marking it failed
[22m[39m{"level":"error","event":"payment_start_failed","applicationId":"app_1","paymentId":"pay_1","error":{"name":"Error","message":"provider down","stack":"Error: provider down\n    at /private/var/folders/g_/f5ccnp_51q15by15f4svlw6c0000gn/T/sana-phase12-ixzihxm_/source/tests/payment-action.test.ts:147:52\n    at file:///private/var/folders/g_/f5ccnp_51q15by15f4svlw6c0000gn/T/sana-phase12-ixzihxm_/source/node_modules/@vitest/runner/dist/chunk-artifact.js:302:11\n    at file:///private/var/folders/g_/f5ccnp_51q15by15f4svlw6c0000gn/T/sana-phase12-ixzihxm_/source/node_modules/@vitest/runner/dist/chunk-artifact.js:1903:26\n    at file:///private/var/folders/g_/f5ccnp_51q15by15f4svlw6c0000gn/T/sana-phase12-ixzihxm_/source/node_modules/@vitest/runner/dist/chunk-artifact.js:2326:20\n    at new Promise (<anonymous>)\n    at runWithCancel (file:///private/var/folders/g_/f5ccnp_51q15by15f4svlw6c0000gn/T/sana-phase12-ixzihxm_/source/node_modules/@vitest/runner/dist/chunk-artifact.js:2323:10)\n    at file:///private/var/folders/g_/f5ccnp_51q15by15f4svlw6c0000gn/T/sana-phase12-ixzihxm_/source/node_modules/@vitest/runner/dist/chunk-artifact.js:2305:20\n    at new Promise (<anonymous>)\n    at runWithTimeout (file:///private/var/folders/g_/f5ccnp_51q15by15f4svlw6c0000gn/T/sana-phase12-ixzihxm_/source/node_modules/@vitest/runner/dist/chunk-artifact.js:2272:10)\n    at file:///private/var/folders/g_/f5ccnp_51q15by15f4svlw6c0000gn/T/sana-phase12-ixzihxm_/source/node_modules/@vitest/runner/dist/chunk-artifact.js:2956:64"}}

[90mstderr[2m | tests/payment-action.test.ts[2m > [22m[2mpayment action[2m > [22m[2msubmits corrections without repayment when a needs-edit application already has verified payment
[22m[39m{"level":"warn","event":"admin_submission_notification_skipped","applicationId":"app_1","reason":"missing_admin_alert_mobile"}

[90mstdout[2m | tests/payment-action.test.ts[2m > [22m[2mpayment action[2m > [22m[2msubmits corrections without repayment when a needs-edit application already has verified payment
[22m[39m{"level":"info","event":"user_submission_notification_sent","applicationId":"app_1"}

[90mstdout[2m | tests/payment-action.test.ts[2m > [22m[2mpayment action[2m > [22m[2mcompletes the submission without a new charge when the open attempt was already paid at the gateway
[22m[39m{"level":"info","event":"payment_verification_succeeded","paymentId":"old_pay","applicationId":"app_1","referenceId":"ref_old"}

[90mstderr[2m | tests/payment-action.test.ts[2m > [22m[2mpayment action[2m > [22m[2mcompletes the submission without a new charge when the open attempt was already paid at the gateway
[22m[39m{"level":"warn","event":"admin_submission_notification_skipped","applicationId":"app_1","reason":"missing_admin_alert_mobile"}

[90mstdout[2m | tests/payment-action.test.ts[2m > [22m[2mpayment action[2m > [22m[2mcompletes the submission without a new charge when the open attempt was already paid at the gateway
[22m[39m{"level":"info","event":"user_submission_notification_sent","applicationId":"app_1"}

[90mstderr[2m | tests/payment-action.test.ts[2m > [22m[2mpayment action[2m > [22m[2mdoes not create another payment when a verified payment already exists
[22m[39m{"level":"warn","event":"admin_submission_notification_skipped","applicationId":"app_1","reason":"missing_admin_alert_mobile"}

[90mstdout[2m | tests/payment-action.test.ts[2m > [22m[2mpayment action[2m > [22m[2mdoes not create another payment when a verified payment already exists
[22m[39m{"level":"info","event":"user_submission_notification_sent","applicationId":"app_1"}

 [31m❯[39m tests/payment-action.test.ts [2m([22m[2m10 tests[22m[2m | [22m[31m1 failed[39m[2m)[22m[32m 52[2mms[22m[39m
     [32m✓[39m starts payment only after server-side final validation passes[32m 39[2mms[22m[39m
     [32m✓[39m does not create a payment request when final validation fails[32m 1[2mms[22m[39m
     [32m✓[39m preserves uncertain request instead of marking it failed[32m 3[2mms[22m[39m
     [32m✓[39m submits corrections without repayment when a needs-edit application already has verified payment[32m 2[2mms[22m[39m
     [32m✓[39m blocks another authority for uncertain existing history: retries a pending payment by failing previous initiated attempts and creating a fresh request[32m 1[2mms[22m[39m
     [32m✓[39m completes the submission without a new charge when the open attempt was already paid at the gateway[32m 1[2mms[22m[39m
     [32m✓[39m refuses to start a second charge while the open attempt cannot be verified[32m 1[2mms[22m[39m
     [32m✓[39m blocks another authority for uncertain existing history: closes an open attempt the gateway rejects and then starts a fresh request[32m 0[2mms[22m[39m
[31m     [31m×[31m does not create another payment when a verified payment already exists[39m[32m 3[2mms[22m[39m
     [32m✓[39m blocks another authority for uncertain existing history: returns a pending-payment retry to draft when the fresh gateway request fails[32m 1[2mms[22m[39m
 [32m✓[39m tests/maintenance.db.test.ts [2m([22m[2m17 tests[22m[2m)[22m[33m 7811[2mms[22m[39m
     [33m[2m✓[22m[39m prunes expired 24h-old codes and preserves recent and still-live codes [33m 374[2mms[22m[39m
     [33m[2m✓[22m[39m reports bounded backlog nonzero and resumes in a new process [33m 468[2mms[22m[39m
     [33m[2m✓[22m[39m OTP lock contention is nonzero and does not collide with orphan coordination [33m 396[2mms[22m[39m
     [33m[2m✓[22m[39m reconcile-legacy-files lock contention has an actual nonzero exit [33m 426[2mms[22m[39m
     [33m[2m✓[22m[39m reconcile-facilities-files lock contention has an actual nonzero exit [33m 638[2mms[22m[39m
     [33m[2m✓[22m[39m facilities invalid orphan retention is incomplete through the IPC worker [33m 1399[2mms[22m[39m
     [33m[2m✓[22m[39m stops IPC work on parent death without success [33m 495[2mms[22m[39m
     [33m[2m✓[22m[39m stops IPC work on coordination connection death without success [33m 749[2mms[22m[39m
     [33m[2m✓[22m[39m actual legacy command deletes only the predecessor and aged uncommitted bytes [33m 2161[2mms[22m[39m
     [33m[2m✓[22m[39m restart executes healthy queue ahead of a previously killed blocking queue [33m 382[2mms[22m[39m
 [32m✓[39m tests/facilities-export.test.ts [2m([22m[2m4 tests[22m[2m)[22m[32m 40[2mms[22m[39m
 [32m✓[39m tests/zarinpal-contract.test.ts [2m([22m[2m63 tests[22m[2m)[22m[33m 1030[2mms[22m[39m
     [33m[2m✓[22m[39m actual abort signal bounds a stalled verify without retry [33m 1004[2mms[22m[39m
 [32m✓[39m tests/admin-enumeration.db.test.ts [2m([22m[2m8 tests[22m[2m)[22m[33m 1613[2mms[22m[39m
     [33m[2m✓[22m[39m concurrent distinct unknown probes spend the shared unknown budget without accounts or dispatch [33m 485[2mms[22m[39m
 [32m✓[39m tests/no-committed-gateway-credentials.test.ts [2m([22m[2m2 tests[22m[2m)[22m[32m 97[2mms[22m[39m
 [32m✓[39m tests/facilities-draft-details-action.test.ts [2m([22m[2m2 tests[22m[2m)[22m[32m 45[2mms[22m[39m
 [32m✓[39m tests/facilities-review-actions.test.ts [2m([22m[2m4 tests[22m[2m)[22m[32m 85[2mms[22m[39m
 [32m✓[39m tests/admin-certificate-route.test.ts [2m([22m[2m3 tests[22m[2m)[22m[32m 28[2mms[22m[39m
 [32m✓[39m tests/facilities-private-file-route.test.ts [2m([22m[2m8 tests[22m[2m)[22m[32m 15[2mms[22m[39m
 [32m✓[39m tests/admin-status-route.test.ts [2m([22m[2m2 tests[22m[2m)[22m[32m 25[2mms[22m[39m
 [32m✓[39m tests/admin-actions-permissions.test.ts [2m([22m[2m5 tests[22m[2m)[22m[32m 54[2mms[22m[39m
 [32m✓[39m tests/payment-return-page.test.tsx [2m([22m[2m8 tests[22m[2m)[22m[32m 14[2mms[22m[39m
 [32m✓[39m tests/facilities-payment-callback-route.test.ts [2m([22m[2m3 tests[22m[2m)[22m[32m 22[2mms[22m[39m
 [32m✓[39m tests/admin-export-route.test.ts [2m([22m[2m3 tests[22m[2m)[22m[32m 22[2mms[22m[39m
[90mstdout[2m | tests/sms-index.test.ts[2m > [22m[2msendSms[2m > [22m[2mcan send through the provider outside production when explicitly enabled
[22m[39m{"level":"info","event":"sms_send_started","to":"091****6789","template":"sanaotp"}

[90mstdout[2m | tests/sms-index.test.ts[2m > [22m[2msendSms[2m > [22m[2mcan send through the provider outside production when explicitly enabled
[22m[39m{"level":"info","event":"sms_send_succeeded","to":"091****6789","template":"sanaotp"}

[90mstdout[2m | tests/sms-index.test.ts[2m > [22m[2msendSms[2m > [22m[2mdoes not confirm malformed or rejected provider result {}
[22m[39m{"level":"info","event":"sms_send_started","to":"091****6789"}

[90mstderr[2m | tests/sms-index.test.ts[2m > [22m[2msendSms[2m > [22m[2mdoes not confirm malformed or rejected provider result {}
[22m[39m{"level":"warn","event":"sms_send_failed","to":"091****6789"}

[90mstdout[2m | tests/sms-index.test.ts[2m > [22m[2msendSms[2m > [22m[2mdoes not confirm malformed or rejected provider result null
[22m[39m{"level":"info","event":"sms_send_started","to":"091****6789"}

[90mstderr[2m | tests/sms-index.test.ts[2m > [22m[2msendSms[2m > [22m[2mdoes not confirm malformed or rejected provider result null
[22m[39m{"level":"warn","event":"sms_send_failed","to":"091****6789"}

[90mstdout[2m | tests/sms-index.test.ts[2m > [22m[2msendSms[2m > [22m[2mdoes not confirm malformed or rejected provider result {"IsSuccess":false,"Message":"private-provider-text"}
[22m[39m{"level":"info","event":"sms_send_started","to":"091****6789"}

[90mstderr[2m | tests/sms-index.test.ts[2m > [22m[2msendSms[2m > [22m[2mdoes not confirm malformed or rejected provider result {"IsSuccess":false,"Message":"private-provider-text"}
[22m[39m{"level":"warn","event":"sms_send_failed","to":"091****6789"}

[90mstdout[2m | tests/sms-index.test.ts[2m > [22m[2msendSms[2m > [22m[2mdoes not confirm malformed or rejected provider result {"result":"error"}
[22m[39m{"level":"info","event":"sms_send_started","to":"091****6789"}

[90mstderr[2m | tests/sms-index.test.ts[2m > [22m[2msendSms[2m > [22m[2mdoes not confirm malformed or rejected provider result {"result":"error"}
[22m[39m{"level":"warn","event":"sms_send_failed","to":"091****6789"}

 [32m✓[39m tests/sms-index.test.ts [2m([22m[2m6 tests[22m[2m)[22m[32m 12[2mms[22m[39m
 [32m✓[39m tests/facilities-application-files-route.test.ts [2m([22m[2m7 tests[22m[2m)[22m[32m 24[2mms[22m[39m
 [32m✓[39m tests/client-ip.test.ts [2m([22m[2m3 tests[22m[2m)[22m[32m 31[2mms[22m[39m
 [32m✓[39m tests/upload-route.test.ts [2m([22m[2m8 tests[22m[2m)[22m[32m 27[2mms[22m[39m
 [32m✓[39m tests/protected-file-route.test.ts [2m([22m[2m5 tests[22m[2m)[22m[32m 16[2mms[22m[39m
[90mstderr[2m | tests/auth-actions.test.ts[2m > [22m[2mauth actions[2m > [22m[2mkeeps code entry available on uncertain delivery without retrying SMS
[22m[39m{"level":"warn","event":"otp_sms_unconfirmed","reason":"delivery_unconfirmed"}

[90mstderr[2m | tests/auth-actions.test.ts[2m > [22m[2mauth actions[2m > [22m[2mdoes not dispatch after claim failure
[22m[39m{"level":"warn","event":"otp_request_unavailable","reason":"request_or_dispatch_failed"}

[90mstderr[2m | tests/auth-actions.test.ts[2m > [22m[2mauth actions[2m > [22m[2mfails closed before comparison on database failure
[22m[39m{"level":"warn","event":"otp_verify_unavailable","reason":"verification_failed"}

[90mstderr[2m | tests/auth-actions.test.ts[2m > [22m[2mauth actions[2m > [22m[2muniform admin response on sms uncertainty, with padding and no replay
[22m[39m{"level":"warn","event":"admin_otp_unconfirmed","reason":"request_or_delivery_unconfirmed"}

[90mstderr[2m | tests/auth-actions.test.ts[2m > [22m[2mauth actions[2m > [22m[2muniform admin response on lookup uncertainty, with padding and no replay
[22m[39m{"level":"warn","event":"admin_otp_unconfirmed","reason":"request_or_delivery_unconfirmed"}

[90mstderr[2m | tests/auth-actions.test.ts[2m > [22m[2mauth actions[2m > [22m[2muniform admin response on claim uncertainty, with padding and no replay
[22m[39m{"level":"warn","event":"admin_otp_unconfirmed","reason":"request_or_delivery_unconfirmed"}

 [32m✓[39m tests/auth-actions.test.ts [2m([22m[2m20 tests[22m[2m)[22m[32m 18[2mms[22m[39m
 [32m✓[39m tests/auth-request-guard.test.ts [2m([22m[2m58 tests[22m[2m)[22m[32m 29[2mms[22m[39m
 [32m✓[39m tests/private-document-read.test.ts [2m([22m[2m10 tests[22m[2m)[22m[32m 19[2mms[22m[39m
 [32m✓[39m tests/status-history-timeline.test.tsx [2m([22m[2m1 test[22m[2m)[22m[32m 24[2mms[22m[39m
 [32m✓[39m tests/facilities-application-wizard.test.tsx [2m([22m[2m5 tests[22m[2m)[22m[32m 30[2mms[22m[39m
[90mstderr[2m | tests/upload-validation.test.ts[2m > [22m[2mlegacy upload scanning[2m > [22m[2mrejects files the configured scanner flags or cannot scan, writing nothing
[22m[39m{"level":"warn","event":"legacy_upload_scan_rejected","status":"FAILED","reason":"MALWARE_DETECTED","fileType":"PDF","size":60}

[90mstderr[2m | tests/upload-validation.test.ts[2m > [22m[2mlegacy upload scanning[2m > [22m[2mrejects files the configured scanner flags or cannot scan, writing nothing
[22m[39m{"level":"warn","event":"legacy_upload_scan_rejected","status":"UNAVAILABLE","reason":"SCANNER_UNAVAILABLE","fileType":"PDF","size":60}

[90mstderr[2m | tests/upload-validation.test.ts[2m > [22m[2mlegacy upload scanning[2m > [22m[2mfails closed when no scanner is configured at all, and scans when one is
[22m[39m{"level":"error","event":"legacy_upload_scanner_not_configured","fileType":"PDF","size":60,"error":{"message":"undefined"}}

 [32m✓[39m tests/upload-validation.test.ts [2m([22m[2m12 tests[22m[2m)[22m[32m 16[2mms[22m[39m
 [32m✓[39m tests/upload-request-guards.test.ts [2m([22m[2m3 tests[22m[2m)[22m[32m 18[2mms[22m[39m
 [32m✓[39m tests/facilities-m9-release.test.ts [2m([22m[2m10 tests[22m[2m)[22m[32m 21[2mms[22m[39m
 [32m✓[39m tests/facilities-review-ui.test.tsx [2m([22m[2m3 tests[22m[2m)[22m[32m 22[2mms[22m[39m
 [32m✓[39m tests/facilities-admin-file-route.test.ts [2m([22m[2m3 tests[22m[2m)[22m[32m 15[2mms[22m[39m
 [32m✓[39m tests/health-route.test.ts [2m([22m[2m2 tests[22m[2m)[22m[32m 20[2mms[22m[39m
 [32m✓[39m tests/admin-human-resources.test.ts [2m([22m[2m4 tests[22m[2m)[22m[32m 16[2mms[22m[39m
 [32m✓[39m tests/facilities-export-route.test.ts [2m([22m[2m3 tests[22m[2m)[22m[32m 21[2mms[22m[39m
 [32m✓[39m tests/facilities-editable-snapshot.test.ts [2m([22m[2m5 tests[22m[2m)[22m[32m 8[2mms[22m[39m
 [32m✓[39m tests/status-history-timeline-item.test.tsx [2m([22m[2m1 test[22m[2m)[22m[32m 9[2mms[22m[39m
 [32m✓[39m tests/validation-certificate-download.test.tsx [2m([22m[2m2 tests[22m[2m)[22m[32m 9[2mms[22m[39m
 [32m✓[39m tests/admin-readonly-ui.test.tsx [2m([22m[2m3 tests[22m[2m)[22m[32m 14[2mms[22m[39m
 [32m✓[39m tests/validation-certificate-panel.test.tsx [2m([22m[2m3 tests[22m[2m)[22m[32m 14[2mms[22m[39m
 [32m✓[39m tests/export-submissions.test.ts [2m([22m[2m3 tests[22m[2m)[22m[32m 7[2mms[22m[39m
 [32m✓[39m tests/facilities-audit-loader.test.ts [2m([22m[2m2 tests[22m[2m)[22m[32m 6[2mms[22m[39m
 [32m✓[39m tests/final-payment-step.test.tsx [2m([22m[2m3 tests[22m[2m)[22m[32m 9[2mms[22m[39m
 [32m✓[39m tests/facilities-reconciliation.test.ts [2m([22m[2m6 tests[22m[2m)[22m[32m 6[2mms[22m[39m
 [32m✓[39m tests/export-submissions-cap.test.ts [2m([22m[2m2 tests[22m[2m)[22m[32m 4[2mms[22m[39m
 [32m✓[39m tests/logger.test.ts [2m([22m[2m3 tests[22m[2m)[22m[32m 5[2mms[22m[39m
 [32m✓[39m tests/dashboard-evaluation-notice.test.tsx [2m([22m[2m1 test[22m[2m)[22m[32m 6[2mms[22m[39m
 [32m✓[39m tests/validation/application.test.ts [2m([22m[2m7 tests[22m[2m)[22m[32m 6[2mms[22m[39m
 [32m✓[39m tests/facilities-profile-lock.test.ts [2m([22m[2m6 tests[22m[2m)[22m[32m 5[2mms[22m[39m
 [32m✓[39m tests/facilities-submission-validation.test.ts [2m([22m[2m3 tests[22m[2m)[22m[32m 4[2mms[22m[39m
 [32m✓[39m tests/status-history-note.test.tsx [2m([22m[2m1 test[22m[2m)[22m[32m 6[2mms[22m[39m
 [32m✓[39m tests/pagination.test.ts [2m([22m[2m3 tests[22m[2m)[22m[32m 9[2mms[22m[39m
 [32m✓[39m tests/facilities-scan-semaphore.test.ts [2m([22m[2m3 tests[22m[2m)[22m[32m 6[2mms[22m[39m
 [32m✓[39m tests/payment-status-relationship.test.ts [2m([22m[2m2 tests[22m[2m)[22m[32m 3[2mms[22m[39m
[90mstderr[2m | tests/ghasedak.test.ts[2m > [22m[2mGhasedak SMS adapter[2m > [22m[2mrefuses a plain-http base URL in production unless explicitly overridden
[22m[39m{"level":"warn","event":"sms_insecure_transport","reason":"GHASEDAK_ALLOW_INSECURE_HTTP"}

 [32m✓[39m tests/ghasedak.test.ts [2m([22m[2m5 tests[22m[2m)[22m[32m 8[2mms[22m[39m
 [32m✓[39m tests/upload-rate-limit.test.ts [2m([22m[2m3 tests[22m[2m)[22m[32m 6[2mms[22m[39m
 [32m✓[39m tests/otp-request-route.test.ts [2m([22m[2m2 tests[22m[2m)[22m[32m 16[2mms[22m[39m
 [32m✓[39m tests/facilities-review-status.test.ts [2m([22m[2m2 tests[22m[2m)[22m[32m 4[2mms[22m[39m
 [32m✓[39m tests/facilities-retention.test.ts [2m([22m[2m2 tests[22m[2m)[22m[32m 3[2mms[22m[39m
 [32m✓[39m tests/facilities-config-validation.test.ts [2m([22m[2m3 tests[22m[2m)[22m[32m 7[2mms[22m[39m
 [32m✓[39m tests/sms-messages.test.ts [2m([22m[2m4 tests[22m[2m)[22m[32m 3[2mms[22m[39m
 [32m✓[39m tests/facilities-payment-notice.test.ts [2m([22m[2m5 tests[22m[2m)[22m[32m 2[2mms[22m[39m
 [32m✓[39m tests/application-access.test.ts [2m([22m[2m3 tests[22m[2m)[22m[32m 2[2mms[22m[39m
 [32m✓[39m tests/status-labels.test.ts [2m([22m[2m2 tests[22m[2m)[22m[32m 3[2mms[22m[39m
 [32m✓[39m tests/validation/auth.test.ts [2m([22m[2m5 tests[22m[2m)[22m[32m 8[2mms[22m[39m
 [32m✓[39m tests/facilities-audit.test.ts [2m([22m[2m2 tests[22m[2m)[22m[32m 3[2mms[22m[39m
 [32m✓[39m tests/facilities-export-loading.test.ts [2m([22m[2m2 tests[22m[2m)[22m[32m 3[2mms[22m[39m
 [32m✓[39m tests/admin-permissions.test.ts [2m([22m[2m3 tests[22m[2m)[22m[32m 2[2mms[22m[39m
 [32m✓[39m tests/facilities-payment-state.test.ts [2m([22m[2m2 tests[22m[2m)[22m[32m 2[2mms[22m[39m
 [32m✓[39m tests/admin-response.test.ts [2m([22m[2m6 tests[22m[2m)[22m[32m 4[2mms[22m[39m
 [32m✓[39m tests/status-transitions.test.ts [2m([22m[2m4 tests[22m[2m)[22m[32m 2[2mms[22m[39m
 [32m✓[39m tests/status-history-format.test.ts [2m([22m[2m2 tests[22m[2m)[22m[32m 3[2mms[22m[39m
 [32m✓[39m tests/security-headers.test.ts [2m([22m[2m3 tests[22m[2m)[22m[32m 2[2mms[22m[39m
 [32m✓[39m tests/prune-auth-verification.test.ts [2m([22m[2m1 test[22m[2m)[22m[32m 14[2mms[22m[39m
 [32m✓[39m tests/otp-verification-route.test.ts [2m([22m[2m1 test[22m[2m)[22m[32m 17[2mms[22m[39m

[31m⎯⎯⎯⎯⎯⎯⎯[39m[1m[41m Failed Tests 3 [49m[22m[31m⎯⎯⎯⎯⎯⎯⎯[39m

[41m[1m FAIL [22m[49m tests/payment-action.test.ts[2m > [22mpayment action[2m > [22mdoes not create another payment when a verified payment already exists
[31m[1mAssertionError[22m: expected { ok: false, …(1) } to deeply equal { ok: false, …(1) }[39m

[32m- Expected[39m
[31m+ Received[39m

[2m  {[22m
[32m-   "message": "پرداخت قبلاً ثبت شده است",[39m
[31m+   "message": "وضعیت پرونده تغییر کرده است. پرداخت شما ثبت شده؛ صفحه را تازه‌سازی کنید تا وضعیت فعلی را ببینید.",[39m
[2m    "ok": false,[22m
[2m  }[22m

[36m [2m❯[22m tests/payment-action.test.ts:[2m249:54[22m[39m
    [90m247|[39m     [35mconst[39m { startPayment } [33m=[39m [35mawait[39m [35mimport[39m([32m"@/lib/actions/payment"[39m)[33m;[39m
    [90m248|[39m
    [90m249|[39m     await expect(startPayment(completeApplication())).resolves.toEqual…
    [90m   |[39m                                                      [31m^[39m
    [90m250|[39m       ok[33m:[39m [35mfalse[39m[33m,[39m
    [90m251|[39m       message[33m:[39m [32m"پرداخت قبلاً ثبت شده است"[39m[33m,[39m

[31m[2m⎯⎯⎯⎯⎯⎯⎯⎯⎯⎯⎯⎯⎯⎯⎯⎯⎯⎯⎯⎯⎯⎯⎯⎯[1/3]⎯[22m[39m

[41m[1m FAIL [22m[49m tests/payment-coordination.db.test.ts[2m > [22mR2 real PostgreSQL restricted-role coordination[2m > [22mR1 admin decision winning before resubmit preserves actual review history
[31m[1mError[22m: اطلاعات یا فایل پرونده تغییر کرده است. صفحه را تازه‌سازی و دوباره تلاش کنید.[39m
[36m [2m❯[22m assertReviewSnapshot lib/admin/review-guard.ts:[2m11:11[22m[39m
    [90m  9|[39m   const version = typeof raw === "string" && /^\d+$/.test(raw) ? Numbe…
    [90m 10|[39m   if (!Number.isSafeInteger(version) || version !== application.draftV…
    [90m 11|[39m     [35mthrow[39m [35mnew[39m [33mActionError[39m([33mLEGACY_FILE_CONFLICT[39m[33m,[39m [34m409[39m)[33m;[39m
    [90m   |[39m           [31m^[39m
    [90m 12|[39m   }
    [90m 13|[39m }
[90m [2m❯[22m Module.changeSubmissionStatus lib/actions/admin.ts:[2m111:3[22m[39m
[90m [2m❯[22m tests/payment-coordination.db.test.ts:[2m265:5[22m[39m

[31m[2m⎯⎯⎯⎯⎯⎯⎯⎯⎯⎯⎯⎯⎯⎯⎯⎯⎯⎯⎯⎯⎯⎯⎯⎯[2/3]⎯[22m[39m

[41m[1m FAIL [22m[49m tests/payment-coordination.db.test.ts[2m > [22mR2 real PostgreSQL restricted-role coordination[2m > [22mR1 conflicting completion removes only its new certificate after known rollback
[31m[1mError[22m: Test timed out in 20000ms.
If this is a long-running test, pass a timeout value as the last argument or configure it globally with "testTimeout".[39m
[36m [2m❯[22m tests/payment-coordination.db.test.ts:[2m301:3[22m[39m
    [90m299|[39m   })[33m;[39m
    [90m300|[39m
    [90m301|[39m   it("R1 conflicting completion removes only its new certificate after…
    [90m   |[39m   [31m^[39m
    [90m302|[39m     await startPayment(draft); const p = await payment(); await settle…
    [90m303|[39m     await dispatchSubmissionIntent(appId, "fixture"); vi.mocked(sendSm…

[31m[2m⎯⎯⎯⎯⎯⎯⎯⎯⎯⎯⎯⎯⎯⎯⎯⎯⎯⎯⎯⎯⎯⎯⎯⎯[3/3]⎯[22m[39m


[2m Test Files [22m [1m[31m2 failed[39m[22m[2m | [22m[1m[32m83 passed[39m[22m[90m (85)[39m
[2m      Tests [22m [1m[31m3 failed[39m[22m[2m | [22m[1m[32m689 passed[39m[22m[90m (692)[39m
[2m   Start at [22m 14:33:21
[2m   Duration [22m 110.30s[2m (transform 1.17s, setup 0ms, import 5.27s, tests 95.65s, environment 5ms)[22m

