(!) Your Vite config uses features that are unsupported by `configLoader: 'native'`, which is planned to become the default in a future major version of Vite:
  - ESM syntax in a file loaded as CommonJS (vitest.config.ts:1:1). Use a `.mjs` extension or set `"type": "module"` in the closest package.json
Set `VITE_CONFIG_NATIVE_IGNORE_WARNING=true` to suppress this warning.
(node:63878) [DEP0205] DeprecationWarning: `module.register()` is deprecated. Use `module.registerHooks()` instead.
(Use `node --trace-deprecation ...` to show where the warning was created)

[1m[30m[46m RUN [49m[39m[22m [36mv4.1.11 [39m[90m/private/var/folders/g_/f5ccnp_51q15by15f4svlw6c0000gn/T/sana-phase12-ixzihxm_/source[39m

 [32m✓[39m tests/facilities-document-qualification.db.test.ts [2m([22m[2m19 tests[22m[2m)[22m[33m 21874[2mms[22m[39m
     [33m[2m✓[22m[39m qualifies application and officer/profile evidence, starts valid payment [33m 1598[2mms[22m[39m
     [33m[2m✓[22m[39m blocks missing insurance bytes without new payment [33m 1107[2mms[22m[39m
     [33m[2m✓[22m[39m blocks missing profile-articles-of-association bytes without new payment [33m 1341[2mms[22m[39m
     [33m[2m✓[22m[39m blocks missing officer bytes without new payment [33m 1074[2mms[22m[39m
     [33m[2m✓[22m[39m rejects changed hash and foreign caller ownership [33m 1356[2mms[22m[39m
     [33m[2m✓[22m[39m free submission also checks actual bytes [33m 1118[2mms[22m[39m
     [33m[2m✓[22m[39m capture survives missing profile file and repaired paid draft submits without another charge [33m 980[2mms[22m[39m
     [33m[2m✓[22m[39m paid pending crash is recoverable by browser retry without provider calls [33m 1170[2mms[22m[39m
     [33m[2m✓[22m[39m snapshot maintenance cannot delete submitted snapshots or grant direct deletion [33m 741[2mms[22m[39m
     [33m[2m✓[22m[39m wizard snapshot refresh and submission serialize in application-first order [33m 859[2mms[22m[39m
     [33m[2m✓[22m[39m paid correction checks profile bytes then accepts repair without new charge [33m 1029[2mms[22m[39m
     [33m[2m✓[22m[39m actual submission gate rejects synthetic scope metadata corruption [33m 684[2mms[22m[39m
     [33m[2m✓[22m[39m actual submission gate rejects synthetic slot metadata corruption [33m 724[2mms[22m[39m
     [33m[2m✓[22m[39m actual submission gate rejects synthetic unscanned metadata corruption [33m 864[2mms[22m[39m
     [33m[2m✓[22m[39m actual submission gate rejects synthetic quarantined metadata corruption [33m 684[2mms[22m[39m
     [33m[2m✓[22m[39m actual submission gate rejects synthetic stale metadata corruption [33m 662[2mms[22m[39m
     [33m[2m✓[22m[39m profile replacement and predecessor cleanup are fenced through qualification commit [33m 3577[2mms[22m[39m
     [33m[2m✓[22m[39m officer pruning retains evidence-referenced rows and removes only unreferenced rows [33m 1267[2mms[22m[39m
     [33m[2m✓[22m[39m blocked wizard refresh does not acquire snapshot before application [33m 1002[2mms[22m[39m
[90mstdout[2m | tests/facilities-replacement.db.test.ts[2m > [22m[2mR7 restricted PostgreSQL replacement and actual storage[2m > [22m[2mreal process death at staging preserves recoverable state and current bytes
[22m[39m{"fixture":"R7 process crash","point":"staging","pid":64487,"signal":"SIGKILL"}

[90mstdout[2m | tests/facilities-replacement.db.test.ts[2m > [22m[2mR7 restricted PostgreSQL replacement and actual storage[2m > [22m[2mreal process death at promotion preserves recoverable state and current bytes
[22m[39m{"fixture":"R7 process crash","point":"promotion","pid":64515,"signal":"SIGKILL"}

[90mstdout[2m | tests/facilities-replacement.db.test.ts[2m > [22m[2mR7 restricted PostgreSQL replacement and actual storage[2m > [22m[2mreal process death at attachment preserves recoverable state and current bytes
[22m[39m{"fixture":"R7 process crash","point":"attachment","pid":64527,"signal":"SIGKILL"}

[90mstdout[2m | tests/facilities-replacement.db.test.ts[2m > [22m[2mR7 restricted PostgreSQL replacement and actual storage[2m > [22m[2mreal process death at commit preserves recoverable state and current bytes
[22m[39m{"fixture":"R7 process crash","point":"commit","pid":64529,"signal":"SIGKILL"}

[90mstdout[2m | tests/facilities-replacement.db.test.ts[2m > [22m[2mR7 restricted PostgreSQL replacement and actual storage[2m > [22m[2mreal process death at retry-claim preserves recoverable state and current bytes
[22m[39m{"fixture":"R7 process crash","point":"retry-claim","pid":64541,"signal":"SIGKILL"}

 [32m✓[39m tests/facilities-replacement.db.test.ts [2m([22m[2m29 tests[22m[2m)[22m[33m 16318[2mms[22m[39m
     [33m[2m✓[22m[39m orphan listing may pause beyond transaction timeout without deleting a recovered current [33m 5292[2mms[22m[39m
     [33m[2m✓[22m[39m late legacy references are denied even after a cleanup transaction times out [33m 5163[2mms[22m[39m
     [33m[2m✓[22m[39m real process death at staging preserves recoverable state and current bytes [33m 685[2mms[22m[39m
     [33m[2m✓[22m[39m real process death at promotion preserves recoverable state and current bytes [33m 631[2mms[22m[39m
     [33m[2m✓[22m[39m real process death at attachment preserves recoverable state and current bytes [33m 637[2mms[22m[39m
     [33m[2m✓[22m[39m real process death at commit preserves recoverable state and current bytes [33m 718[2mms[22m[39m
     [33m[2m✓[22m[39m real process death at retry-claim preserves recoverable state and current bytes [33m 633[2mms[22m[39m
[90mstderr[2m | tests/otp-verification.db.test.ts[2m > [22m[2mR3 restricted PostgreSQL verification[2m > [22m[2mcookie failure spends the code and retry cannot create another session
[22m[39m{"level":"warn","event":"otp_verify_unavailable","reason":"verification_failed"}

[90mstderr[2m | tests/otp-verification.db.test.ts[2m > [22m[2mR3 restricted PostgreSQL verification[2m > [22m[2mcleanup failure denies before bcrypt and recovers after capability restoration
[22m[39m{"level":"warn","event":"otp_verify_unavailable","reason":"verification_failed"}

[90mstderr[2m | tests/otp-verification.db.test.ts[2m > [22m[2mR3 restricted PostgreSQL verification[2m > [22m[2mreservation DB failure denies before compare and recovers
[22m[39m{"level":"warn","event":"otp_verify_unavailable","reason":"verification_failed"}

[90mstderr[2m | tests/otp-verification.db.test.ts[2m > [22m[2mR3 restricted PostgreSQL verification[2m > [22m[2mlock conflict times out safely, spends capacity, and recovers
[22m[39m{"level":"warn","event":"otp_verify_unavailable","reason":"verification_failed"}

[90mstderr[2m | tests/otp-verification.db.test.ts[2m > [22m[2mR3 restricted PostgreSQL verification[2m > [22m[2mconsume write failure rolls back user creation but keeps spent guess
[22m[39m{"level":"warn","event":"otp_verify_unavailable","reason":"verification_failed"}

[90mstderr[2m | tests/otp-verification.db.test.ts[2m > [22m[2mR3 restricted PostgreSQL verification[2m > [22m[2mlost commit acknowledgement never issues a cookie or reopens the consumed OTP
[22m[39m{"level":"warn","event":"otp_verify_unavailable","reason":"verification_failed"}

[90mstderr[2m | tests/otp-verification.db.test.ts[2m > [22m[2mR3 restricted PostgreSQL verification[2m > [22m[2mmissing or inconsistent secrets deny without resetting budgets
[22m[39m{"level":"warn","event":"otp_verify_unavailable","reason":"verification_failed"}

[90mstderr[2m | tests/otp-verification.db.test.ts[2m > [22m[2mR3 restricted PostgreSQL verification[2m > [22m[2mmissing or inconsistent secrets deny without resetting budgets
[22m[39m{"level":"warn","event":"otp_verify_unavailable","reason":"verification_failed"}

 [32m✓[39m tests/otp-verification.db.test.ts [2m([22m[2m26 tests[22m[2m)[22m[33m 9349[2mms[22m[39m
     [33m[2m✓[22m[39m twelve concurrent wrong requests compare the real code at most five times [33m 738[2mms[22m[39m
     [33m[2m✓[22m[39m twelve concurrent correct requests issue exactly one session [33m 897[2mms[22m[39m
     [33m[2m✓[22m[39m reserve rechecks expiry after an unchanged row-lock wait [33m 1038[2mms[22m[39m
     [33m[2m✓[22m[39m consume rechecks expiry after an unchanged row-lock wait [33m 1039[2mms[22m[39m
     [33m[2m✓[22m[39m unknown address is shared across mobiles and purposes [33m 2242[2mms[22m[39m
     [33m[2m✓[22m[39m lock conflict times out safely, spends capacity, and recovers [33m 2086[2mms[22m[39m
 [32m✓[39m tests/maintenance.db.test.ts [2m([22m[2m17 tests[22m[2m)[22m[33m 7371[2mms[22m[39m
     [33m[2m✓[22m[39m reports bounded backlog nonzero and resumes in a new process [33m 477[2mms[22m[39m
     [33m[2m✓[22m[39m OTP lock contention is nonzero and does not collide with orphan coordination [33m 408[2mms[22m[39m
     [33m[2m✓[22m[39m reconcile-legacy-files lock contention has an actual nonzero exit [33m 310[2mms[22m[39m
     [33m[2m✓[22m[39m reconcile-facilities-files lock contention has an actual nonzero exit [33m 506[2mms[22m[39m
     [33m[2m✓[22m[39m facilities invalid orphan retention is incomplete through the IPC worker [33m 1418[2mms[22m[39m
     [33m[2m✓[22m[39m stops IPC work on parent death without success [33m 411[2mms[22m[39m
     [33m[2m✓[22m[39m stops IPC work on coordination connection death without success [33m 725[2mms[22m[39m
     [33m[2m✓[22m[39m actual legacy command deletes only the predecessor and aged uncommitted bytes [33m 2042[2mms[22m[39m
     [33m[2m✓[22m[39m restart executes healthy queue ahead of a previously killed blocking queue [33m 384[2mms[22m[39m
[90mstdout[2m | tests/document-qualification.db.test.ts[2m > [22m[2mR10 required files restricted PostgreSQL and actual bytes[2m > [22m[2mretains capture after file loss, permits repair, submits once without repayment
[22m[39m{"level":"info","event":"payment_start_requested","applicationId":"cmu8afhhv00a0si24ojb9011l","paymentId":"cmu8afhoz00b0si24hp76gmjj","amountToman":3000000}

[90mstdout[2m | tests/document-qualification.db.test.ts[2m > [22m[2mR10 required files restricted PostgreSQL and actual bytes[2m > [22m[2mretains capture after file loss, permits repair, submits once without repayment
[22m[39m{"level":"info","event":"payment_start_succeeded","applicationId":"cmu8afhhv00a0si24ojb9011l","paymentId":"cmu8afhoz00b0si24hp76gmjj"}

[90mstdout[2m | tests/document-qualification.db.test.ts[2m > [22m[2mR10 required files restricted PostgreSQL and actual bytes[2m > [22m[2mretains capture after file loss, permits repair, submits once without repayment
[22m[39m{"level":"info","event":"payment_verification_succeeded","paymentId":"cmu8afhoz00b0si24hp76gmjj","applicationId":"cmu8afhhv00a0si24ojb9011l","referenceId":"fixture-reference"}

[90mstderr[2m | tests/document-qualification.db.test.ts[2m > [22m[2mR10 required files restricted PostgreSQL and actual bytes[2m > [22m[2mretains capture after file loss, permits repair, submits once without repayment
[22m[39m{"level":"warn","event":"admin_submission_notification_skipped","applicationId":"cmu8afhhv00a0si24ojb9011l","reason":"missing_admin_alert_mobile"}

[90mstdout[2m | tests/document-qualification.db.test.ts[2m > [22m[2mR10 required files restricted PostgreSQL and actual bytes[2m > [22m[2mretains capture after file loss, permits repair, submits once without repayment
[22m[39m{"level":"info","event":"user_submission_notification_sent","applicationId":"cmu8afhhv00a0si24ojb9011l"}

[90mstdout[2m | tests/document-qualification.db.test.ts[2m > [22m[2mR10 required files restricted PostgreSQL and actual bytes[2m > [22m[2mrecovers original uncertain payment despite missing documents
[22m[39m{"level":"info","event":"payment_start_requested","applicationId":"cmu8afhu300bbsi24uk1vnqn3","paymentId":"cmu8afi0s00cbsi2469wufrf5","amountToman":3000000}

[90mstdout[2m | tests/document-qualification.db.test.ts[2m > [22m[2mR10 required files restricted PostgreSQL and actual bytes[2m > [22m[2mrecovers original uncertain payment despite missing documents
[22m[39m{"level":"info","event":"payment_start_succeeded","applicationId":"cmu8afhu300bbsi24uk1vnqn3","paymentId":"cmu8afi0s00cbsi2469wufrf5"}

[90mstdout[2m | tests/document-qualification.db.test.ts[2m > [22m[2mR10 required files restricted PostgreSQL and actual bytes[2m > [22m[2mrecovers original uncertain payment despite missing documents
[22m[39m{"level":"info","event":"payment_verification_succeeded","paymentId":"cmu8afi0s00cbsi2469wufrf5","applicationId":"cmu8afhu300bbsi24uk1vnqn3","referenceId":"fixture-reference"}

[90mstdout[2m | tests/document-qualification.db.test.ts[2m > [22m[2mR10 required files restricted PostgreSQL and actual bytes[2m > [22m[2mincomplete browser payload can resume the existing authority
[22m[39m{"level":"info","event":"payment_start_requested","applicationId":"cmu8afip100fqsi24pv4uf3zp","paymentId":"cmu8afiv400gqsi24ffyk0n0r","amountToman":3000000}

[90mstdout[2m | tests/document-qualification.db.test.ts[2m > [22m[2mR10 required files restricted PostgreSQL and actual bytes[2m > [22m[2mincomplete browser payload can resume the existing authority
[22m[39m{"level":"info","event":"payment_start_succeeded","applicationId":"cmu8afip100fqsi24pv4uf3zp","paymentId":"cmu8afiv400gqsi24ffyk0n0r"}

[90mstdout[2m | tests/document-qualification.db.test.ts[2m > [22m[2mR10 required files restricted PostgreSQL and actual bytes[2m > [22m[2mbrowser retry repairs the crash boundary after capture without valid form input
[22m[39m{"level":"info","event":"payment_start_requested","applicationId":"cmu8afivx00gusi2435fapkxp","paymentId":"cmu8afj2g00husi24lb0f92xy","amountToman":3000000}

[90mstdout[2m | tests/document-qualification.db.test.ts[2m > [22m[2mR10 required files restricted PostgreSQL and actual bytes[2m > [22m[2mbrowser retry repairs the crash boundary after capture without valid form input
[22m[39m{"level":"info","event":"payment_start_succeeded","applicationId":"cmu8afivx00gusi2435fapkxp","paymentId":"cmu8afj2g00husi24lb0f92xy"}

[90mstdout[2m | tests/document-qualification.db.test.ts[2m > [22m[2mR10 required files restricted PostgreSQL and actual bytes[2m > [22m[2mpaid corrections enforce files without collecting the fee again
[22m[39m{"level":"info","event":"payment_start_requested","applicationId":"cmu8afj4500i0si24pdd57qju","paymentId":"cmu8afjbs00j0si245p43bebf","amountToman":3000000}

[90mstdout[2m | tests/document-qualification.db.test.ts[2m > [22m[2mR10 required files restricted PostgreSQL and actual bytes[2m > [22m[2mpaid corrections enforce files without collecting the fee again
[22m[39m{"level":"info","event":"payment_start_succeeded","applicationId":"cmu8afj4500i0si24pdd57qju","paymentId":"cmu8afjbs00j0si245p43bebf"}

[90mstdout[2m | tests/document-qualification.db.test.ts[2m > [22m[2mR10 required files restricted PostgreSQL and actual bytes[2m > [22m[2mpaid corrections enforce files without collecting the fee again
[22m[39m{"level":"info","event":"payment_verification_succeeded","paymentId":"cmu8afjbs00j0si245p43bebf","applicationId":"cmu8afj4500i0si24pdd57qju","referenceId":"fixture-reference"}

[90mstderr[2m | tests/document-qualification.db.test.ts[2m > [22m[2mR10 required files restricted PostgreSQL and actual bytes[2m > [22m[2mpaid corrections enforce files without collecting the fee again
[22m[39m{"level":"warn","event":"admin_submission_notification_skipped","applicationId":"cmu8afj4500i0si24pdd57qju","reason":"missing_admin_alert_mobile"}

[90mstdout[2m | tests/document-qualification.db.test.ts[2m > [22m[2mR10 required files restricted PostgreSQL and actual bytes[2m > [22m[2mpaid corrections enforce files without collecting the fee again
[22m[39m{"level":"info","event":"user_submission_notification_sent","applicationId":"cmu8afj4500i0si24pdd57qju"}

 [32m✓[39m tests/document-qualification.db.test.ts [2m([22m[2m19 tests[22m[2m)[22m[33m 5586[2mms[22m[39m
     [33m[2m✓[22m[39m rejects foreign references [33m 393[2mms[22m[39m
     [33m[2m✓[22m[39m retains capture after file loss, permits repair, submits once without repayment [33m 441[2mms[22m[39m
     [33m[2m✓[22m[39m recovers original uncertain payment despite missing documents [33m 313[2mms[22m[39m
     [33m[2m✓[22m[39m UNKNOWN scan outage stays unqualified; repeatable scan restores eligibility [33m 331[2mms[22m[39m
     [33m[2m✓[22m[39m paid corrections enforce files without collecting the fee again [33m 474[2mms[22m[39m
     [33m[2m✓[22m[39m a qualified application lock fences replacement until commit [33m 468[2mms[22m[39m
[90mstdout[2m | tests/payment-coordination.db.test.ts[2m > [22m[2mR2 real PostgreSQL restricted-role coordination[2m > [22m[2mR12 legacy request and verification use the stored obligation amount
[22m[39m{"level":"info","event":"payment_start_requested","applicationId":"cmu8afkba0001si4rx9tyy0p4","paymentId":"cmu8afkcd0005si4r8hee6a65","amountToman":765432}

[90mstdout[2m | tests/payment-coordination.db.test.ts[2m > [22m[2mR2 real PostgreSQL restricted-role coordination[2m > [22m[2mR12 legacy request and verification use the stored obligation amount
[22m[39m{"level":"info","event":"payment_start_succeeded","applicationId":"cmu8afkba0001si4rx9tyy0p4","paymentId":"cmu8afkcd0005si4r8hee6a65"}

[90mstdout[2m | tests/payment-coordination.db.test.ts[2m > [22m[2mR2 real PostgreSQL restricted-role coordination[2m > [22m[2mR12 legacy request and verification use the stored obligation amount
[22m[39m{"level":"info","event":"payment_verification_succeeded","paymentId":"cmu8afkcd0005si4r8hee6a65","applicationId":"cmu8afkba0001si4rx9tyy0p4","referenceId":"201"}

[90mstdout[2m | tests/payment-coordination.db.test.ts[2m > [22m[2mR2 real PostgreSQL restricted-role coordination[2m > [22m[2mR12 malformed verify 0 blocks forged success, new charge and remote replay
[22m[39m{"level":"info","event":"payment_start_requested","applicationId":"cmu8afken000bsi4rp84fyzcr","paymentId":"cmu8afkg1000fsi4rh2n6bjwf","amountToman":3000000}

[90mstdout[2m | tests/payment-coordination.db.test.ts[2m > [22m[2mR2 real PostgreSQL restricted-role coordination[2m > [22m[2mR12 malformed verify 0 blocks forged success, new charge and remote replay
[22m[39m{"level":"info","event":"payment_start_succeeded","applicationId":"cmu8afken000bsi4rp84fyzcr","paymentId":"cmu8afkg1000fsi4rh2n6bjwf"}

[90mstdout[2m | tests/payment-coordination.db.test.ts[2m > [22m[2mR2 real PostgreSQL restricted-role coordination[2m > [22m[2mR12 malformed verify 1 blocks forged success, new charge and remote replay
[22m[39m{"level":"info","event":"payment_start_requested","applicationId":"cmu8afkhy000jsi4r1886om8t","paymentId":"cmu8afkia000nsi4r5fxwha19","amountToman":3000000}

[90mstdout[2m | tests/payment-coordination.db.test.ts[2m > [22m[2mR2 real PostgreSQL restricted-role coordination[2m > [22m[2mR12 malformed verify 1 blocks forged success, new charge and remote replay
[22m[39m{"level":"info","event":"payment_start_succeeded","applicationId":"cmu8afkhy000jsi4r1886om8t","paymentId":"cmu8afkia000nsi4r5fxwha19"}

[90mstdout[2m | tests/payment-coordination.db.test.ts[2m > [22m[2mR2 real PostgreSQL restricted-role coordination[2m > [22m[2mR12 malformed verify 2 blocks forged success, new charge and remote replay
[22m[39m{"level":"info","event":"payment_start_requested","applicationId":"cmu8afkjs000rsi4rbrehs6q7","paymentId":"cmu8afkk4000vsi4re7krumr0","amountToman":3000000}

[90mstdout[2m | tests/payment-coordination.db.test.ts[2m > [22m[2mR2 real PostgreSQL restricted-role coordination[2m > [22m[2mR12 malformed verify 2 blocks forged success, new charge and remote replay
[22m[39m{"level":"info","event":"payment_start_succeeded","applicationId":"cmu8afkjs000rsi4rbrehs6q7","paymentId":"cmu8afkk4000vsi4re7krumr0"}

[90mstdout[2m | tests/payment-coordination.db.test.ts[2m > [22m[2mR2 real PostgreSQL restricted-role coordination[2m > [22m[2mR12 malformed verify 3 blocks forged success, new charge and remote replay
[22m[39m{"level":"info","event":"payment_start_requested","applicationId":"cmu8afklk000zsi4rl4c2xs3m","paymentId":"cmu8afkm00013si4rhtfjv9et","amountToman":3000000}

[90mstdout[2m | tests/payment-coordination.db.test.ts[2m > [22m[2mR2 real PostgreSQL restricted-role coordination[2m > [22m[2mR12 malformed verify 3 blocks forged success, new charge and remote replay
[22m[39m{"level":"info","event":"payment_start_succeeded","applicationId":"cmu8afklk000zsi4rl4c2xs3m","paymentId":"cmu8afkm00013si4rhtfjv9et"}

[90mstdout[2m | tests/payment-coordination.db.test.ts[2m > [22m[2mR2 real PostgreSQL restricted-role coordination[2m > [22m[2mR12 malformed request cannot create a payable URL or another attempt
[22m[39m{"level":"info","event":"payment_start_requested","applicationId":"cmu8afkng0017si4ripta03ha","paymentId":"cmu8afknw001bsi4rtoggyrgp","amountToman":3000000}

[90mstderr[2m | tests/payment-coordination.db.test.ts[2m > [22m[2mR2 real PostgreSQL restricted-role coordination[2m > [22m[2mR12 malformed request cannot create a payable URL or another attempt
[22m[39m{"level":"error","event":"payment_start_failed","applicationId":"cmu8afkng0017si4ripta03ha","paymentId":"cmu8afknw001bsi4rtoggyrgp","error":{"name":"ZarinpalUnavailableError","message":"Zarinpal unavailable: MALFORMED_RESPONSE","stack":"ZarinpalUnavailableError: Zarinpal unavailable: MALFORMED_RESPONSE\n    at requestZarinpalPayment (/private/var/folders/g_/f5ccnp_51q15by15f4svlw6c0000gn/T/sana-phase12-ixzihxm_/source/lib/payments/zarinpal.ts:112:11)\n    at Module.startPayment (/private/var/folders/g_/f5ccnp_51q15by15f4svlw6c0000gn/T/sana-phase12-ixzihxm_/source/lib/actions/payment.ts:139:16)\n    at /private/var/folders/g_/f5ccnp_51q15by15f4svlw6c0000gn/T/sana-phase12-ixzihxm_/source/tests/payment-coordination.db.test.ts:131:12\n    at file:///private/var/folders/g_/f5ccnp_51q15by15f4svlw6c0000gn/T/sana-phase12-ixzihxm_/source/node_modules/@vitest/runner/dist/chunk-artifact.js:1903:20"}}

[90mstdout[2m | tests/payment-coordination.db.test.ts[2m > [22m[2mR2 real PostgreSQL restricted-role coordination[2m > [22m[2mR12 forged browser authority cannot reach the provider
[22m[39m{"level":"info","event":"payment_start_requested","applicationId":"cmu8afkol001esi4r75o3a7ks","paymentId":"cmu8afkow001isi4rq61d02nq","amountToman":3000000}

[90mstdout[2m | tests/payment-coordination.db.test.ts[2m > [22m[2mR2 real PostgreSQL restricted-role coordination[2m > [22m[2mR12 forged browser authority cannot reach the provider
[22m[39m{"level":"info","event":"payment_start_succeeded","applicationId":"cmu8afkol001esi4r75o3a7ks","paymentId":"cmu8afkow001isi4rq61d02nq"}

[90mstderr[2m | tests/payment-coordination.db.test.ts[2m > [22m[2mR2 real PostgreSQL restricted-role coordination[2m > [22m[2mR12 forged browser authority cannot reach the provider
[22m[39m{"level":"warn","event":"payment_callback_rejected","paymentId":"cmu8afkow001isi4rq61d02nq","reason":"payment_not_found_or_authority_mismatch"}

[90mstdout[2m | tests/payment-coordination.db.test.ts[2m > [22m[2mR2 real PostgreSQL restricted-role coordination[2m > [22m[2mR12 explicit rejection then 101 recovers only original authority and settles once
[22m[39m{"level":"info","event":"payment_start_requested","applicationId":"cmu8afkpf001lsi4r5iye4bov","paymentId":"cmu8afkpq001psi4riot2atpl","amountToman":3000000}

[90mstdout[2m | tests/payment-coordination.db.test.ts[2m > [22m[2mR2 real PostgreSQL restricted-role coordination[2m > [22m[2mR12 explicit rejection then 101 recovers only original authority and settles once
[22m[39m{"level":"info","event":"payment_start_succeeded","applicationId":"cmu8afkpf001lsi4r5iye4bov","paymentId":"cmu8afkpq001psi4riot2atpl"}

[90mstdout[2m | tests/payment-coordination.db.test.ts[2m > [22m[2mR2 real PostgreSQL restricted-role coordination[2m > [22m[2mR12 explicit rejection then 101 recovers only original authority and settles once
[22m[39m{"level":"info","event":"payment_verification_succeeded","paymentId":"cmu8afkpq001psi4riot2atpl","applicationId":"cmu8afkpf001lsi4r5iye4bov","referenceId":"202"}

[90mstdout[2m | tests/payment-coordination.db.test.ts[2m > [22m[2mR2 real PostgreSQL restricted-role coordination[2m > [22m[2mR1 delayed NOK snapshot cannot undo a committed success
[22m[39m{"level":"info","event":"payment_start_requested","applicationId":"cmu8afkuj002asi4rnrrdh5wq","paymentId":"cmu8afkuv002esi4rp5ajsh6d","amountToman":3000000}

[90mstdout[2m | tests/payment-coordination.db.test.ts[2m > [22m[2mR2 real PostgreSQL restricted-role coordination[2m > [22m[2mR1 delayed NOK snapshot cannot undo a committed success
[22m[39m{"level":"info","event":"payment_start_succeeded","applicationId":"cmu8afkuj002asi4rnrrdh5wq","paymentId":"cmu8afkuv002esi4rp5ajsh6d"}

[90mstdout[2m | tests/payment-coordination.db.test.ts[2m > [22m[2mR2 real PostgreSQL restricted-role coordination[2m > [22m[2mR1 delayed NOK snapshot cannot undo a committed success
[22m[39m{"level":"info","event":"payment_verification_succeeded","paymentId":"cmu8afkuv002esi4rp5ajsh6d","applicationId":"cmu8afkuj002asi4rnrrdh5wq","referenceId":"201"}

[90mstderr[2m | tests/payment-coordination.db.test.ts[2m > [22m[2mR2 real PostgreSQL restricted-role coordination[2m > [22m[2mR1 delayed NOK snapshot cannot undo a committed success
[22m[39m{"level":"warn","event":"admin_submission_notification_skipped","applicationId":"cmu8afkuj002asi4rnrrdh5wq","reason":"missing_admin_alert_mobile"}

[90mstdout[2m | tests/payment-coordination.db.test.ts[2m > [22m[2mR2 real PostgreSQL restricted-role coordination[2m > [22m[2mR1 delayed NOK snapshot cannot undo a committed success
[22m[39m{"level":"info","event":"user_submission_notification_sent","applicationId":"cmu8afkuj002asi4rnrrdh5wq"}

[90mstdout[2m | tests/payment-coordination.db.test.ts[2m > [22m[2mR2 real PostgreSQL restricted-role coordination[2m > [22m[2mR1 late capture preserves SUBMITTED and does not invent a submission
[22m[39m{"level":"info","event":"payment_start_requested","applicationId":"cmu8afkwg002ksi4rxs9ra7ez","paymentId":"cmu8afkwt002osi4rmbqactdw","amountToman":3000000}

[90mstdout[2m | tests/payment-coordination.db.test.ts[2m > [22m[2mR2 real PostgreSQL restricted-role coordination[2m > [22m[2mR1 late capture preserves SUBMITTED and does not invent a submission
[22m[39m{"level":"info","event":"payment_start_succeeded","applicationId":"cmu8afkwg002ksi4rxs9ra7ez","paymentId":"cmu8afkwt002osi4rmbqactdw"}

[90mstdout[2m | tests/payment-coordination.db.test.ts[2m > [22m[2mR2 real PostgreSQL restricted-role coordination[2m > [22m[2mR1 late capture preserves SUBMITTED and does not invent a submission
[22m[39m{"level":"info","event":"payment_verification_succeeded","paymentId":"cmu8afkwt002osi4rmbqactdw","applicationId":"cmu8afkwg002ksi4rxs9ra7ez","referenceId":"201"}

[90mstdout[2m | tests/payment-coordination.db.test.ts[2m > [22m[2mR2 real PostgreSQL restricted-role coordination[2m > [22m[2mR1 late capture preserves UNDER_REVIEW and does not invent a submission
[22m[39m{"level":"info","event":"payment_start_requested","applicationId":"cmu8afkyk002ssi4r5yyont55","paymentId":"cmu8afkyv002wsi4rybjssrbr","amountToman":3000000}

[90mstdout[2m | tests/payment-coordination.db.test.ts[2m > [22m[2mR2 real PostgreSQL restricted-role coordination[2m > [22m[2mR1 late capture preserves UNDER_REVIEW and does not invent a submission
[22m[39m{"level":"info","event":"payment_start_succeeded","applicationId":"cmu8afkyk002ssi4r5yyont55","paymentId":"cmu8afkyv002wsi4rybjssrbr"}

[90mstdout[2m | tests/payment-coordination.db.test.ts[2m > [22m[2mR2 real PostgreSQL restricted-role coordination[2m > [22m[2mR1 late capture preserves UNDER_REVIEW and does not invent a submission
[22m[39m{"level":"info","event":"payment_verification_succeeded","paymentId":"cmu8afkyv002wsi4rybjssrbr","applicationId":"cmu8afkyk002ssi4r5yyont55","referenceId":"201"}

[90mstdout[2m | tests/payment-coordination.db.test.ts[2m > [22m[2mR2 real PostgreSQL restricted-role coordination[2m > [22m[2mR1 late capture preserves NEEDS_EDIT and does not invent a submission
[22m[39m{"level":"info","event":"payment_start_requested","applicationId":"cmu8afkzz0030si4rs8i4zcjj","paymentId":"cmu8afl090034si4r883geb3t","amountToman":3000000}

[90mstdout[2m | tests/payment-coordination.db.test.ts[2m > [22m[2mR2 real PostgreSQL restricted-role coordination[2m > [22m[2mR1 late capture preserves NEEDS_EDIT and does not invent a submission
[22m[39m{"level":"info","event":"payment_start_succeeded","applicationId":"cmu8afkzz0030si4rs8i4zcjj","paymentId":"cmu8afl090034si4r883geb3t"}

[90mstdout[2m | tests/payment-coordination.db.test.ts[2m > [22m[2mR2 real PostgreSQL restricted-role coordination[2m > [22m[2mR1 late capture preserves NEEDS_EDIT and does not invent a submission
[22m[39m{"level":"info","event":"payment_verification_succeeded","paymentId":"cmu8afl090034si4r883geb3t","applicationId":"cmu8afkzz0030si4rs8i4zcjj","referenceId":"201"}

[90mstdout[2m | tests/payment-coordination.db.test.ts[2m > [22m[2mR2 real PostgreSQL restricted-role coordination[2m > [22m[2mR1 late capture preserves VALIDATION_COMPLETED and does not invent a submission
[22m[39m{"level":"info","event":"payment_start_requested","applicationId":"cmu8afl1s0038si4r84yczzio","paymentId":"cmu8afl2r003csi4r1vp7uke7","amountToman":3000000}

[90mstdout[2m | tests/payment-coordination.db.test.ts[2m > [22m[2mR2 real PostgreSQL restricted-role coordination[2m > [22m[2mR1 late capture preserves VALIDATION_COMPLETED and does not invent a submission
[22m[39m{"level":"info","event":"payment_start_succeeded","applicationId":"cmu8afl1s0038si4r84yczzio","paymentId":"cmu8afl2r003csi4r1vp7uke7"}

[90mstdout[2m | tests/payment-coordination.db.test.ts[2m > [22m[2mR2 real PostgreSQL restricted-role coordination[2m > [22m[2mR1 late capture preserves VALIDATION_COMPLETED and does not invent a submission
[22m[39m{"level":"info","event":"payment_verification_succeeded","paymentId":"cmu8afl2r003csi4r1vp7uke7","applicationId":"cmu8afl1s0038si4r84yczzio","referenceId":"201"}

[90mstdout[2m | tests/payment-coordination.db.test.ts[2m > [22m[2mR2 real PostgreSQL restricted-role coordination[2m > [22m[2mR1 late request completion cannot reset a later review status
[22m[39m{"level":"info","event":"payment_start_requested","applicationId":"cmu8afl46003gsi4rhjcxbx5n","paymentId":"cmu8afl4k003ksi4r5ugboy4y","amountToman":3000000}

[90mstdout[2m | tests/payment-coordination.db.test.ts[2m > [22m[2mR2 real PostgreSQL restricted-role coordination[2m > [22m[2mR1 late request completion cannot reset a later review status
[22m[39m{"level":"info","event":"payment_start_succeeded","applicationId":"cmu8afl46003gsi4rhjcxbx5n","paymentId":"cmu8afl4k003ksi4r5ugboy4y"}

[90mstdout[2m | tests/payment-coordination.db.test.ts[2m > [22m[2mR2 real PostgreSQL restricted-role coordination[2m > [22m[2mR1 stale correction resubmission cannot overwrite an intervening review
[22m[39m{"level":"info","event":"payment_start_requested","applicationId":"cmu8afl5h003nsi4rzoa32n5o","paymentId":"cmu8afl5t003rsi4rqdz6m59i","amountToman":3000000}

[90mstdout[2m | tests/payment-coordination.db.test.ts[2m > [22m[2mR2 real PostgreSQL restricted-role coordination[2m > [22m[2mR1 stale correction resubmission cannot overwrite an intervening review
[22m[39m{"level":"info","event":"payment_start_succeeded","applicationId":"cmu8afl5h003nsi4rzoa32n5o","paymentId":"cmu8afl5t003rsi4rqdz6m59i"}

[90mstdout[2m | tests/payment-coordination.db.test.ts[2m > [22m[2mR2 real PostgreSQL restricted-role coordination[2m > [22m[2mR1 stale correction resubmission cannot overwrite an intervening review
[22m[39m{"level":"info","event":"payment_verification_succeeded","paymentId":"cmu8afl5t003rsi4rqdz6m59i","applicationId":"cmu8afl5h003nsi4rzoa32n5o","referenceId":"201"}

[90mstderr[2m | tests/payment-coordination.db.test.ts[2m > [22m[2mR2 real PostgreSQL restricted-role coordination[2m > [22m[2mR1 stale correction resubmission cannot overwrite an intervening review
[22m[39m{"level":"warn","event":"admin_submission_notification_skipped","applicationId":"cmu8afl5h003nsi4rzoa32n5o","reason":"missing_admin_alert_mobile"}

[90mstdout[2m | tests/payment-coordination.db.test.ts[2m > [22m[2mR2 real PostgreSQL restricted-role coordination[2m > [22m[2mR1 stale correction resubmission cannot overwrite an intervening review
[22m[39m{"level":"info","event":"user_submission_notification_sent","applicationId":"cmu8afl5h003nsi4rzoa32n5o"}

[90mstdout[2m | tests/payment-coordination.db.test.ts[2m > [22m[2mR2 real PostgreSQL restricted-role coordination[2m > [22m[2mR1 simultaneous corrections submit once without another charge or payment notification
[22m[39m{"level":"info","event":"payment_start_requested","applicationId":"cmu8afl85003xsi4rhdsj0egp","paymentId":"cmu8afl8i0041si4rpygebune","amountToman":3000000}

[90mstdout[2m | tests/payment-coordination.db.test.ts[2m > [22m[2mR2 real PostgreSQL restricted-role coordination[2m > [22m[2mR1 simultaneous corrections submit once without another charge or payment notification
[22m[39m{"level":"info","event":"payment_start_succeeded","applicationId":"cmu8afl85003xsi4rhdsj0egp","paymentId":"cmu8afl8i0041si4rpygebune"}

[90mstdout[2m | tests/payment-coordination.db.test.ts[2m > [22m[2mR2 real PostgreSQL restricted-role coordination[2m > [22m[2mR1 simultaneous corrections submit once without another charge or payment notification
[22m[39m{"level":"info","event":"payment_verification_succeeded","paymentId":"cmu8afl8i0041si4rpygebune","applicationId":"cmu8afl85003xsi4rhdsj0egp","referenceId":"201"}

[90mstderr[2m | tests/payment-coordination.db.test.ts[2m > [22m[2mR2 real PostgreSQL restricted-role coordination[2m > [22m[2mR1 simultaneous corrections submit once without another charge or payment notification
[22m[39m{"level":"warn","event":"admin_submission_notification_skipped","applicationId":"cmu8afl85003xsi4rhdsj0egp","reason":"missing_admin_alert_mobile"}

[90mstdout[2m | tests/payment-coordination.db.test.ts[2m > [22m[2mR2 real PostgreSQL restricted-role coordination[2m > [22m[2mR1 simultaneous corrections submit once without another charge or payment notification
[22m[39m{"level":"info","event":"user_submission_notification_sent","applicationId":"cmu8afl85003xsi4rhdsj0egp"}

[90mstdout[2m | tests/payment-coordination.db.test.ts[2m > [22m[2mR2 real PostgreSQL restricted-role coordination[2m > [22m[2mR1 cancellation and retry cannot overlap a success verification
[22m[39m{"level":"info","event":"payment_start_requested","applicationId":"cmu8aflat0049si4rhbxysaqz","paymentId":"cmu8aflbc004dsi4rwl0zc5gl","amountToman":3000000}

[90mstdout[2m | tests/payment-coordination.db.test.ts[2m > [22m[2mR2 real PostgreSQL restricted-role coordination[2m > [22m[2mR1 cancellation and retry cannot overlap a success verification
[22m[39m{"level":"info","event":"payment_start_succeeded","applicationId":"cmu8aflat0049si4rhbxysaqz","paymentId":"cmu8aflbc004dsi4rwl0zc5gl"}

[90mstdout[2m | tests/payment-coordination.db.test.ts[2m > [22m[2mR2 real PostgreSQL restricted-role coordination[2m > [22m[2mR1 cancellation and retry cannot overlap a success verification
[22m[39m{"level":"info","event":"payment_verification_succeeded","paymentId":"cmu8aflbc004dsi4rwl0zc5gl","applicationId":"cmu8aflat0049si4rhbxysaqz","referenceId":"201"}

[90mstdout[2m | tests/payment-coordination.db.test.ts[2m > [22m[2mR2 real PostgreSQL restricted-role coordination[2m > [22m[2mR1 delayed admin decision loses to resubmission with no stale history or SMS
[22m[39m{"level":"info","event":"payment_start_requested","applicationId":"cmu8afle6004jsi4r1hy44y6k","paymentId":"cmu8aflem004nsi4rwt24woqn","amountToman":3000000}

[90mstdout[2m | tests/payment-coordination.db.test.ts[2m > [22m[2mR2 real PostgreSQL restricted-role coordination[2m > [22m[2mR1 delayed admin decision loses to resubmission with no stale history or SMS
[22m[39m{"level":"info","event":"payment_start_succeeded","applicationId":"cmu8afle6004jsi4r1hy44y6k","paymentId":"cmu8aflem004nsi4rwt24woqn"}

[90mstdout[2m | tests/payment-coordination.db.test.ts[2m > [22m[2mR2 real PostgreSQL restricted-role coordination[2m > [22m[2mR1 delayed admin decision loses to resubmission with no stale history or SMS
[22m[39m{"level":"info","event":"payment_verification_succeeded","paymentId":"cmu8aflem004nsi4rwt24woqn","applicationId":"cmu8afle6004jsi4r1hy44y6k","referenceId":"201"}

[90mstderr[2m | tests/payment-coordination.db.test.ts[2m > [22m[2mR2 real PostgreSQL restricted-role coordination[2m > [22m[2mR1 delayed admin decision loses to resubmission with no stale history or SMS
[22m[39m{"level":"warn","event":"admin_submission_notification_skipped","applicationId":"cmu8afle6004jsi4r1hy44y6k","reason":"missing_admin_alert_mobile"}

[90mstdout[2m | tests/payment-coordination.db.test.ts[2m > [22m[2mR2 real PostgreSQL restricted-role coordination[2m > [22m[2mR1 delayed admin decision loses to resubmission with no stale history or SMS
[22m[39m{"level":"info","event":"user_submission_notification_sent","applicationId":"cmu8afle6004jsi4r1hy44y6k"}

[90mstdout[2m | tests/payment-coordination.db.test.ts[2m > [22m[2mR2 real PostgreSQL restricted-role coordination[2m > [22m[2mR1 admin decision winning before resubmit preserves actual review history
[22m[39m{"level":"info","event":"payment_start_requested","applicationId":"cmu8aflgt004vsi4rf5h4v19l","paymentId":"cmu8aflh6004zsi4rsqfd1am0","amountToman":3000000}

[90mstdout[2m | tests/payment-coordination.db.test.ts[2m > [22m[2mR2 real PostgreSQL restricted-role coordination[2m > [22m[2mR1 admin decision winning before resubmit preserves actual review history
[22m[39m{"level":"info","event":"payment_start_succeeded","applicationId":"cmu8aflgt004vsi4rf5h4v19l","paymentId":"cmu8aflh6004zsi4rsqfd1am0"}

[90mstdout[2m | tests/payment-coordination.db.test.ts[2m > [22m[2mR2 real PostgreSQL restricted-role coordination[2m > [22m[2mR1 admin decision winning before resubmit preserves actual review history
[22m[39m{"level":"info","event":"payment_verification_succeeded","paymentId":"cmu8aflh6004zsi4rsqfd1am0","applicationId":"cmu8aflgt004vsi4rf5h4v19l","referenceId":"201"}

[90mstderr[2m | tests/payment-coordination.db.test.ts[2m > [22m[2mR2 real PostgreSQL restricted-role coordination[2m > [22m[2mR1 admin decision winning before resubmit preserves actual review history
[22m[39m{"level":"warn","event":"admin_submission_notification_skipped","applicationId":"cmu8aflgt004vsi4rf5h4v19l","reason":"missing_admin_alert_mobile"}

[90mstdout[2m | tests/payment-coordination.db.test.ts[2m > [22m[2mR2 real PostgreSQL restricted-role coordination[2m > [22m[2mR1 admin decision winning before resubmit preserves actual review history
[22m[39m{"level":"info","event":"user_submission_notification_sent","applicationId":"cmu8aflgt004vsi4rf5h4v19l"}

[90mstdout[2m | tests/payment-coordination.db.test.ts[2m > [22m[2mR2 real PostgreSQL restricted-role coordination[2m > [22m[2mR1 admin decision winning before resubmit preserves actual review history
[22m[39m{"level":"info","event":"submission_status_changed","applicationId":"cmu8aflgt004vsi4rf5h4v19l","previousStatus":"NEEDS_EDIT","newStatus":"UNDER_REVIEW","adminId":"admin-9dbf66c6-2204-4872-8605-99f4d91c6442","mobile":"fix****4d8f","hasNote":false,"hasCertificate":false}

[90mstdout[2m | tests/payment-coordination.db.test.ts[2m > [22m[2mR2 real PostgreSQL restricted-role coordination[2m > [22m[2mR1 failed resubmission history rolls back state and preserves verified evidence for retry
[22m[39m{"level":"info","event":"payment_start_requested","applicationId":"cmu8afljh0057si4rmrcls19q","paymentId":"cmu8aflju005bsi4rbiria0yu","amountToman":3000000}

[90mstdout[2m | tests/payment-coordination.db.test.ts[2m > [22m[2mR2 real PostgreSQL restricted-role coordination[2m > [22m[2mR1 failed resubmission history rolls back state and preserves verified evidence for retry
[22m[39m{"level":"info","event":"payment_start_succeeded","applicationId":"cmu8afljh0057si4rmrcls19q","paymentId":"cmu8aflju005bsi4rbiria0yu"}

[90mstdout[2m | tests/payment-coordination.db.test.ts[2m > [22m[2mR2 real PostgreSQL restricted-role coordination[2m > [22m[2mR1 failed resubmission history rolls back state and preserves verified evidence for retry
[22m[39m{"level":"info","event":"payment_verification_succeeded","paymentId":"cmu8aflju005bsi4rbiria0yu","applicationId":"cmu8afljh0057si4rmrcls19q","referenceId":"201"}

[90mstderr[2m | tests/payment-coordination.db.test.ts[2m > [22m[2mR2 real PostgreSQL restricted-role coordination[2m > [22m[2mR1 failed resubmission history rolls back state and preserves verified evidence for retry
[22m[39m{"level":"warn","event":"admin_submission_notification_skipped","applicationId":"cmu8afljh0057si4rmrcls19q","reason":"missing_admin_alert_mobile"}

[90mstdout[2m | tests/payment-coordination.db.test.ts[2m > [22m[2mR2 real PostgreSQL restricted-role coordination[2m > [22m[2mR1 failed resubmission history rolls back state and preserves verified evidence for retry
[22m[39m{"level":"info","event":"user_submission_notification_sent","applicationId":"cmu8afljh0057si4rmrcls19q"}

[90mstdout[2m | tests/payment-coordination.db.test.ts[2m > [22m[2mR2 real PostgreSQL restricted-role coordination[2m > [22m[2mR1 conflicting completion retains candidate for journalled cleanup and preserves existing certificate
[22m[39m{"level":"info","event":"payment_start_requested","applicationId":"cmu8aflt10065si4rc6t3diz6","paymentId":"cmu8afltf0069si4r04mhc7x1","amountToman":3000000}

[90mstdout[2m | tests/payment-coordination.db.test.ts[2m > [22m[2mR2 real PostgreSQL restricted-role coordination[2m > [22m[2mR1 conflicting completion retains candidate for journalled cleanup and preserves existing certificate
[22m[39m{"level":"info","event":"payment_start_succeeded","applicationId":"cmu8aflt10065si4rc6t3diz6","paymentId":"cmu8afltf0069si4r04mhc7x1"}

[90mstdout[2m | tests/payment-coordination.db.test.ts[2m > [22m[2mR2 real PostgreSQL restricted-role coordination[2m > [22m[2mR1 conflicting completion retains candidate for journalled cleanup and preserves existing certificate
[22m[39m{"level":"info","event":"payment_verification_succeeded","paymentId":"cmu8afltf0069si4r04mhc7x1","applicationId":"cmu8aflt10065si4rc6t3diz6","referenceId":"201"}

[90mstderr[2m | tests/payment-coordination.db.test.ts[2m > [22m[2mR2 real PostgreSQL restricted-role coordination[2m > [22m[2mR1 conflicting completion retains candidate for journalled cleanup and preserves existing certificate
[22m[39m{"level":"warn","event":"admin_submission_notification_skipped","applicationId":"cmu8aflt10065si4rc6t3diz6","reason":"missing_admin_alert_mobile"}

[90mstdout[2m | tests/payment-coordination.db.test.ts[2m > [22m[2mR2 real PostgreSQL restricted-role coordination[2m > [22m[2mR1 conflicting completion retains candidate for journalled cleanup and preserves existing certificate
[22m[39m{"level":"info","event":"user_submission_notification_sent","applicationId":"cmu8aflt10065si4rc6t3diz6"}

[90mstdout[2m | tests/payment-coordination.db.test.ts[2m > [22m[2mR2 real PostgreSQL restricted-role coordination[2m > [22m[2mR1 conflicting completion retains candidate for journalled cleanup and preserves existing certificate
[22m[39m{"level":"info","event":"submission_status_changed","applicationId":"cmu8aflt10065si4rc6t3diz6","previousStatus":"SUBMITTED","newStatus":"NEEDS_EDIT","adminId":"admin-9dbf66c6-2204-4872-8605-99f4d91c6442","mobile":"fix****9929","hasNote":false,"hasCertificate":false}

[90mstdout[2m | tests/payment-coordination.db.test.ts[2m > [22m[2mR2 real PostgreSQL restricted-role coordination[2m > [22m[2mconcurrent starts cross a provider barrier only once, and replay the same URL
[22m[39m{"level":"info","event":"payment_start_requested","applicationId":"cmu8aflwf006jsi4rvji2k60b","paymentId":"cmu8aflwr006nsi4rgkcc41y7","amountToman":3000000}

[90mstdout[2m | tests/payment-coordination.db.test.ts[2m > [22m[2mR2 real PostgreSQL restricted-role coordination[2m > [22m[2mconcurrent starts cross a provider barrier only once, and replay the same URL
[22m[39m{"level":"info","event":"payment_start_succeeded","applicationId":"cmu8aflwf006jsi4rvji2k60b","paymentId":"cmu8aflwr006nsi4rgkcc41y7"}

[90mstdout[2m | tests/payment-coordination.db.test.ts[2m > [22m[2mR2 real PostgreSQL restricted-role coordination[2m > [22m[2mserializes duplicate callbacks and creates one settlement/history/notification intent
[22m[39m{"level":"info","event":"payment_start_requested","applicationId":"cmu8afm07006qsi4r7c3dwlfs","paymentId":"cmu8afm0o006usi4rlisdou1o","amountToman":3000000}

[90mstdout[2m | tests/payment-coordination.db.test.ts[2m > [22m[2mR2 real PostgreSQL restricted-role coordination[2m > [22m[2mserializes duplicate callbacks and creates one settlement/history/notification intent
[22m[39m{"level":"info","event":"payment_start_succeeded","applicationId":"cmu8afm07006qsi4r7c3dwlfs","paymentId":"cmu8afm0o006usi4rlisdou1o"}

[90mstdout[2m | tests/payment-coordination.db.test.ts[2m > [22m[2mR2 real PostgreSQL restricted-role coordination[2m > [22m[2mserializes duplicate callbacks and creates one settlement/history/notification intent
[22m[39m{"level":"info","event":"payment_verification_succeeded","paymentId":"cmu8afm0o006usi4rlisdou1o","applicationId":"cmu8afm07006qsi4r7c3dwlfs","referenceId":"201"}

[90mstdout[2m | tests/payment-coordination.db.test.ts[2m > [22m[2mR2 real PostgreSQL restricted-role coordination[2m > [22m[2mold authorities before and after settlement never reach provider and retain separate evidence
[22m[39m{"level":"info","event":"payment_start_requested","applicationId":"cmu8afm2u0070si4rx3bcdv2m","paymentId":"cmu8afm370074si4ro4nj7ef4","amountToman":3000000}

[90mstdout[2m | tests/payment-coordination.db.test.ts[2m > [22m[2mR2 real PostgreSQL restricted-role coordination[2m > [22m[2mold authorities before and after settlement never reach provider and retain separate evidence
[22m[39m{"level":"info","event":"payment_start_succeeded","applicationId":"cmu8afm2u0070si4rx3bcdv2m","paymentId":"cmu8afm370074si4ro4nj7ef4"}

[90mstdout[2m | tests/payment-coordination.db.test.ts[2m > [22m[2mR2 real PostgreSQL restricted-role coordination[2m > [22m[2mold authorities before and after settlement never reach provider and retain separate evidence
[22m[39m{"level":"info","event":"payment_verification_succeeded","paymentId":"cmu8afm370074si4ro4nj7ef4","applicationId":"cmu8afm2u0070si4rx3bcdv2m","referenceId":"201"}

[90mstdout[2m | tests/payment-coordination.db.test.ts[2m > [22m[2mR2 real PostgreSQL restricted-role coordination[2m > [22m[2munknown request timeout and expired lease never create another remote call
[22m[39m{"level":"info","event":"payment_start_requested","applicationId":"cmu8afm63007msi4rx5v31a4i","paymentId":"cmu8afm6i007qsi4rss3hm613","amountToman":3000000}

[90mstderr[2m | tests/payment-coordination.db.test.ts[2m > [22m[2mR2 real PostgreSQL restricted-role coordination[2m > [22m[2munknown request timeout and expired lease never create another remote call
[22m[39m{"level":"error","event":"payment_start_failed","applicationId":"cmu8afm63007msi4rx5v31a4i","paymentId":"cmu8afm6i007qsi4rss3hm613","error":{"name":"TimeoutError","message":"timeout","stack":"TimeoutError: timeout\n    at new DOMException (node:internal/per_context/domexception:79:18)\n    at /private/var/folders/g_/f5ccnp_51q15by15f4svlw6c0000gn/T/sana-phase12-ixzihxm_/source/tests/payment-coordination.db.test.ts:366:49\n    at Mock (file:///private/var/folders/g_/f5ccnp_51q15by15f4svlw6c0000gn/T/sana-phase12-ixzihxm_/source/node_modules/@vitest/spy/dist/index.js:332:34)\n    at postZarinpal (/private/var/folders/g_/f5ccnp_51q15by15f4svlw6c0000gn/T/sana-phase12-ixzihxm_/source/lib/payments/zarinpal.ts:37:26)\n    at requestZarinpalPayment (/private/var/folders/g_/f5ccnp_51q15by15f4svlw6c0000gn/T/sana-phase12-ixzihxm_/source/lib/payments/zarinpal.ts:100:22)\n    at Module.startPayment (/private/var/folders/g_/f5ccnp_51q15by15f4svlw6c0000gn/T/sana-phase12-ixzihxm_/source/lib/actions/payment.ts:139:22)\n    at /private/var/folders/g_/f5ccnp_51q15by15f4svlw6c0000gn/T/sana-phase12-ixzihxm_/source/tests/payment-coordination.db.test.ts:367:13\n    at file:///private/var/folders/g_/f5ccnp_51q15by15f4svlw6c0000gn/T/sana-phase12-ixzihxm_/source/node_modules/@vitest/runner/dist/chunk-artifact.js:1903:20"}}

[90mstdout[2m | tests/payment-coordination.db.test.ts[2m > [22m[2mR2 real PostgreSQL restricted-role coordination[2m > [22m[2mverification timeout never retries remotely or creates another authority
[22m[39m{"level":"info","event":"payment_start_requested","applicationId":"cmu8afma1007tsi4rnf7tny08","paymentId":"cmu8afmaj007xsi4rysmpjf49","amountToman":3000000}

[90mstdout[2m | tests/payment-coordination.db.test.ts[2m > [22m[2mR2 real PostgreSQL restricted-role coordination[2m > [22m[2mverification timeout never retries remotely or creates another authority
[22m[39m{"level":"info","event":"payment_start_succeeded","applicationId":"cmu8afma1007tsi4rnf7tny08","paymentId":"cmu8afmaj007xsi4rysmpjf49"}

[90mstdout[2m | tests/payment-coordination.db.test.ts[2m > [22m[2mR2 real PostgreSQL restricted-role coordination[2m > [22m[2mcapture evidence survives failed submission commit and retries without provider
[22m[39m{"level":"info","event":"payment_start_requested","applicationId":"cmu8afmcl0088si4r259alhj5","paymentId":"cmu8afmd0008csi4rsl06wksw","amountToman":3000000}

[90mstdout[2m | tests/payment-coordination.db.test.ts[2m > [22m[2mR2 real PostgreSQL restricted-role coordination[2m > [22m[2mcapture evidence survives failed submission commit and retries without provider
[22m[39m{"level":"info","event":"payment_start_succeeded","applicationId":"cmu8afmcl0088si4r259alhj5","paymentId":"cmu8afmd0008csi4rsl06wksw"}

[90mstderr[2m | tests/payment-coordination.db.test.ts[2m > [22m[2mR2 real PostgreSQL restricted-role coordination[2m > [22m[2mcapture evidence survives failed submission commit and retries without provider
[22m[39m{"level":"error","event":"legacy_paid_submission_retry_required","applicationId":"cmu8afmcl0088si4r259alhj5","error":{"name":"PrismaClientUnknownRequestError","message":"\nInvalid `tx.statusHistory.create()` invocation in\n/private/var/folders/g_/f5ccnp_51q15by15f4svlw6c0000gn/T/sana-phase12-ixzihxm_/source/lib/payments/legacy-settlement.ts:109:30\n\n  106   return;\n  107 }\n  108 await tx.application.update({ where: { id: applicationId }, data: { status: ApplicationStatus.SUBMITTED, submittedAt: new Date() } });\n→ 109 await tx.statusHistory.create(\nError occurred during query execution:\nConnectorError(ConnectorError { user_facing_error: None, kind: QueryError(PostgresError { code: \"42501\", message: \"permission denied for table StatusHistory\", severity: \"ERROR\", detail: None, column: None, hint: None }), transient: false })","stack":"PrismaClientUnknownRequestError: \nInvalid `tx.statusHistory.create()` invocation in\n/private/var/folders/g_/f5ccnp_51q15by15f4svlw6c0000gn/T/sana-phase12-ixzihxm_/source/lib/payments/legacy-settlement.ts:109:30\n\n  106   return;\n  107 }\n  108 await tx.application.update({ where: { id: applicationId }, data: { status: ApplicationStatus.SUBMITTED, submittedAt: new Date() } });\n→ 109 await tx.statusHistory.create(\nError occurred during query execution:\nConnectorError(ConnectorError { user_facing_error: None, kind: QueryError(PostgresError { code: \"42501\", message: \"permission denied for table StatusHistory\", severity: \"ERROR\", detail: None, column: None, hint: None }), transient: false })\n    at ei.handleRequestError (/private/var/folders/g_/f5ccnp_51q15by15f4svlw6c0000gn/T/sana-phase12-ixzihxm_/source/node_modules/@prisma/client/runtime/library.js:121:7458)\n    at ei.handleAndLogRequestError (/private/var/folders/g_/f5ccnp_51q15by15f4svlw6c0000gn/T/sana-phase12-ixzihxm_/source/node_modules/@prisma/client/runtime/library.js:121:6593)\n    at ei.request (/private/var/folders/g_/f5ccnp_51q15by15f4svlw6c0000gn/T/sana-phase12-ixzihxm_/source/node_modules/@prisma/client/runtime/library.js:121:6300)\n    at a (/private/var/folders/g_/f5ccnp_51q15by15f4svlw6c0000gn/T/sana-phase12-ixzihxm_/source/node_modules/@prisma/client/runtime/library.js:130:9551)\n    at /private/var/folders/g_/f5ccnp_51q15by15f4svlw6c0000gn/T/sana-phase12-ixzihxm_/source/lib/payments/legacy-settlement.ts:109:7\n    at Proxy._transactionWithCallback (/private/var/folders/g_/f5ccnp_51q15by15f4svlw6c0000gn/T/sana-phase12-ixzihxm_/source/node_modules/@prisma/client/runtime/library.js:130:8120)\n    at completeVerifiedLegacySubmission (/private/var/folders/g_/f5ccnp_51q15by15f4svlw6c0000gn/T/sana-phase12-ixzihxm_/source/lib/payments/legacy-settlement.ts:93:5)\n    at Module.settleLegacyPayment (/private/var/folders/g_/f5ccnp_51q15by15f4svlw6c0000gn/T/sana-phase12-ixzihxm_/source/lib/payments/legacy-settlement.ts:79:3)\n    at /private/var/folders/g_/f5ccnp_51q15by15f4svlw6c0000gn/T/sana-phase12-ixzihxm_/source/tests/payment-coordination.db.test.ts:402:14\n    at file:///private/var/folders/g_/f5ccnp_51q15by15f4svlw6c0000gn/T/sana-phase12-ixzihxm_/source/node_modules/@vitest/runner/dist/chunk-artifact.js:1903:20"}}

[90mstdout[2m | tests/payment-coordination.db.test.ts[2m > [22m[2mR2 real PostgreSQL restricted-role coordination[2m > [22m[2mcapture evidence survives failed submission commit and retries without provider
[22m[39m{"level":"info","event":"payment_verification_succeeded","paymentId":"cmu8afmd0008csi4rsl06wksw","applicationId":"cmu8afmcl0088si4r259alhj5","referenceId":"durable-capture"}

[90mstdout[2m | tests/payment-coordination.db.test.ts[2m > [22m[2mR2 real PostgreSQL restricted-role coordination[2m > [22m[2mrestricted role rejects cross-application selection, amount mutation and result deletion
[22m[39m{"level":"info","event":"payment_start_requested","applicationId":"cmu8afmen008ksi4rjb44oprk","paymentId":"cmu8afmey008osi4rpwchrii6","amountToman":3000000}

[90mstdout[2m | tests/payment-coordination.db.test.ts[2m > [22m[2mR2 real PostgreSQL restricted-role coordination[2m > [22m[2mrestricted role rejects cross-application selection, amount mutation and result deletion
[22m[39m{"level":"info","event":"payment_start_succeeded","applicationId":"cmu8afmen008ksi4rjb44oprk","paymentId":"cmu8afmey008osi4rpwchrii6"}

[90mstdout[2m | tests/payment-coordination.db.test.ts[2m > [22m[2mR2 real PostgreSQL restricted-role coordination[2m > [22m[2mnotification failure preserves settlement and consumes one durable intent
[22m[39m{"level":"info","event":"payment_start_requested","applicationId":"cmu8afmfs008vsi4rdnckrvz0","paymentId":"cmu8afmg7008zsi4r26o7n10r","amountToman":3000000}

[90mstdout[2m | tests/payment-coordination.db.test.ts[2m > [22m[2mR2 real PostgreSQL restricted-role coordination[2m > [22m[2mnotification failure preserves settlement and consumes one durable intent
[22m[39m{"level":"info","event":"payment_start_succeeded","applicationId":"cmu8afmfs008vsi4rdnckrvz0","paymentId":"cmu8afmg7008zsi4r26o7n10r"}

[90mstdout[2m | tests/payment-coordination.db.test.ts[2m > [22m[2mR2 real PostgreSQL restricted-role coordination[2m > [22m[2mnotification failure preserves settlement and consumes one durable intent
[22m[39m{"level":"info","event":"payment_verification_succeeded","paymentId":"cmu8afmg7008zsi4r26o7n10r","applicationId":"cmu8afmfs008vsi4rdnckrvz0","referenceId":"201"}

[90mstderr[2m | tests/payment-coordination.db.test.ts[2m > [22m[2mR2 real PostgreSQL restricted-role coordination[2m > [22m[2mnotification failure preserves settlement and consumes one durable intent
[22m[39m{"level":"warn","event":"admin_submission_notification_skipped","applicationId":"cmu8afmfs008vsi4rdnckrvz0","reason":"missing_admin_alert_mobile"}

[90mstderr[2m | tests/payment-coordination.db.test.ts[2m > [22m[2mR2 real PostgreSQL restricted-role coordination[2m > [22m[2mnotification failure preserves settlement and consumes one durable intent
[22m[39m{"level":"error","event":"payment_notification_failed","applicationId":"cmu8afmfs008vsi4rdnckrvz0","error":{"name":"Error","message":"isolated SMS failure","stack":"Error: isolated SMS failure\n    at /private/var/folders/g_/f5ccnp_51q15by15f4svlw6c0000gn/T/sana-phase12-ixzihxm_/source/tests/payment-coordination.db.test.ts:425:58\n    at file:///private/var/folders/g_/f5ccnp_51q15by15f4svlw6c0000gn/T/sana-phase12-ixzihxm_/source/node_modules/@vitest/runner/dist/chunk-artifact.js:1903:20"}}

[90mstdout[2m | tests/payment-coordination.db.test.ts[2m > [22m[2mR2 real PostgreSQL restricted-role coordination[2m > [22m[2ma late original worker may persist capture after expiry without enabling takeover
[22m[39m{"level":"info","event":"payment_start_requested","applicationId":"cmu8afmif0095si4rhd4yhhhh","paymentId":"cmu8afmix0099si4rxcvziwtw","amountToman":3000000}

[90mstdout[2m | tests/payment-coordination.db.test.ts[2m > [22m[2mR2 real PostgreSQL restricted-role coordination[2m > [22m[2ma late original worker may persist capture after expiry without enabling takeover
[22m[39m{"level":"info","event":"payment_start_succeeded","applicationId":"cmu8afmif0095si4rhd4yhhhh","paymentId":"cmu8afmix0099si4rxcvziwtw"}

[90mstdout[2m | tests/payment-coordination.db.test.ts[2m > [22m[2mR2 real PostgreSQL restricted-role coordination[2m > [22m[2ma late original worker may persist capture after expiry without enabling takeover
[22m[39m{"level":"info","event":"payment_verification_succeeded","paymentId":"cmu8afmix0099si4rxcvziwtw","applicationId":"cmu8afmif0095si4rhd4yhhhh","referenceId":"201"}

[90mstdout[2m | tests/payment-coordination.db.test.ts[2m > [22m[2mR2 real PostgreSQL restricted-role coordination[2m > [22m[2mcompleted rejection evidence recovers despite crash and unrelated callback evidence
[22m[39m{"level":"info","event":"payment_start_requested","applicationId":"cmu8afmkv009fsi4rtvi5c4wg","paymentId":"cmu8afmld009jsi4rivkcg8sp","amountToman":3000000}

[90mstdout[2m | tests/payment-coordination.db.test.ts[2m > [22m[2mR2 real PostgreSQL restricted-role coordination[2m > [22m[2mcompleted rejection evidence recovers despite crash and unrelated callback evidence
[22m[39m{"level":"info","event":"payment_start_succeeded","applicationId":"cmu8afmkv009fsi4rtvi5c4wg","paymentId":"cmu8afmld009jsi4rivkcg8sp"}

[90mstdout[2m | tests/payment-coordination.db.test.ts[2m > [22m[2mR2 real PostgreSQL restricted-role coordination[2m > [22m[2mcompleted rejection evidence recovers despite crash and unrelated callback evidence
[22m[39m{"level":"info","event":"payment_verification_succeeded","paymentId":"cmu8afmld009jsi4rivkcg8sp","applicationId":"cmu8afmkv009fsi4rtvi5c4wg","referenceId":"201"}

[90mstdout[2m | tests/payment-coordination.db.test.ts[2m > [22m[2mR2 real PostgreSQL restricted-role coordination[2m > [22m[2mprovider capture with failed evidence persistence remains blocked after DB recovery
[22m[39m{"level":"info","event":"payment_start_requested","applicationId":"cmu8afmnb009tsi4r4pumtpaf","paymentId":"cmu8afmnm009xsi4rg18x0itr","amountToman":3000000}

[90mstdout[2m | tests/payment-coordination.db.test.ts[2m > [22m[2mR2 real PostgreSQL restricted-role coordination[2m > [22m[2mprovider capture with failed evidence persistence remains blocked after DB recovery
[22m[39m{"level":"info","event":"payment_start_succeeded","applicationId":"cmu8afmnb009tsi4r4pumtpaf","paymentId":"cmu8afmnm009xsi4rg18x0itr"}

[90mstderr[2m | tests/payment-coordination.db.test.ts[2m > [22m[2mR2 real PostgreSQL restricted-role coordination[2m > [22m[2mprovider capture with failed evidence persistence remains blocked after DB recovery
[22m[39m{"level":"error","event":"payment_capture_evidence_persist_failed","paymentId":"cmu8afmnm009xsi4rg18x0itr","applicationId":"cmu8afmnb009tsi4r4pumtpaf","error":{"name":"PrismaClientUnknownRequestError","message":"\nInvalid `db.paymentOperationResult.createMany()` invocation in\n/private/var/folders/g_/f5ccnp_51q15by15f4svlw6c0000gn/T/sana-phase12-ixzihxm_/source/lib/payments/coordination.ts:46:35\n\n  43 export async function savePaymentResult(claim: PaymentClaim, outcome: \"AUTHORITY\" | \"CAPTURED\" | \"REJECTED\" | \"UNKNOWN\", details: { authority?: string; referenceId?: string } = {}) {\n  44   // Independent commit: a later business transaction may fail. A late owner is\n  45   // allowed to preserve its result, never to authorize another external operation.\n→ 46   await db.paymentOperationResult.createMany(\nError occurred during query execution:\nConnectorError(ConnectorError { user_facing_error: None, kind: QueryError(PostgresError { code: \"42501\", message: \"permission denied for table PaymentOperationResult\", severity: \"ERROR\", detail: None, column: None, hint: None }), transient: false })","stack":"PrismaClientUnknownRequestError: \nInvalid `db.paymentOperationResult.createMany()` invocation in\n/private/var/folders/g_/f5ccnp_51q15by15f4svlw6c0000gn/T/sana-phase12-ixzihxm_/source/lib/payments/coordination.ts:46:35\n\n  43 export async function savePaymentResult(claim: PaymentClaim, outcome: \"AUTHORITY\" | \"CAPTURED\" | \"REJECTED\" | \"UNKNOWN\", details: { authority?: string; referenceId?: string } = {}) {\n  44   // Independent commit: a later business transaction may fail. A late owner is\n  45   // allowed to preserve its result, never to authorize another external operation.\n→ 46   await db.paymentOperationResult.createMany(\nError occurred during query execution:\nConnectorError(ConnectorError { user_facing_error: None, kind: QueryError(PostgresError { code: \"42501\", message: \"permission denied for table PaymentOperationResult\", severity: \"ERROR\", detail: None, column: None, hint: None }), transient: false })\n    at ei.handleRequestError (/private/var/folders/g_/f5ccnp_51q15by15f4svlw6c0000gn/T/sana-phase12-ixzihxm_/source/node_modules/@prisma/client/runtime/library.js:121:7458)\n    at ei.handleAndLogRequestError (/private/var/folders/g_/f5ccnp_51q15by15f4svlw6c0000gn/T/sana-phase12-ixzihxm_/source/node_modules/@prisma/client/runtime/library.js:121:6593)\n    at ei.request (/private/var/folders/g_/f5ccnp_51q15by15f4svlw6c0000gn/T/sana-phase12-ixzihxm_/source/node_modules/@prisma/client/runtime/library.js:121:6300)\n    at a (/private/var/folders/g_/f5ccnp_51q15by15f4svlw6c0000gn/T/sana-phase12-ixzihxm_/source/node_modules/@prisma/client/runtime/library.js:130:9551)\n    at savePaymentResult (/private/var/folders/g_/f5ccnp_51q15by15f4svlw6c0000gn/T/sana-phase12-ixzihxm_/source/lib/payments/coordination.ts:46:3)\n    at Module.settleLegacyPayment (/private/var/folders/g_/f5ccnp_51q15by15f4svlw6c0000gn/T/sana-phase12-ixzihxm_/source/lib/payments/legacy-settlement.ts:47:7)\n    at /private/var/folders/g_/f5ccnp_51q15by15f4svlw6c0000gn/T/sana-phase12-ixzihxm_/source/tests/payment-coordination.db.test.ts:458:18\n    at file:///private/var/folders/g_/f5ccnp_51q15by15f4svlw6c0000gn/T/sana-phase12-ixzihxm_/source/node_modules/@vitest/runner/dist/chunk-artifact.js:1903:20"}}

[90mstderr[2m | tests/payment-coordination.db.test.ts[2m > [22m[2mR2 real PostgreSQL restricted-role coordination[2m > [22m[2mfacilities request timeout and restart preserve its only attempt
[22m[39m{"level":"error","event":"facilities_payment_request_persist_or_transport_failed","applicationId":"f3299c344339c4c58843865950b474db2-application","error":{"name":"TypeError","message":"fetch failed","stack":"TypeError: fetch failed\n    at /private/var/folders/g_/f5ccnp_51q15by15f4svlw6c0000gn/T/sana-phase12-ixzihxm_/source/tests/payment-coordination.db.test.ts:486:79\n    at Mock (file:///private/var/folders/g_/f5ccnp_51q15by15f4svlw6c0000gn/T/sana-phase12-ixzihxm_/source/node_modules/@vitest/spy/dist/index.js:332:34)\n    at postZarinpal (/private/var/folders/g_/f5ccnp_51q15by15f4svlw6c0000gn/T/sana-phase12-ixzihxm_/source/lib/payments/zarinpal.ts:37:26)\n    at requestZarinpalPayment (/private/var/folders/g_/f5ccnp_51q15by15f4svlw6c0000gn/T/sana-phase12-ixzihxm_/source/lib/payments/zarinpal.ts:100:22)\n    at Module.startFacilitiesPayment (/private/var/folders/g_/f5ccnp_51q15by15f4svlw6c0000gn/T/sana-phase12-ixzihxm_/source/lib/actions/facilities-payment.ts:257:27)\n    at /private/var/folders/g_/f5ccnp_51q15by15f4svlw6c0000gn/T/sana-phase12-ixzihxm_/source/tests/payment-coordination.db.test.ts:487:12\n    at file:///private/var/folders/g_/f5ccnp_51q15by15f4svlw6c0000gn/T/sana-phase12-ixzihxm_/source/node_modules/@vitest/runner/dist/chunk-artifact.js:1903:20"}}

[90mstderr[2m | tests/payment-coordination.db.test.ts[2m > [22m[2mR2 real PostgreSQL restricted-role coordination[2m > [22m[2mfacilities request timeout and restart preserve its only attempt
[22m[39m{"level":"warn","event":"facilities_payment_start_unresolved","applicationId":"f3299c344339c4c58843865950b474db2-application"}

[90mstderr[2m | tests/payment-coordination.db.test.ts[2m > [22m[2mR2 real PostgreSQL restricted-role coordination[2m > [22m[2mfacilities saved capture completes after a failed DB transaction without contacting provider again
[22m[39m{"level":"error","event":"facilities_payment_verification_record_failed","paymentAttemptId":"cmu8afmze00b3si4rq43bdicr","applicationId":"f7724f558fa5f458993c790093c686d8a-application","error":{"name":"PrismaClientUnknownRequestError","message":"\nInvalid `tx.facilitiesAuditLog.create()` invocation in\n/private/var/folders/g_/f5ccnp_51q15by15f4svlw6c0000gn/T/sana-phase12-ixzihxm_/source/lib/actions/facilities-payment.ts:361:35\n\n  358 const late = !LOCKED_PAYMENT_STATES.includes(current.status);\n  359 const metadata = late ? { status: FacilitiesPaymentStatus.VERIFIED, reasonCode: \"LATE_CAPTURE\" } : { status: FacilitiesPaymentStatus.VERIFIED };\n  360 await tx.facilitiesPaymentAttempt.update({ where: { id: current.id }, data: { status: FacilitiesPaymentStatus.VERIFIED, referenceId: verified.referenceId, safeMetadata: metadata } });\n→ 361 await tx.facilitiesAuditLog.create(\nError occurred during query execution:\nConnectorError(ConnectorError { user_facing_error: None, kind: QueryError(PostgresError { code: \"42501\", message: \"permission denied for table FacilitiesAuditLog\", severity: \"ERROR\", detail: None, column: None, hint: None }), transient: false })","stack":"PrismaClientUnknownRequestError: \nInvalid `tx.facilitiesAuditLog.create()` invocation in\n/private/var/folders/g_/f5ccnp_51q15by15f4svlw6c0000gn/T/sana-phase12-ixzihxm_/source/lib/actions/facilities-payment.ts:361:35\n\n  358 const late = !LOCKED_PAYMENT_STATES.includes(current.status);\n  359 const metadata = late ? { status: FacilitiesPaymentStatus.VERIFIED, reasonCode: \"LATE_CAPTURE\" } : { status: FacilitiesPaymentStatus.VERIFIED };\n  360 await tx.facilitiesPaymentAttempt.update({ where: { id: current.id }, data: { status: FacilitiesPaymentStatus.VERIFIED, referenceId: verified.referenceId, safeMetadata: metadata } });\n→ 361 await tx.facilitiesAuditLog.create(\nError occurred during query execution:\nConnectorError(ConnectorError { user_facing_error: None, kind: QueryError(PostgresError { code: \"42501\", message: \"permission denied for table FacilitiesAuditLog\", severity: \"ERROR\", detail: None, column: None, hint: None }), transient: false })\n    at ei.handleRequestError (/private/var/folders/g_/f5ccnp_51q15by15f4svlw6c0000gn/T/sana-phase12-ixzihxm_/source/node_modules/@prisma/client/runtime/library.js:121:7458)\n    at ei.handleAndLogRequestError (/private/var/folders/g_/f5ccnp_51q15by15f4svlw6c0000gn/T/sana-phase12-ixzihxm_/source/node_modules/@prisma/client/runtime/library.js:121:6593)\n    at ei.request (/private/var/folders/g_/f5ccnp_51q15by15f4svlw6c0000gn/T/sana-phase12-ixzihxm_/source/node_modules/@prisma/client/runtime/library.js:121:6300)\n    at a (/private/var/folders/g_/f5ccnp_51q15by15f4svlw6c0000gn/T/sana-phase12-ixzihxm_/source/node_modules/@prisma/client/runtime/library.js:130:9551)\n    at /private/var/folders/g_/f5ccnp_51q15by15f4svlw6c0000gn/T/sana-phase12-ixzihxm_/source/lib/actions/facilities-payment.ts:361:7\n    at Proxy._transactionWithCallback (/private/var/folders/g_/f5ccnp_51q15by15f4svlw6c0000gn/T/sana-phase12-ixzihxm_/source/node_modules/@prisma/client/runtime/library.js:130:8120)\n    at Module.verifyFacilitiesPaymentCallback (/private/var/folders/g_/f5ccnp_51q15by15f4svlw6c0000gn/T/sana-phase12-ixzihxm_/source/lib/actions/facilities-payment.ts:352:5)\n    at /private/var/folders/g_/f5ccnp_51q15by15f4svlw6c0000gn/T/sana-phase12-ixzihxm_/source/tests/payment-coordination.db.test.ts:502:18\n    at file:///private/var/folders/g_/f5ccnp_51q15by15f4svlw6c0000gn/T/sana-phase12-ixzihxm_/source/node_modules/@vitest/runner/dist/chunk-artifact.js:1903:20"}}

 [32m✓[39m tests/payment-coordination.db.test.ts [2m([22m[2m39 tests[22m[2m)[22m[33m 3694[2mms[22m[39m
[90mstderr[2m | tests/otp-request.db.test.ts[2m > [22m[2mR5 restricted PostgreSQL request reservations[2m > [22m[2mfive admissions per rolling hour survive SMS failures and cooldown expiry
[22m[39m{"level":"warn","event":"otp_sms_unconfirmed","reason":"delivery_unconfirmed"}

[90mstderr[2m | tests/otp-request.db.test.ts[2m > [22m[2mR5 restricted PostgreSQL request reservations[2m > [22m[2mfive admissions per rolling hour survive SMS failures and cooldown expiry
[22m[39m{"level":"warn","event":"otp_sms_unconfirmed","reason":"delivery_unconfirmed"}

[90mstderr[2m | tests/otp-request.db.test.ts[2m > [22m[2mR5 restricted PostgreSQL request reservations[2m > [22m[2mfive admissions per rolling hour survive SMS failures and cooldown expiry
[22m[39m{"level":"warn","event":"otp_sms_unconfirmed","reason":"delivery_unconfirmed"}

[90mstderr[2m | tests/otp-request.db.test.ts[2m > [22m[2mR5 restricted PostgreSQL request reservations[2m > [22m[2mfive admissions per rolling hour survive SMS failures and cooldown expiry
[22m[39m{"level":"warn","event":"otp_sms_unconfirmed","reason":"delivery_unconfirmed"}

[90mstderr[2m | tests/otp-request.db.test.ts[2m > [22m[2mR5 restricted PostgreSQL request reservations[2m > [22m[2mfive admissions per rolling hour survive SMS failures and cooldown expiry
[22m[39m{"level":"warn","event":"otp_sms_unconfirmed","reason":"delivery_unconfirmed"}

[90mstderr[2m | tests/otp-request.db.test.ts[2m > [22m[2mR5 restricted PostgreSQL request reservations[2m > [22m[2mhash failure spends admission and blocks immediate retry
[22m[39m{"level":"warn","event":"otp_request_unavailable","reason":"request_or_dispatch_failed"}

[90mstderr[2m | tests/otp-request.db.test.ts[2m > [22m[2mR5 restricted PostgreSQL request reservations[2m > [22m[2minvalid configuration fails closed: 
[22m[39m{"level":"warn","event":"otp_request_unavailable","reason":"request_or_dispatch_failed"}

[90mstderr[2m | tests/otp-request.db.test.ts[2m > [22m[2mR5 restricted PostgreSQL request reservations[2m > [22m[2minvalid configuration fails closed: 0
[22m[39m{"level":"warn","event":"otp_request_unavailable","reason":"request_or_dispatch_failed"}

[90mstderr[2m | tests/otp-request.db.test.ts[2m > [22m[2mR5 restricted PostgreSQL request reservations[2m > [22m[2minvalid configuration fails closed: 3001
[22m[39m{"level":"warn","event":"otp_request_unavailable","reason":"request_or_dispatch_failed"}

[90mstderr[2m | tests/otp-request.db.test.ts[2m > [22m[2mR5 restricted PostgreSQL request reservations[2m > [22m[2minvalid configuration fails closed: garbage
[22m[39m{"level":"warn","event":"otp_request_unavailable","reason":"request_or_dispatch_failed"}

[90mstderr[2m | tests/otp-request.db.test.ts[2m > [22m[2mR5 restricted PostgreSQL request reservations[2m > [22m[2mmissing/mixed secrets fail both request and verification namespaces
[22m[39m{"level":"warn","event":"otp_request_unavailable","reason":"request_or_dispatch_failed"}

[90mstderr[2m | tests/otp-request.db.test.ts[2m > [22m[2mR5 restricted PostgreSQL request reservations[2m > [22m[2mmissing/mixed secrets fail both request and verification namespaces
[22m[39m{"level":"warn","event":"otp_request_unavailable","reason":"request_or_dispatch_failed"}

[90mstderr[2m | tests/otp-request.db.test.ts[2m > [22m[2mR5 restricted PostgreSQL request reservations[2m > [22m[2mlost claim commit acknowledgement prevents SMS and retry
[22m[39m{"level":"warn","event":"otp_request_unavailable","reason":"request_or_dispatch_failed"}

[90mstderr[2m | tests/otp-request.db.test.ts[2m > [22m[2mR5 restricted PostgreSQL request reservations[2m > [22m[2mrequired cleanup failure denies admission and recovery prunes first
[22m[39m{"level":"warn","event":"otp_request_unavailable","reason":"request_or_dispatch_failed"}

 [32m✓[39m tests/otp-request.db.test.ts [2m([22m[2m24 tests[22m[2m)[22m[33m 3302[2mms[22m[39m
     [33m[2m✓[22m[39m five admissions per rolling hour survive SMS failures and cooldown expiry [33m 514[2mms[22m[39m
     [33m[2m✓[22m[39m intent expiry is checked again after waiting on an unchanged OTP lock [33m 1170[2mms[22m[39m
[90mstderr[2m | tests/legacy-replacement.db.test.ts[2m > [22m[2mR8 legacy replacement restricted DB and real bytes[2m > [22m[2mscan rejection and unavailability preserve the previous current object
[22m[39m{"level":"warn","event":"legacy_upload_scan_rejected","status":"FAILED","fileType":"CSV","size":9}

[90mstderr[2m | tests/legacy-replacement.db.test.ts[2m > [22m[2mR8 legacy replacement restricted DB and real bytes[2m > [22m[2mscan rejection and unavailability preserve the previous current object
[22m[39m{"level":"warn","event":"legacy_upload_scan_rejected","status":"UNAVAILABLE","fileType":"CSV","size":9}

[90mstderr[2m | tests/legacy-replacement.db.test.ts[2m > [22m[2mR8 legacy replacement restricted DB and real bytes[2m > [22m[2munlink failure retains irreversible authorization and retries without touching current bytes
[22m[39m{"level":"warn","event":"legacy_file_deletion_retry_required","intentId":"legacy-delete:cmu8afqmj0036si8qfdim1jei"}

[90mstdout[2m | tests/legacy-replacement.db.test.ts[2m > [22m[2mR8 legacy replacement restricted DB and real bytes[2m > [22m[2mtwo certificate action writers cannot overwrite a decision made during staging
[22m[39m{"level":"info","event":"validation_certificate_replaced","applicationId":"cmu8afrwk004xsi8qej12eech","adminId":"cmu8afrwo004ysi8qcw10rhe3","mobile":"49a****9943"}

[90mstdout[2m | tests/legacy-replacement.db.test.ts[2m > [22m[2mR8 legacy replacement restricted DB and real bytes[2m > [22m[2mpayment reservation fences uploads while the provider request is in flight
[22m[39m{"level":"info","event":"payment_start_requested","applicationId":"cmu8afs36005rsi8qlde97g27","paymentId":"cmu8afs91006rsi8q8lf2r874","amountToman":3000000}

[90mstdout[2m | tests/legacy-replacement.db.test.ts[2m > [22m[2mR8 legacy replacement restricted DB and real bytes[2m > [22m[2mpayment reservation fences uploads while the provider request is in flight
[22m[39m{"level":"info","event":"payment_start_succeeded","applicationId":"cmu8afs36005rsi8qlde97g27","paymentId":"cmu8afs91006rsi8q8lf2r874"}

 [32m✓[39m tests/legacy-replacement.db.test.ts [2m([22m[2m29 tests[22m[2m)[22m[33m 3015[2mms[22m[39m
     [33m[2m✓[22m[39m real process death at allocation preserves current bytes and permits fenced recovery [33m 358[2mms[22m[39m
     [33m[2m✓[22m[39m real process death at bytes preserves current bytes and permits fenced recovery [33m 333[2mms[22m[39m
     [33m[2m✓[22m[39m real process death at commit preserves current bytes and permits fenced recovery [33m 358[2mms[22m[39m
     [33m[2m✓[22m[39m real process death at authorization preserves current bytes and permits fenced recovery [33m 372[2mms[22m[39m
 [32m✓[39m tests/admin-enumeration.db.test.ts [2m([22m[2m8 tests[22m[2m)[22m[33m 1538[2mms[22m[39m
     [33m[2m✓[22m[39m concurrent distinct unknown probes spend the shared unknown budget without accounts or dispatch [33m 481[2mms[22m[39m
[90mstdout[2m | tests/admin-review.db.test.ts[2m > [22m[2mR11 restricted concurrent review[2m > [22m[2mcompeting completion/correction preserves one note/history/certificate and notification
[22m[39m{"level":"info","event":"submission_status_changed","applicationId":"cmu8aftvd0003siasx482vvd9","previousStatus":"SUBMITTED","newStatus":"NEEDS_EDIT","adminId":"cmu8aftv50000siasna2awkia","mobile":"97a****5b7b","hasNote":true,"hasCertificate":false}

[90mstdout[2m | tests/admin-review.db.test.ts[2m > [22m[2mR11 restricted concurrent review[2m > [22m[2mcompletion winner preserves exact certificate and stale correction gets409
[22m[39m{"level":"info","event":"submission_status_changed","applicationId":"cmu8aftxk0009siast35bcl9o","previousStatus":"SUBMITTED","newStatus":"VALIDATION_COMPLETED","adminId":"cmu8aftxh0006sias636qn7pf","mobile":"8dc****3381","hasNote":true,"hasCertificate":true}

[90mstdout[2m | tests/admin-review.db.test.ts[2m > [22m[2mR11 restricted concurrent review[2m > [22m[2mmissing token and stale browser note cannot silently overwrite
[22m[39m{"level":"info","event":"submission_status_changed","applicationId":"cmu8aftyq000jsiasodfhfs0l","previousStatus":"SUBMITTED","newStatus":"UNDER_REVIEW","adminId":"cmu8aftyn000gsiaspia3ry1e","mobile":"270****b703","hasNote":true,"hasCertificate":false}

[90mstdout[2m | tests/admin-review.db.test.ts[2m > [22m[2mR11 restricted concurrent review[2m > [22m[2mcertificate stale token maps to HTTP409 and preserves current bytes
[22m[39m{"level":"info","event":"validation_certificate_replaced","applicationId":"cmu8afu170012siasecw4e1g5","adminId":"cmu8afu14000zsias10l02s0b","mobile":"c8c****d01d"}

[90mstdout[2m | tests/admin-review.db.test.ts[2m > [22m[2mR11 restricted concurrent review[2m > [22m[2mSMS failure cannot undo transition or authorize duplicate retry
[22m[39m{"level":"info","event":"submission_status_changed","applicationId":"cmu8afu2f001asiasv9mzp734","previousStatus":"SUBMITTED","newStatus":"NEEDS_EDIT","adminId":"cmu8afu2c0017siasyljlxipo","mobile":"2f6****2e86","hasNote":true,"hasCertificate":false}

[90mstderr[2m | tests/admin-review.db.test.ts[2m > [22m[2mR11 restricted concurrent review[2m > [22m[2mSMS failure cannot undo transition or authorize duplicate retry
[22m[39m{"level":"error","event":"submission_status_sms_failed","applicationId":"cmu8afu2f001asiasv9mzp734","newStatus":"NEEDS_EDIT","mobile":"2f6****2e86","error":{"name":"Error","message":"synthetic outage","stack":"Error: synthetic outage\n    at /private/var/folders/g_/f5ccnp_51q15by15f4svlw6c0000gn/T/sana-phase12-ixzihxm_/source/tests/admin-review.db.test.ts:68:147\n    at file:///private/var/folders/g_/f5ccnp_51q15by15f4svlw6c0000gn/T/sana-phase12-ixzihxm_/source/node_modules/@vitest/runner/dist/chunk-artifact.js:1903:20"}}

[90mstdout[2m | tests/admin-review.db.test.ts[2m > [22m[2mR11 restricted concurrent review[2m > [22m[2mapplicant resubmission and admin restart produce one legal winner without recharge
[22m[39m{"level":"info","event":"submission_status_changed","applicationId":"cmu8afu33001gsiaswkd013hc","previousStatus":"NEEDS_EDIT","newStatus":"UNDER_REVIEW","adminId":"cmu8afu30001dsias3zrymg4s","mobile":"be9****2b04","hasNote":true,"hasCertificate":false}

[90mstderr[2m | tests/admin-review.db.test.ts[2m > [22m[2mR11 restricted concurrent review[2m > [22m[2msuccessful SMS plus lost commit acknowledgement never becomes retryable
[22m[39m{"level":"error","event":"facilities_correction_sms_persistence_unconfirmed","applicationId":"r117ca581a4ab384bd4826a5bc5ffae6e15-application","correctionRequestId":"cmu8afudi0031siasti7uheph","reasonCode":"PERSISTENCE_UNCONFIRMED","error":{"message":"undefined"}}

[90mstderr[2m | tests/admin-review.db.test.ts[2m > [22m[2mR11 restricted concurrent review[2m > [22m[2muncertain SMS consumes claim and cannot dispatch another send
[22m[39m{"level":"error","event":"facilities_correction_sms_unconfirmed","applicationId":"r11203eea6b718142ccb765a4b6c6878933-application","correctionRequestId":"cmu8afueu003asiassexeh9vp","mobile":"use****8933","reasonCode":"DELIVERY_UNCONFIRMED","error":{"message":"undefined"}}

[90mstderr[2m | tests/admin-review.db.test.ts[2m > [22m[2mR11 restricted concurrent review[2m > [22m[2mpostcommit claim failure reports committed correction with uncertain delivery
[22m[39m{"level":"error","event":"facilities_correction_sms_claim_unconfirmed","correctionRequestId":"cmu8afuit003rsiaswyuyc9wh","reasonCode":"CLAIM_UNCONFIRMED","error":{"message":"undefined"}}

[90mstderr[2m | tests/admin-review.db.test.ts[2m > [22m[2mR11 restricted concurrent review[2m > [22m[2msuccessful SMS plus rolled-back persistence leaves spent uncertainty and no retry
[22m[39m{"level":"error","event":"facilities_correction_sms_persistence_unconfirmed","applicationId":"r119498d885991e48ceb8796902c58e2aa3-application","correctionRequestId":"cmu8afun30043sias83jbt3sq","reasonCode":"PERSISTENCE_UNCONFIRMED","error":{"message":"undefined"}}

 [32m✓[39m tests/admin-review.db.test.ts [2m([22m[2m21 tests[22m[2m)[22m[33m 1054[2mms[22m[39m
 [32m✓[39m tests/zarinpal-contract.test.ts [2m([22m[2m63 tests[22m[2m)[22m[33m 1034[2mms[22m[39m
     [33m[2m✓[22m[39m actual abort signal bounds a stalled verify without retry [33m 1007[2mms[22m[39m
 [32m✓[39m tests/facilities-review-actions.test.ts [2m([22m[2m4 tests[22m[2m)[22m[32m 116[2mms[22m[39m
 [32m✓[39m tests/no-committed-gateway-credentials.test.ts [2m([22m[2m2 tests[22m[2m)[22m[32m 247[2mms[22m[39m
[90mstderr[2m | tests/facilities-payment-action.test.ts[2m > [22m[2mfacilities payment and submission actions[2m > [22m[2mrecords a late capture when the gateway confirms an attempt that was already closed, and submits
[22m[39m{"level":"warn","event":"facilities_payment_late_capture_recorded","paymentAttemptId":"pay_1","applicationId":"app_1","previousStatus":"FAILED"}

 [32m✓[39m tests/facilities-payment-action.test.ts [2m([22m[2m21 tests[22m[2m)[22m[32m 77[2mms[22m[39m
 [32m✓[39m tests/facilities-draft-details-action.test.ts [2m([22m[2m2 tests[22m[2m)[22m[32m 47[2mms[22m[39m
 [32m✓[39m tests/admin-actions-permissions.test.ts [2m([22m[2m5 tests[22m[2m)[22m[32m 53[2mms[22m[39m
[90mstdout[2m | tests/payment-action.test.ts[2m > [22m[2mpayment action[2m > [22m[2mstarts payment only after server-side final validation passes
[22m[39m{"level":"info","event":"payment_start_requested","applicationId":"app_1","paymentId":"pay_1","amountToman":3000000}

[90mstdout[2m | tests/payment-action.test.ts[2m > [22m[2mpayment action[2m > [22m[2mstarts payment only after server-side final validation passes
[22m[39m{"level":"info","event":"payment_start_succeeded","applicationId":"app_1","paymentId":"pay_1"}

[90mstdout[2m | tests/payment-action.test.ts[2m > [22m[2mpayment action[2m > [22m[2mpreserves uncertain request instead of marking it failed
[22m[39m{"level":"info","event":"payment_start_requested","applicationId":"app_1","paymentId":"pay_1","amountToman":3000000}

[90mstderr[2m | tests/payment-action.test.ts[2m > [22m[2mpayment action[2m > [22m[2mpreserves uncertain request instead of marking it failed
[22m[39m{"level":"error","event":"payment_start_failed","applicationId":"app_1","paymentId":"pay_1","error":{"name":"Error","message":"provider down","stack":"Error: provider down\n    at /private/var/folders/g_/f5ccnp_51q15by15f4svlw6c0000gn/T/sana-phase12-ixzihxm_/source/tests/payment-action.test.ts:147:52\n    at file:///private/var/folders/g_/f5ccnp_51q15by15f4svlw6c0000gn/T/sana-phase12-ixzihxm_/source/node_modules/@vitest/runner/dist/chunk-artifact.js:302:11\n    at file:///private/var/folders/g_/f5ccnp_51q15by15f4svlw6c0000gn/T/sana-phase12-ixzihxm_/source/node_modules/@vitest/runner/dist/chunk-artifact.js:1903:26\n    at file:///private/var/folders/g_/f5ccnp_51q15by15f4svlw6c0000gn/T/sana-phase12-ixzihxm_/source/node_modules/@vitest/runner/dist/chunk-artifact.js:2326:20\n    at new Promise (<anonymous>)\n    at runWithCancel (file:///private/var/folders/g_/f5ccnp_51q15by15f4svlw6c0000gn/T/sana-phase12-ixzihxm_/source/node_modules/@vitest/runner/dist/chunk-artifact.js:2323:10)\n    at file:///private/var/folders/g_/f5ccnp_51q15by15f4svlw6c0000gn/T/sana-phase12-ixzihxm_/source/node_modules/@vitest/runner/dist/chunk-artifact.js:2305:20\n    at new Promise (<anonymous>)\n    at runWithTimeout (file:///private/var/folders/g_/f5ccnp_51q15by15f4svlw6c0000gn/T/sana-phase12-ixzihxm_/source/node_modules/@vitest/runner/dist/chunk-artifact.js:2272:10)\n    at file:///private/var/folders/g_/f5ccnp_51q15by15f4svlw6c0000gn/T/sana-phase12-ixzihxm_/source/node_modules/@vitest/runner/dist/chunk-artifact.js:2956:64"}}

[90mstderr[2m | tests/payment-action.test.ts[2m > [22m[2mpayment action[2m > [22m[2msubmits corrections without repayment when a needs-edit application already has verified payment
[22m[39m{"level":"warn","event":"admin_submission_notification_skipped","applicationId":"app_1","reason":"missing_admin_alert_mobile"}

[90mstdout[2m | tests/payment-action.test.ts[2m > [22m[2mpayment action[2m > [22m[2msubmits corrections without repayment when a needs-edit application already has verified payment
[22m[39m{"level":"info","event":"user_submission_notification_sent","applicationId":"app_1"}

[90mstdout[2m | tests/payment-action.test.ts[2m > [22m[2mpayment action[2m > [22m[2mcompletes the submission without a new charge when the open attempt was already paid at the gateway
[22m[39m{"level":"info","event":"payment_verification_succeeded","paymentId":"old_pay","applicationId":"app_1","referenceId":"ref_old"}

[90mstderr[2m | tests/payment-action.test.ts[2m > [22m[2mpayment action[2m > [22m[2mcompletes the submission without a new charge when the open attempt was already paid at the gateway
[22m[39m{"level":"warn","event":"admin_submission_notification_skipped","applicationId":"app_1","reason":"missing_admin_alert_mobile"}

[90mstdout[2m | tests/payment-action.test.ts[2m > [22m[2mpayment action[2m > [22m[2mcompletes the submission without a new charge when the open attempt was already paid at the gateway
[22m[39m{"level":"info","event":"user_submission_notification_sent","applicationId":"app_1"}

[90mstderr[2m | tests/payment-action.test.ts[2m > [22m[2mpayment action[2m > [22m[2mdoes not create another payment when a verified payment already exists
[22m[39m{"level":"warn","event":"admin_submission_notification_skipped","applicationId":"app_1","reason":"missing_admin_alert_mobile"}

[90mstdout[2m | tests/payment-action.test.ts[2m > [22m[2mpayment action[2m > [22m[2mdoes not create another payment when a verified payment already exists
[22m[39m{"level":"info","event":"user_submission_notification_sent","applicationId":"app_1"}

 [32m✓[39m tests/payment-action.test.ts [2m([22m[2m10 tests[22m[2m)[22m[32m 52[2mms[22m[39m
 [32m✓[39m tests/admin-status-route.test.ts [2m([22m[2m2 tests[22m[2m)[22m[32m 24[2mms[22m[39m
 [32m✓[39m tests/facilities-export.test.ts [2m([22m[2m4 tests[22m[2m)[22m[32m 43[2mms[22m[39m
 [32m✓[39m tests/payment-callback.test.ts [2m([22m[2m13 tests[22m[2m)[22m[32m 30[2mms[22m[39m
 [32m✓[39m tests/facilities-payment-callback-route.test.ts [2m([22m[2m3 tests[22m[2m)[22m[32m 23[2mms[22m[39m
 [32m✓[39m tests/admin-certificate-route.test.ts [2m([22m[2m3 tests[22m[2m)[22m[32m 25[2mms[22m[39m
 [32m✓[39m tests/facilities-review-ui.test.tsx [2m([22m[2m3 tests[22m[2m)[22m[32m 37[2mms[22m[39m
 [32m✓[39m tests/facilities-files.test.ts [2m([22m[2m15 tests[22m[2m)[22m[32m 34[2mms[22m[39m
 [32m✓[39m tests/facilities-application-wizard.test.tsx [2m([22m[2m5 tests[22m[2m)[22m[32m 32[2mms[22m[39m
 [32m✓[39m tests/upload-route.test.ts [2m([22m[2m8 tests[22m[2m)[22m[32m 25[2mms[22m[39m
 [32m✓[39m tests/auth-request-guard.test.ts [2m([22m[2m58 tests[22m[2m)[22m[32m 30[2mms[22m[39m
 [32m✓[39m tests/admin-export-route.test.ts [2m([22m[2m3 tests[22m[2m)[22m[32m 23[2mms[22m[39m
 [32m✓[39m tests/status-history-timeline.test.tsx [2m([22m[2m1 test[22m[2m)[22m[32m 24[2mms[22m[39m
 [32m✓[39m tests/facilities-application-files-route.test.ts [2m([22m[2m7 tests[22m[2m)[22m[32m 24[2mms[22m[39m
 [32m✓[39m tests/upload-request-guards.test.ts [2m([22m[2m3 tests[22m[2m)[22m[32m 21[2mms[22m[39m
 [32m✓[39m tests/client-ip.test.ts [2m([22m[2m3 tests[22m[2m)[22m[32m 21[2mms[22m[39m
 [32m✓[39m tests/private-document-read.test.ts [2m([22m[2m10 tests[22m[2m)[22m[32m 19[2mms[22m[39m
 [32m✓[39m tests/health-route.test.ts [2m([22m[2m2 tests[22m[2m)[22m[32m 16[2mms[22m[39m
 [32m✓[39m tests/facilities-m9-release.test.ts [2m([22m[2m10 tests[22m[2m)[22m[32m 14[2mms[22m[39m
 [32m✓[39m tests/facilities-export-route.test.ts [2m([22m[2m3 tests[22m[2m)[22m[32m 15[2mms[22m[39m
 [32m✓[39m tests/otp-request-route.test.ts [2m([22m[2m2 tests[22m[2m)[22m[32m 16[2mms[22m[39m
 [32m✓[39m tests/facilities-private-file-route.test.ts [2m([22m[2m8 tests[22m[2m)[22m[32m 15[2mms[22m[39m
 [32m✓[39m tests/protected-file-route.test.ts [2m([22m[2m5 tests[22m[2m)[22m[32m 15[2mms[22m[39m
 [32m✓[39m tests/payment-return-page.test.tsx [2m([22m[2m8 tests[22m[2m)[22m[32m 15[2mms[22m[39m
[90mstderr[2m | tests/upload-validation.test.ts[2m > [22m[2mlegacy upload scanning[2m > [22m[2mrejects files the configured scanner flags or cannot scan, writing nothing
[22m[39m{"level":"warn","event":"legacy_upload_scan_rejected","status":"FAILED","reason":"MALWARE_DETECTED","fileType":"PDF","size":60}

[90mstderr[2m | tests/upload-validation.test.ts[2m > [22m[2mlegacy upload scanning[2m > [22m[2mrejects files the configured scanner flags or cannot scan, writing nothing
[22m[39m{"level":"warn","event":"legacy_upload_scan_rejected","status":"UNAVAILABLE","reason":"SCANNER_UNAVAILABLE","fileType":"PDF","size":60}

[90mstderr[2m | tests/upload-validation.test.ts[2m > [22m[2mlegacy upload scanning[2m > [22m[2mfails closed when no scanner is configured at all, and scans when one is
[22m[39m{"level":"error","event":"legacy_upload_scanner_not_configured","fileType":"PDF","size":60,"error":{"message":"undefined"}}

 [32m✓[39m tests/upload-validation.test.ts [2m([22m[2m12 tests[22m[2m)[22m[32m 16[2mms[22m[39m
 [32m✓[39m tests/admin-human-resources.test.ts [2m([22m[2m4 tests[22m[2m)[22m[32m 15[2mms[22m[39m
 [32m✓[39m tests/otp-verification-route.test.ts [2m([22m[2m1 test[22m[2m)[22m[32m 13[2mms[22m[39m
 [32m✓[39m tests/facilities-admin-file-route.test.ts [2m([22m[2m3 tests[22m[2m)[22m[32m 14[2mms[22m[39m
 [32m✓[39m tests/admin-readonly-ui.test.tsx [2m([22m[2m3 tests[22m[2m)[22m[32m 12[2mms[22m[39m
[90mstderr[2m | tests/auth-actions.test.ts[2m > [22m[2mauth actions[2m > [22m[2mkeeps code entry available on uncertain delivery without retrying SMS
[22m[39m{"level":"warn","event":"otp_sms_unconfirmed","reason":"delivery_unconfirmed"}

[90mstderr[2m | tests/auth-actions.test.ts[2m > [22m[2mauth actions[2m > [22m[2mdoes not dispatch after claim failure
[22m[39m{"level":"warn","event":"otp_request_unavailable","reason":"request_or_dispatch_failed"}

[90mstderr[2m | tests/auth-actions.test.ts[2m > [22m[2mauth actions[2m > [22m[2mfails closed before comparison on database failure
[22m[39m{"level":"warn","event":"otp_verify_unavailable","reason":"verification_failed"}

[90mstderr[2m | tests/auth-actions.test.ts[2m > [22m[2mauth actions[2m > [22m[2muniform admin response on sms uncertainty, with padding and no replay
[22m[39m{"level":"warn","event":"admin_otp_unconfirmed","reason":"request_or_delivery_unconfirmed"}

[90mstderr[2m | tests/auth-actions.test.ts[2m > [22m[2mauth actions[2m > [22m[2muniform admin response on lookup uncertainty, with padding and no replay
[22m[39m{"level":"warn","event":"admin_otp_unconfirmed","reason":"request_or_delivery_unconfirmed"}

[90mstderr[2m | tests/auth-actions.test.ts[2m > [22m[2mauth actions[2m > [22m[2muniform admin response on claim uncertainty, with padding and no replay
[22m[39m{"level":"warn","event":"admin_otp_unconfirmed","reason":"request_or_delivery_unconfirmed"}

 [32m✓[39m tests/auth-actions.test.ts [2m([22m[2m20 tests[22m[2m)[22m[32m 12[2mms[22m[39m
 [32m✓[39m tests/zarinpal.test.ts [2m([22m[2m12 tests[22m[2m)[22m[32m 10[2mms[22m[39m
 [32m✓[39m tests/validation-certificate-panel.test.tsx [2m([22m[2m3 tests[22m[2m)[22m[32m 12[2mms[22m[39m
[90mstdout[2m | tests/sms-index.test.ts[2m > [22m[2msendSms[2m > [22m[2mcan send through the provider outside production when explicitly enabled
[22m[39m{"level":"info","event":"sms_send_started","to":"091****6789","template":"sanaotp"}

[90mstdout[2m | tests/sms-index.test.ts[2m > [22m[2msendSms[2m > [22m[2mcan send through the provider outside production when explicitly enabled
[22m[39m{"level":"info","event":"sms_send_succeeded","to":"091****6789","template":"sanaotp"}

[90mstdout[2m | tests/sms-index.test.ts[2m > [22m[2msendSms[2m > [22m[2mdoes not confirm malformed or rejected provider result {}
[22m[39m{"level":"info","event":"sms_send_started","to":"091****6789"}

[90mstderr[2m | tests/sms-index.test.ts[2m > [22m[2msendSms[2m > [22m[2mdoes not confirm malformed or rejected provider result {}
[22m[39m{"level":"warn","event":"sms_send_failed","to":"091****6789"}

[90mstdout[2m | tests/sms-index.test.ts[2m > [22m[2msendSms[2m > [22m[2mdoes not confirm malformed or rejected provider result null
[22m[39m{"level":"info","event":"sms_send_started","to":"091****6789"}

[90mstderr[2m | tests/sms-index.test.ts[2m > [22m[2msendSms[2m > [22m[2mdoes not confirm malformed or rejected provider result null
[22m[39m{"level":"warn","event":"sms_send_failed","to":"091****6789"}

[90mstdout[2m | tests/sms-index.test.ts[2m > [22m[2msendSms[2m > [22m[2mdoes not confirm malformed or rejected provider result {"IsSuccess":false,"Message":"private-provider-text"}
[22m[39m{"level":"info","event":"sms_send_started","to":"091****6789"}

[90mstderr[2m | tests/sms-index.test.ts[2m > [22m[2msendSms[2m > [22m[2mdoes not confirm malformed or rejected provider result {"IsSuccess":false,"Message":"private-provider-text"}
[22m[39m{"level":"warn","event":"sms_send_failed","to":"091****6789"}

[90mstdout[2m | tests/sms-index.test.ts[2m > [22m[2msendSms[2m > [22m[2mdoes not confirm malformed or rejected provider result {"result":"error"}
[22m[39m{"level":"info","event":"sms_send_started","to":"091****6789"}

[90mstderr[2m | tests/sms-index.test.ts[2m > [22m[2msendSms[2m > [22m[2mdoes not confirm malformed or rejected provider result {"result":"error"}
[22m[39m{"level":"warn","event":"sms_send_failed","to":"091****6789"}

 [32m✓[39m tests/sms-index.test.ts [2m([22m[2m6 tests[22m[2m)[22m[32m 11[2mms[22m[39m
 [32m✓[39m tests/final-payment-step.test.tsx [2m([22m[2m3 tests[22m[2m)[22m[32m 8[2mms[22m[39m
 [32m✓[39m tests/prune-auth-verification.test.ts [2m([22m[2m1 test[22m[2m)[22m[32m 7[2mms[22m[39m
 [32m✓[39m tests/validation-certificate-download.test.tsx [2m([22m[2m2 tests[22m[2m)[22m[32m 8[2mms[22m[39m
 [32m✓[39m tests/status-history-timeline-item.test.tsx [2m([22m[2m1 test[22m[2m)[22m[32m 7[2mms[22m[39m
 [32m✓[39m tests/status-history-note.test.tsx [2m([22m[2m1 test[22m[2m)[22m[32m 6[2mms[22m[39m
 [32m✓[39m tests/facilities-editable-snapshot.test.ts [2m([22m[2m5 tests[22m[2m)[22m[32m 7[2mms[22m[39m
 [32m✓[39m tests/export-submissions.test.ts [2m([22m[2m3 tests[22m[2m)[22m[32m 7[2mms[22m[39m
 [32m✓[39m tests/facilities-reconciliation.test.ts [2m([22m[2m6 tests[22m[2m)[22m[32m 6[2mms[22m[39m
[90mstderr[2m | tests/ghasedak.test.ts[2m > [22m[2mGhasedak SMS adapter[2m > [22m[2mrefuses a plain-http base URL in production unless explicitly overridden
[22m[39m{"level":"warn","event":"sms_insecure_transport","reason":"GHASEDAK_ALLOW_INSECURE_HTTP"}

 [32m✓[39m tests/ghasedak.test.ts [2m([22m[2m5 tests[22m[2m)[22m[32m 8[2mms[22m[39m
 [32m✓[39m tests/logger.test.ts [2m([22m[2m3 tests[22m[2m)[22m[32m 6[2mms[22m[39m
 [32m✓[39m tests/dashboard-evaluation-notice.test.tsx [2m([22m[2m1 test[22m[2m)[22m[32m 7[2mms[22m[39m
 [32m✓[39m tests/facilities-audit-loader.test.ts [2m([22m[2m2 tests[22m[2m)[22m[32m 6[2mms[22m[39m
 [32m✓[39m tests/validation/application.test.ts [2m([22m[2m7 tests[22m[2m)[22m[32m 5[2mms[22m[39m
 [32m✓[39m tests/facilities-scan-semaphore.test.ts [2m([22m[2m3 tests[22m[2m)[22m[32m 5[2mms[22m[39m
 [32m✓[39m tests/pagination.test.ts [2m([22m[2m3 tests[22m[2m)[22m[32m 5[2mms[22m[39m
 [32m✓[39m tests/facilities-submission-validation.test.ts [2m([22m[2m3 tests[22m[2m)[22m[32m 4[2mms[22m[39m
 [32m✓[39m tests/facilities-config-validation.test.ts [2m([22m[2m3 tests[22m[2m)[22m[32m 6[2mms[22m[39m
 [32m✓[39m tests/facilities-profile-lock.test.ts [2m([22m[2m6 tests[22m[2m)[22m[32m 5[2mms[22m[39m
 [32m✓[39m tests/admin-response.test.ts [2m([22m[2m6 tests[22m[2m)[22m[32m 4[2mms[22m[39m
 [32m✓[39m tests/export-submissions-cap.test.ts [2m([22m[2m2 tests[22m[2m)[22m[32m 5[2mms[22m[39m
 [32m✓[39m tests/facilities-audit.test.ts [2m([22m[2m2 tests[22m[2m)[22m[32m 3[2mms[22m[39m
 [32m✓[39m tests/facilities-export-loading.test.ts [2m([22m[2m2 tests[22m[2m)[22m[32m 5[2mms[22m[39m
 [32m✓[39m tests/payment-status-relationship.test.ts [2m([22m[2m2 tests[22m[2m)[22m[32m 4[2mms[22m[39m
 [32m✓[39m tests/validation/auth.test.ts [2m([22m[2m5 tests[22m[2m)[22m[32m 4[2mms[22m[39m
 [32m✓[39m tests/facilities-retention.test.ts [2m([22m[2m2 tests[22m[2m)[22m[32m 4[2mms[22m[39m
 [32m✓[39m tests/upload-rate-limit.test.ts [2m([22m[2m3 tests[22m[2m)[22m[32m 3[2mms[22m[39m
 [32m✓[39m tests/facilities-review-status.test.ts [2m([22m[2m2 tests[22m[2m)[22m[32m 4[2mms[22m[39m
 [32m✓[39m tests/admin-permissions.test.ts [2m([22m[2m3 tests[22m[2m)[22m[32m 2[2mms[22m[39m
 [32m✓[39m tests/security-headers.test.ts [2m([22m[2m3 tests[22m[2m)[22m[32m 2[2mms[22m[39m
 [32m✓[39m tests/status-transitions.test.ts [2m([22m[2m4 tests[22m[2m)[22m[32m 4[2mms[22m[39m
 [32m✓[39m tests/sms-messages.test.ts [2m([22m[2m4 tests[22m[2m)[22m[32m 3[2mms[22m[39m
 [32m✓[39m tests/status-history-format.test.ts [2m([22m[2m2 tests[22m[2m)[22m[32m 2[2mms[22m[39m
 [32m✓[39m tests/facilities-payment-state.test.ts [2m([22m[2m2 tests[22m[2m)[22m[32m 2[2mms[22m[39m
 [32m✓[39m tests/application-access.test.ts [2m([22m[2m3 tests[22m[2m)[22m[32m 3[2mms[22m[39m
 [32m✓[39m tests/facilities-payment-notice.test.ts [2m([22m[2m5 tests[22m[2m)[22m[32m 3[2mms[22m[39m
 [32m✓[39m tests/status-labels.test.ts [2m([22m[2m2 tests[22m[2m)[22m[32m 2[2mms[22m[39m

[2m Test Files [22m [1m[32m85 passed[39m[22m[90m (85)[39m
[2m      Tests [22m [1m[32m693 passed[39m[22m[90m (693)[39m
[2m   Start at [22m 14:41:09
[2m   Duration [22m 88.85s[2m (transform 977ms, setup 0ms, import 4.93s, tests 75.56s, environment 5ms)[22m

