(!) Your Vite config uses features that are unsupported by `configLoader: 'native'`, which is planned to become the default in a future major version of Vite:
  - ESM syntax in a file loaded as CommonJS (vitest.config.ts:1:1). Use a `.mjs` extension or set `"type": "module"` in the closest package.json
Set `VITE_CONFIG_NATIVE_IGNORE_WARNING=true` to suppress this warning.
(node:75314) [DEP0205] DeprecationWarning: `module.register()` is deprecated. Use `module.registerHooks()` instead.
(Use `node --trace-deprecation ...` to show where the warning was created)

[1m[30m[46m RUN [49m[39m[22m [36mv4.1.11 [39m[90m/private/var/folders/g_/f5ccnp_51q15by15f4svlw6c0000gn/T/sana-phase13-6v11a5ly/source[39m

[90mstdout[2m | tests/payment-coordination.db.test.ts[2m > [22m[2mR2 real PostgreSQL restricted-role coordination[2m > [22m[2mR12 legacy request and verification use the stored obligation amount
[22m[39m{"level":"info","event":"payment_start_requested","applicationId":"cmu8asfn70001si5cnc1dk9ng","paymentId":"cmu8asfp60005si5c0a5zgxzz","amountToman":765432}

[90mstdout[2m | tests/payment-coordination.db.test.ts[2m > [22m[2mR2 real PostgreSQL restricted-role coordination[2m > [22m[2mR12 legacy request and verification use the stored obligation amount
[22m[39m{"level":"info","event":"payment_start_succeeded","applicationId":"cmu8asfn70001si5cnc1dk9ng","paymentId":"cmu8asfp60005si5c0a5zgxzz"}

[90mstdout[2m | tests/payment-coordination.db.test.ts[2m > [22m[2mR2 real PostgreSQL restricted-role coordination[2m > [22m[2mR12 legacy request and verification use the stored obligation amount
[22m[39m{"level":"info","event":"payment_verification_succeeded","paymentId":"cmu8asfp60005si5c0a5zgxzz","applicationId":"cmu8asfn70001si5cnc1dk9ng","referenceId":"201"}

[90mstdout[2m | tests/payment-coordination.db.test.ts[2m > [22m[2mR2 real PostgreSQL restricted-role coordination[2m > [22m[2mR12 malformed verify 0 blocks forged success, new charge and remote replay
[22m[39m{"level":"info","event":"payment_start_requested","applicationId":"cmu8asfsr000bsi5ca1crx5us","paymentId":"cmu8asft9000fsi5cs31l01ld","amountToman":3000000}

[90mstdout[2m | tests/payment-coordination.db.test.ts[2m > [22m[2mR2 real PostgreSQL restricted-role coordination[2m > [22m[2mR12 malformed verify 0 blocks forged success, new charge and remote replay
[22m[39m{"level":"info","event":"payment_start_succeeded","applicationId":"cmu8asfsr000bsi5ca1crx5us","paymentId":"cmu8asft9000fsi5cs31l01ld"}

[90mstdout[2m | tests/payment-coordination.db.test.ts[2m > [22m[2mR2 real PostgreSQL restricted-role coordination[2m > [22m[2mR12 malformed verify 1 blocks forged success, new charge and remote replay
[22m[39m{"level":"info","event":"payment_start_requested","applicationId":"cmu8asfvp000jsi5civg34uyu","paymentId":"cmu8asfw3000nsi5ci0415me8","amountToman":3000000}

[90mstdout[2m | tests/payment-coordination.db.test.ts[2m > [22m[2mR2 real PostgreSQL restricted-role coordination[2m > [22m[2mR12 malformed verify 1 blocks forged success, new charge and remote replay
[22m[39m{"level":"info","event":"payment_start_succeeded","applicationId":"cmu8asfvp000jsi5civg34uyu","paymentId":"cmu8asfw3000nsi5ci0415me8"}

[90mstdout[2m | tests/payment-coordination.db.test.ts[2m > [22m[2mR2 real PostgreSQL restricted-role coordination[2m > [22m[2mR12 malformed verify 2 blocks forged success, new charge and remote replay
[22m[39m{"level":"info","event":"payment_start_requested","applicationId":"cmu8asfy9000rsi5ce2y0o345","paymentId":"cmu8asfyq000vsi5cpscrhr00","amountToman":3000000}

[90mstdout[2m | tests/payment-coordination.db.test.ts[2m > [22m[2mR2 real PostgreSQL restricted-role coordination[2m > [22m[2mR12 malformed verify 2 blocks forged success, new charge and remote replay
[22m[39m{"level":"info","event":"payment_start_succeeded","applicationId":"cmu8asfy9000rsi5ce2y0o345","paymentId":"cmu8asfyq000vsi5cpscrhr00"}

[90mstdout[2m | tests/payment-coordination.db.test.ts[2m > [22m[2mR2 real PostgreSQL restricted-role coordination[2m > [22m[2mR12 malformed verify 3 blocks forged success, new charge and remote replay
[22m[39m{"level":"info","event":"payment_start_requested","applicationId":"cmu8asg0z000zsi5c9du2qsfc","paymentId":"cmu8asg1e0013si5chmc8auqk","amountToman":3000000}

[90mstdout[2m | tests/payment-coordination.db.test.ts[2m > [22m[2mR2 real PostgreSQL restricted-role coordination[2m > [22m[2mR12 malformed verify 3 blocks forged success, new charge and remote replay
[22m[39m{"level":"info","event":"payment_start_succeeded","applicationId":"cmu8asg0z000zsi5c9du2qsfc","paymentId":"cmu8asg1e0013si5chmc8auqk"}

[90mstdout[2m | tests/payment-coordination.db.test.ts[2m > [22m[2mR2 real PostgreSQL restricted-role coordination[2m > [22m[2mR12 malformed request cannot create a payable URL or another attempt
[22m[39m{"level":"info","event":"payment_start_requested","applicationId":"cmu8asg3v0017si5cze9gwhuc","paymentId":"cmu8asg4b001bsi5cx30x5m7a","amountToman":3000000}

[90mstderr[2m | tests/payment-coordination.db.test.ts[2m > [22m[2mR2 real PostgreSQL restricted-role coordination[2m > [22m[2mR12 malformed request cannot create a payable URL or another attempt
[22m[39m{"level":"error","event":"payment_start_failed","applicationId":"cmu8asg3v0017si5cze9gwhuc","paymentId":"cmu8asg4b001bsi5cx30x5m7a","error":{"name":"ZarinpalUnavailableError","message":"Zarinpal unavailable: MALFORMED_RESPONSE","stack":"ZarinpalUnavailableError: Zarinpal unavailable: MALFORMED_RESPONSE\n    at requestZarinpalPayment (/private/var/folders/g_/f5ccnp_51q15by15f4svlw6c0000gn/T/sana-phase13-6v11a5ly/source/lib/payments/zarinpal.ts:112:11)\n    at Module.startPayment (/private/var/folders/g_/f5ccnp_51q15by15f4svlw6c0000gn/T/sana-phase13-6v11a5ly/source/lib/actions/payment.ts:139:16)\n    at /private/var/folders/g_/f5ccnp_51q15by15f4svlw6c0000gn/T/sana-phase13-6v11a5ly/source/tests/payment-coordination.db.test.ts:131:12\n    at file:///private/var/folders/g_/f5ccnp_51q15by15f4svlw6c0000gn/T/sana-phase13-6v11a5ly/source/node_modules/@vitest/runner/dist/chunk-artifact.js:1903:20"}}

[90mstdout[2m | tests/payment-coordination.db.test.ts[2m > [22m[2mR2 real PostgreSQL restricted-role coordination[2m > [22m[2mR12 forged browser authority cannot reach the provider
[22m[39m{"level":"info","event":"payment_start_requested","applicationId":"cmu8asg5t001esi5ci1fs39k4","paymentId":"cmu8asg6g001isi5cbcm8cg3h","amountToman":3000000}

[90mstdout[2m | tests/payment-coordination.db.test.ts[2m > [22m[2mR2 real PostgreSQL restricted-role coordination[2m > [22m[2mR12 forged browser authority cannot reach the provider
[22m[39m{"level":"info","event":"payment_start_succeeded","applicationId":"cmu8asg5t001esi5ci1fs39k4","paymentId":"cmu8asg6g001isi5cbcm8cg3h"}

[90mstderr[2m | tests/payment-coordination.db.test.ts[2m > [22m[2mR2 real PostgreSQL restricted-role coordination[2m > [22m[2mR12 forged browser authority cannot reach the provider
[22m[39m{"level":"warn","event":"payment_callback_rejected","paymentId":"cmu8asg6g001isi5cbcm8cg3h","reason":"payment_not_found_or_authority_mismatch"}

[90mstdout[2m | tests/payment-coordination.db.test.ts[2m > [22m[2mR2 real PostgreSQL restricted-role coordination[2m > [22m[2mR12 explicit rejection then 101 recovers only original authority and settles once
[22m[39m{"level":"info","event":"payment_start_requested","applicationId":"cmu8asg83001lsi5cp2tp4ejb","paymentId":"cmu8asg8k001psi5cvtulfbk0","amountToman":3000000}

[90mstdout[2m | tests/payment-coordination.db.test.ts[2m > [22m[2mR2 real PostgreSQL restricted-role coordination[2m > [22m[2mR12 explicit rejection then 101 recovers only original authority and settles once
[22m[39m{"level":"info","event":"payment_start_succeeded","applicationId":"cmu8asg83001lsi5cp2tp4ejb","paymentId":"cmu8asg8k001psi5cvtulfbk0"}

[90mstdout[2m | tests/payment-coordination.db.test.ts[2m > [22m[2mR2 real PostgreSQL restricted-role coordination[2m > [22m[2mR12 explicit rejection then 101 recovers only original authority and settles once
[22m[39m{"level":"info","event":"payment_verification_succeeded","paymentId":"cmu8asg8k001psi5cvtulfbk0","applicationId":"cmu8asg83001lsi5cp2tp4ejb","referenceId":"202"}

[90mstdout[2m | tests/payment-coordination.db.test.ts[2m > [22m[2mR2 real PostgreSQL restricted-role coordination[2m > [22m[2mR1 delayed NOK snapshot cannot undo a committed success
[22m[39m{"level":"info","event":"payment_start_requested","applicationId":"cmu8asgj1002asi5clkww07fo","paymentId":"cmu8asgjf002esi5cl3t1g3am","amountToman":3000000}

[90mstdout[2m | tests/payment-coordination.db.test.ts[2m > [22m[2mR2 real PostgreSQL restricted-role coordination[2m > [22m[2mR1 delayed NOK snapshot cannot undo a committed success
[22m[39m{"level":"info","event":"payment_start_succeeded","applicationId":"cmu8asgj1002asi5clkww07fo","paymentId":"cmu8asgjf002esi5cl3t1g3am"}

[90mstdout[2m | tests/payment-coordination.db.test.ts[2m > [22m[2mR2 real PostgreSQL restricted-role coordination[2m > [22m[2mR1 delayed NOK snapshot cannot undo a committed success
[22m[39m{"level":"info","event":"payment_verification_succeeded","paymentId":"cmu8asgjf002esi5cl3t1g3am","applicationId":"cmu8asgj1002asi5clkww07fo","referenceId":"201"}

[90mstderr[2m | tests/payment-coordination.db.test.ts[2m > [22m[2mR2 real PostgreSQL restricted-role coordination[2m > [22m[2mR1 delayed NOK snapshot cannot undo a committed success
[22m[39m{"level":"warn","event":"admin_submission_notification_skipped","applicationId":"cmu8asgj1002asi5clkww07fo","reason":"missing_admin_alert_mobile"}

[90mstdout[2m | tests/payment-coordination.db.test.ts[2m > [22m[2mR2 real PostgreSQL restricted-role coordination[2m > [22m[2mR1 delayed NOK snapshot cannot undo a committed success
[22m[39m{"level":"info","event":"user_submission_notification_sent","applicationId":"cmu8asgj1002asi5clkww07fo"}

[90mstdout[2m | tests/payment-coordination.db.test.ts[2m > [22m[2mR2 real PostgreSQL restricted-role coordination[2m > [22m[2mR1 late capture preserves SUBMITTED and does not invent a submission
[22m[39m{"level":"info","event":"payment_start_requested","applicationId":"cmu8asgow002ksi5cgeerbtxm","paymentId":"cmu8asgph002osi5cy8c156z1","amountToman":3000000}

[90mstdout[2m | tests/payment-coordination.db.test.ts[2m > [22m[2mR2 real PostgreSQL restricted-role coordination[2m > [22m[2mR1 late capture preserves SUBMITTED and does not invent a submission
[22m[39m{"level":"info","event":"payment_start_succeeded","applicationId":"cmu8asgow002ksi5cgeerbtxm","paymentId":"cmu8asgph002osi5cy8c156z1"}

[90mstdout[2m | tests/payment-coordination.db.test.ts[2m > [22m[2mR2 real PostgreSQL restricted-role coordination[2m > [22m[2mR1 late capture preserves SUBMITTED and does not invent a submission
[22m[39m{"level":"info","event":"payment_verification_succeeded","paymentId":"cmu8asgph002osi5cy8c156z1","applicationId":"cmu8asgow002ksi5cgeerbtxm","referenceId":"201"}

[90mstdout[2m | tests/payment-coordination.db.test.ts[2m > [22m[2mR2 real PostgreSQL restricted-role coordination[2m > [22m[2mR1 late capture preserves UNDER_REVIEW and does not invent a submission
[22m[39m{"level":"info","event":"payment_start_requested","applicationId":"cmu8asgrr002ssi5chlbiwnby","paymentId":"cmu8asgsd002wsi5c6z3v5y6h","amountToman":3000000}

[90mstdout[2m | tests/payment-coordination.db.test.ts[2m > [22m[2mR2 real PostgreSQL restricted-role coordination[2m > [22m[2mR1 late capture preserves UNDER_REVIEW and does not invent a submission
[22m[39m{"level":"info","event":"payment_start_succeeded","applicationId":"cmu8asgrr002ssi5chlbiwnby","paymentId":"cmu8asgsd002wsi5c6z3v5y6h"}

[90mstdout[2m | tests/payment-coordination.db.test.ts[2m > [22m[2mR2 real PostgreSQL restricted-role coordination[2m > [22m[2mR1 late capture preserves UNDER_REVIEW and does not invent a submission
[22m[39m{"level":"info","event":"payment_verification_succeeded","paymentId":"cmu8asgsd002wsi5c6z3v5y6h","applicationId":"cmu8asgrr002ssi5chlbiwnby","referenceId":"201"}

[90mstdout[2m | tests/payment-coordination.db.test.ts[2m > [22m[2mR2 real PostgreSQL restricted-role coordination[2m > [22m[2mR1 late capture preserves NEEDS_EDIT and does not invent a submission
[22m[39m{"level":"info","event":"payment_start_requested","applicationId":"cmu8asguv0030si5cgopfa7v8","paymentId":"cmu8asgvz0034si5c6g2ykgsc","amountToman":3000000}

[90mstdout[2m | tests/payment-coordination.db.test.ts[2m > [22m[2mR2 real PostgreSQL restricted-role coordination[2m > [22m[2mR1 late capture preserves NEEDS_EDIT and does not invent a submission
[22m[39m{"level":"info","event":"payment_start_succeeded","applicationId":"cmu8asguv0030si5cgopfa7v8","paymentId":"cmu8asgvz0034si5c6g2ykgsc"}

[90mstdout[2m | tests/payment-coordination.db.test.ts[2m > [22m[2mR2 real PostgreSQL restricted-role coordination[2m > [22m[2mR1 late capture preserves NEEDS_EDIT and does not invent a submission
[22m[39m{"level":"info","event":"payment_verification_succeeded","paymentId":"cmu8asgvz0034si5c6g2ykgsc","applicationId":"cmu8asguv0030si5cgopfa7v8","referenceId":"201"}

[90mstdout[2m | tests/payment-coordination.db.test.ts[2m > [22m[2mR2 real PostgreSQL restricted-role coordination[2m > [22m[2mR1 late capture preserves VALIDATION_COMPLETED and does not invent a submission
[22m[39m{"level":"info","event":"payment_start_requested","applicationId":"cmu8asgzb0038si5cf1l1njbh","paymentId":"cmu8ash0a003csi5cuzdlqkiz","amountToman":3000000}

[90mstdout[2m | tests/payment-coordination.db.test.ts[2m > [22m[2mR2 real PostgreSQL restricted-role coordination[2m > [22m[2mR1 late capture preserves VALIDATION_COMPLETED and does not invent a submission
[22m[39m{"level":"info","event":"payment_start_succeeded","applicationId":"cmu8asgzb0038si5cf1l1njbh","paymentId":"cmu8ash0a003csi5cuzdlqkiz"}

[90mstdout[2m | tests/payment-coordination.db.test.ts[2m > [22m[2mR2 real PostgreSQL restricted-role coordination[2m > [22m[2mR1 late capture preserves VALIDATION_COMPLETED and does not invent a submission
[22m[39m{"level":"info","event":"payment_verification_succeeded","paymentId":"cmu8ash0a003csi5cuzdlqkiz","applicationId":"cmu8asgzb0038si5cf1l1njbh","referenceId":"201"}

[90mstdout[2m | tests/payment-coordination.db.test.ts[2m > [22m[2mR2 real PostgreSQL restricted-role coordination[2m > [22m[2mR1 late request completion cannot reset a later review status
[22m[39m{"level":"info","event":"payment_start_requested","applicationId":"cmu8ash3m003gsi5cbpc1j25o","paymentId":"cmu8ash54003ksi5cro1378ec","amountToman":3000000}

[90mstdout[2m | tests/payment-coordination.db.test.ts[2m > [22m[2mR2 real PostgreSQL restricted-role coordination[2m > [22m[2mR1 late request completion cannot reset a later review status
[22m[39m{"level":"info","event":"payment_start_succeeded","applicationId":"cmu8ash3m003gsi5cbpc1j25o","paymentId":"cmu8ash54003ksi5cro1378ec"}

[90mstdout[2m | tests/payment-coordination.db.test.ts[2m > [22m[2mR2 real PostgreSQL restricted-role coordination[2m > [22m[2mR1 stale correction resubmission cannot overwrite an intervening review
[22m[39m{"level":"info","event":"payment_start_requested","applicationId":"cmu8ash7j003nsi5cqktlnrpl","paymentId":"cmu8ash9c003rsi5cikno5eii","amountToman":3000000}

[90mstdout[2m | tests/payment-coordination.db.test.ts[2m > [22m[2mR2 real PostgreSQL restricted-role coordination[2m > [22m[2mR1 stale correction resubmission cannot overwrite an intervening review
[22m[39m{"level":"info","event":"payment_start_succeeded","applicationId":"cmu8ash7j003nsi5cqktlnrpl","paymentId":"cmu8ash9c003rsi5cikno5eii"}

[90mstdout[2m | tests/payment-coordination.db.test.ts[2m > [22m[2mR2 real PostgreSQL restricted-role coordination[2m > [22m[2mR1 stale correction resubmission cannot overwrite an intervening review
[22m[39m{"level":"info","event":"payment_verification_succeeded","paymentId":"cmu8ash9c003rsi5cikno5eii","applicationId":"cmu8ash7j003nsi5cqktlnrpl","referenceId":"201"}

[90mstderr[2m | tests/payment-coordination.db.test.ts[2m > [22m[2mR2 real PostgreSQL restricted-role coordination[2m > [22m[2mR1 stale correction resubmission cannot overwrite an intervening review
[22m[39m{"level":"warn","event":"admin_submission_notification_skipped","applicationId":"cmu8ash7j003nsi5cqktlnrpl","reason":"missing_admin_alert_mobile"}

[90mstdout[2m | tests/payment-coordination.db.test.ts[2m > [22m[2mR2 real PostgreSQL restricted-role coordination[2m > [22m[2mR1 stale correction resubmission cannot overwrite an intervening review
[22m[39m{"level":"info","event":"user_submission_notification_sent","applicationId":"cmu8ash7j003nsi5cqktlnrpl"}

[90mstdout[2m | tests/payment-coordination.db.test.ts[2m > [22m[2mR2 real PostgreSQL restricted-role coordination[2m > [22m[2mR1 simultaneous corrections submit once without another charge or payment notification
[22m[39m{"level":"info","event":"payment_start_requested","applicationId":"cmu8ashdg003xsi5c63g67o6b","paymentId":"cmu8ashec0041si5csoytujjp","amountToman":3000000}

[90mstdout[2m | tests/payment-coordination.db.test.ts[2m > [22m[2mR2 real PostgreSQL restricted-role coordination[2m > [22m[2mR1 simultaneous corrections submit once without another charge or payment notification
[22m[39m{"level":"info","event":"payment_start_succeeded","applicationId":"cmu8ashdg003xsi5c63g67o6b","paymentId":"cmu8ashec0041si5csoytujjp"}

[90mstdout[2m | tests/payment-coordination.db.test.ts[2m > [22m[2mR2 real PostgreSQL restricted-role coordination[2m > [22m[2mR1 simultaneous corrections submit once without another charge or payment notification
[22m[39m{"level":"info","event":"payment_verification_succeeded","paymentId":"cmu8ashec0041si5csoytujjp","applicationId":"cmu8ashdg003xsi5c63g67o6b","referenceId":"201"}

[90mstderr[2m | tests/payment-coordination.db.test.ts[2m > [22m[2mR2 real PostgreSQL restricted-role coordination[2m > [22m[2mR1 simultaneous corrections submit once without another charge or payment notification
[22m[39m{"level":"warn","event":"admin_submission_notification_skipped","applicationId":"cmu8ashdg003xsi5c63g67o6b","reason":"missing_admin_alert_mobile"}

[90mstdout[2m | tests/payment-coordination.db.test.ts[2m > [22m[2mR2 real PostgreSQL restricted-role coordination[2m > [22m[2mR1 simultaneous corrections submit once without another charge or payment notification
[22m[39m{"level":"info","event":"user_submission_notification_sent","applicationId":"cmu8ashdg003xsi5c63g67o6b"}

[90mstdout[2m | tests/payment-coordination.db.test.ts[2m > [22m[2mR2 real PostgreSQL restricted-role coordination[2m > [22m[2mR1 cancellation and retry cannot overlap a success verification
[22m[39m{"level":"info","event":"payment_start_requested","applicationId":"cmu8ashjo0049si5c0bz5d9w2","paymentId":"cmu8ashku004dsi5cnx2xbf7g","amountToman":3000000}

[90mstdout[2m | tests/payment-coordination.db.test.ts[2m > [22m[2mR2 real PostgreSQL restricted-role coordination[2m > [22m[2mR1 cancellation and retry cannot overlap a success verification
[22m[39m{"level":"info","event":"payment_start_succeeded","applicationId":"cmu8ashjo0049si5c0bz5d9w2","paymentId":"cmu8ashku004dsi5cnx2xbf7g"}

[90mstdout[2m | tests/payment-coordination.db.test.ts[2m > [22m[2mR2 real PostgreSQL restricted-role coordination[2m > [22m[2mR1 cancellation and retry cannot overlap a success verification
[22m[39m{"level":"info","event":"payment_verification_succeeded","paymentId":"cmu8ashku004dsi5cnx2xbf7g","applicationId":"cmu8ashjo0049si5c0bz5d9w2","referenceId":"201"}

[90mstdout[2m | tests/payment-coordination.db.test.ts[2m > [22m[2mR2 real PostgreSQL restricted-role coordination[2m > [22m[2mR1 delayed admin decision loses to resubmission with no stale history or SMS
[22m[39m{"level":"info","event":"payment_start_requested","applicationId":"cmu8ashpi004jsi5ct0tlfwdq","paymentId":"cmu8ashqf004nsi5ckfufjmmo","amountToman":3000000}

[90mstdout[2m | tests/payment-coordination.db.test.ts[2m > [22m[2mR2 real PostgreSQL restricted-role coordination[2m > [22m[2mR1 delayed admin decision loses to resubmission with no stale history or SMS
[22m[39m{"level":"info","event":"payment_start_succeeded","applicationId":"cmu8ashpi004jsi5ct0tlfwdq","paymentId":"cmu8ashqf004nsi5ckfufjmmo"}

[90mstdout[2m | tests/payment-coordination.db.test.ts[2m > [22m[2mR2 real PostgreSQL restricted-role coordination[2m > [22m[2mR1 delayed admin decision loses to resubmission with no stale history or SMS
[22m[39m{"level":"info","event":"payment_verification_succeeded","paymentId":"cmu8ashqf004nsi5ckfufjmmo","applicationId":"cmu8ashpi004jsi5ct0tlfwdq","referenceId":"201"}

[90mstderr[2m | tests/payment-coordination.db.test.ts[2m > [22m[2mR2 real PostgreSQL restricted-role coordination[2m > [22m[2mR1 delayed admin decision loses to resubmission with no stale history or SMS
[22m[39m{"level":"warn","event":"admin_submission_notification_skipped","applicationId":"cmu8ashpi004jsi5ct0tlfwdq","reason":"missing_admin_alert_mobile"}

[90mstdout[2m | tests/payment-coordination.db.test.ts[2m > [22m[2mR2 real PostgreSQL restricted-role coordination[2m > [22m[2mR1 delayed admin decision loses to resubmission with no stale history or SMS
[22m[39m{"level":"info","event":"user_submission_notification_sent","applicationId":"cmu8ashpi004jsi5ct0tlfwdq"}

[90mstdout[2m | tests/payment-coordination.db.test.ts[2m > [22m[2mR2 real PostgreSQL restricted-role coordination[2m > [22m[2mR1 admin decision winning before resubmit preserves actual review history
[22m[39m{"level":"info","event":"payment_start_requested","applicationId":"cmu8ashzd004vsi5ci2i6lqxf","paymentId":"cmu8asi0p004zsi5c0n9yhv7z","amountToman":3000000}

[90mstdout[2m | tests/payment-coordination.db.test.ts[2m > [22m[2mR2 real PostgreSQL restricted-role coordination[2m > [22m[2mR1 admin decision winning before resubmit preserves actual review history
[22m[39m{"level":"info","event":"payment_start_succeeded","applicationId":"cmu8ashzd004vsi5ci2i6lqxf","paymentId":"cmu8asi0p004zsi5c0n9yhv7z"}

[90mstdout[2m | tests/payment-coordination.db.test.ts[2m > [22m[2mR2 real PostgreSQL restricted-role coordination[2m > [22m[2mR1 admin decision winning before resubmit preserves actual review history
[22m[39m{"level":"info","event":"payment_verification_succeeded","paymentId":"cmu8asi0p004zsi5c0n9yhv7z","applicationId":"cmu8ashzd004vsi5ci2i6lqxf","referenceId":"201"}

[90mstderr[2m | tests/payment-coordination.db.test.ts[2m > [22m[2mR2 real PostgreSQL restricted-role coordination[2m > [22m[2mR1 admin decision winning before resubmit preserves actual review history
[22m[39m{"level":"warn","event":"admin_submission_notification_skipped","applicationId":"cmu8ashzd004vsi5ci2i6lqxf","reason":"missing_admin_alert_mobile"}

[90mstdout[2m | tests/payment-coordination.db.test.ts[2m > [22m[2mR2 real PostgreSQL restricted-role coordination[2m > [22m[2mR1 admin decision winning before resubmit preserves actual review history
[22m[39m{"level":"info","event":"user_submission_notification_sent","applicationId":"cmu8ashzd004vsi5ci2i6lqxf"}

[90mstdout[2m | tests/payment-coordination.db.test.ts[2m > [22m[2mR2 real PostgreSQL restricted-role coordination[2m > [22m[2mR1 admin decision winning before resubmit preserves actual review history
[22m[39m{"level":"info","event":"submission_status_changed","applicationId":"cmu8ashzd004vsi5ci2i6lqxf","previousStatus":"NEEDS_EDIT","newStatus":"UNDER_REVIEW","adminId":"admin-f0427b9b-8617-4554-b718-601e79cc7dbf","mobile":"fix****8da1","hasNote":false,"hasCertificate":false}

[90mstdout[2m | tests/payment-coordination.db.test.ts[2m > [22m[2mR2 real PostgreSQL restricted-role coordination[2m > [22m[2mR1 failed resubmission history rolls back state and preserves verified evidence for retry
[22m[39m{"level":"info","event":"payment_start_requested","applicationId":"cmu8asi4x0057si5c46os2oi7","paymentId":"cmu8asi5p005bsi5cgpmq7m7q","amountToman":3000000}

[90mstdout[2m | tests/payment-coordination.db.test.ts[2m > [22m[2mR2 real PostgreSQL restricted-role coordination[2m > [22m[2mR1 failed resubmission history rolls back state and preserves verified evidence for retry
[22m[39m{"level":"info","event":"payment_start_succeeded","applicationId":"cmu8asi4x0057si5c46os2oi7","paymentId":"cmu8asi5p005bsi5cgpmq7m7q"}

[90mstdout[2m | tests/payment-coordination.db.test.ts[2m > [22m[2mR2 real PostgreSQL restricted-role coordination[2m > [22m[2mR1 failed resubmission history rolls back state and preserves verified evidence for retry
[22m[39m{"level":"info","event":"payment_verification_succeeded","paymentId":"cmu8asi5p005bsi5cgpmq7m7q","applicationId":"cmu8asi4x0057si5c46os2oi7","referenceId":"201"}

[90mstderr[2m | tests/payment-coordination.db.test.ts[2m > [22m[2mR2 real PostgreSQL restricted-role coordination[2m > [22m[2mR1 failed resubmission history rolls back state and preserves verified evidence for retry
[22m[39m{"level":"warn","event":"admin_submission_notification_skipped","applicationId":"cmu8asi4x0057si5c46os2oi7","reason":"missing_admin_alert_mobile"}

[90mstdout[2m | tests/payment-coordination.db.test.ts[2m > [22m[2mR2 real PostgreSQL restricted-role coordination[2m > [22m[2mR1 failed resubmission history rolls back state and preserves verified evidence for retry
[22m[39m{"level":"info","event":"user_submission_notification_sent","applicationId":"cmu8asi4x0057si5c46os2oi7"}

[90mstdout[2m | tests/payment-coordination.db.test.ts[2m > [22m[2mR2 real PostgreSQL restricted-role coordination[2m > [22m[2mR1 conflicting completion retains candidate for journalled cleanup and preserves existing certificate
[22m[39m{"level":"info","event":"payment_start_requested","applicationId":"cmu8asild0065si5cbjrbm6xw","paymentId":"cmu8asilv0069si5ctpixshf3","amountToman":3000000}

[90mstdout[2m | tests/payment-coordination.db.test.ts[2m > [22m[2mR2 real PostgreSQL restricted-role coordination[2m > [22m[2mR1 conflicting completion retains candidate for journalled cleanup and preserves existing certificate
[22m[39m{"level":"info","event":"payment_start_succeeded","applicationId":"cmu8asild0065si5cbjrbm6xw","paymentId":"cmu8asilv0069si5ctpixshf3"}

[90mstdout[2m | tests/payment-coordination.db.test.ts[2m > [22m[2mR2 real PostgreSQL restricted-role coordination[2m > [22m[2mR1 conflicting completion retains candidate for journalled cleanup and preserves existing certificate
[22m[39m{"level":"info","event":"payment_verification_succeeded","paymentId":"cmu8asilv0069si5ctpixshf3","applicationId":"cmu8asild0065si5cbjrbm6xw","referenceId":"201"}

[90mstderr[2m | tests/payment-coordination.db.test.ts[2m > [22m[2mR2 real PostgreSQL restricted-role coordination[2m > [22m[2mR1 conflicting completion retains candidate for journalled cleanup and preserves existing certificate
[22m[39m{"level":"warn","event":"admin_submission_notification_skipped","applicationId":"cmu8asild0065si5cbjrbm6xw","reason":"missing_admin_alert_mobile"}

[90mstdout[2m | tests/payment-coordination.db.test.ts[2m > [22m[2mR2 real PostgreSQL restricted-role coordination[2m > [22m[2mR1 conflicting completion retains candidate for journalled cleanup and preserves existing certificate
[22m[39m{"level":"info","event":"user_submission_notification_sent","applicationId":"cmu8asild0065si5cbjrbm6xw"}

[90mstdout[2m | tests/payment-coordination.db.test.ts[2m > [22m[2mR2 real PostgreSQL restricted-role coordination[2m > [22m[2mR1 conflicting completion retains candidate for journalled cleanup and preserves existing certificate
[22m[39m{"level":"info","event":"submission_status_changed","applicationId":"cmu8asild0065si5cbjrbm6xw","previousStatus":"SUBMITTED","newStatus":"NEEDS_EDIT","adminId":"admin-f0427b9b-8617-4554-b718-601e79cc7dbf","mobile":"fix****f379","hasNote":false,"hasCertificate":false}

[90mstdout[2m | tests/payment-coordination.db.test.ts[2m > [22m[2mR2 real PostgreSQL restricted-role coordination[2m > [22m[2mconcurrent starts cross a provider barrier only once, and replay the same URL
[22m[39m{"level":"info","event":"payment_start_requested","applicationId":"cmu8asiqr006jsi5cogbllat3","paymentId":"cmu8asirq006nsi5cwwd9rh6v","amountToman":3000000}

[90mstdout[2m | tests/payment-coordination.db.test.ts[2m > [22m[2mR2 real PostgreSQL restricted-role coordination[2m > [22m[2mconcurrent starts cross a provider barrier only once, and replay the same URL
[22m[39m{"level":"info","event":"payment_start_succeeded","applicationId":"cmu8asiqr006jsi5cogbllat3","paymentId":"cmu8asirq006nsi5cwwd9rh6v"}

[90mstdout[2m | tests/payment-coordination.db.test.ts[2m > [22m[2mR2 real PostgreSQL restricted-role coordination[2m > [22m[2mserializes duplicate callbacks and creates one settlement/history/notification intent
[22m[39m{"level":"info","event":"payment_start_requested","applicationId":"cmu8asjag006qsi5c2snn00lp","paymentId":"cmu8asjbh006usi5ccb7jaftx","amountToman":3000000}

[90mstdout[2m | tests/payment-coordination.db.test.ts[2m > [22m[2mR2 real PostgreSQL restricted-role coordination[2m > [22m[2mserializes duplicate callbacks and creates one settlement/history/notification intent
[22m[39m{"level":"info","event":"payment_start_succeeded","applicationId":"cmu8asjag006qsi5c2snn00lp","paymentId":"cmu8asjbh006usi5ccb7jaftx"}

[90mstdout[2m | tests/payment-coordination.db.test.ts[2m > [22m[2mR2 real PostgreSQL restricted-role coordination[2m > [22m[2mserializes duplicate callbacks and creates one settlement/history/notification intent
[22m[39m{"level":"info","event":"payment_verification_succeeded","paymentId":"cmu8asjbh006usi5ccb7jaftx","applicationId":"cmu8asjag006qsi5c2snn00lp","referenceId":"201"}

[90mstdout[2m | tests/payment-coordination.db.test.ts[2m > [22m[2mR2 real PostgreSQL restricted-role coordination[2m > [22m[2mold authorities before and after settlement never reach provider and retain separate evidence
[22m[39m{"level":"info","event":"payment_start_requested","applicationId":"cmu8asjew0070si5cbsyp26wv","paymentId":"cmu8asjfr0074si5col72oz5n","amountToman":3000000}

[90mstdout[2m | tests/payment-coordination.db.test.ts[2m > [22m[2mR2 real PostgreSQL restricted-role coordination[2m > [22m[2mold authorities before and after settlement never reach provider and retain separate evidence
[22m[39m{"level":"info","event":"payment_start_succeeded","applicationId":"cmu8asjew0070si5cbsyp26wv","paymentId":"cmu8asjfr0074si5col72oz5n"}

[90mstdout[2m | tests/payment-coordination.db.test.ts[2m > [22m[2mR2 real PostgreSQL restricted-role coordination[2m > [22m[2mold authorities before and after settlement never reach provider and retain separate evidence
[22m[39m{"level":"info","event":"payment_verification_succeeded","paymentId":"cmu8asjfr0074si5col72oz5n","applicationId":"cmu8asjew0070si5cbsyp26wv","referenceId":"201"}

[90mstdout[2m | tests/payment-coordination.db.test.ts[2m > [22m[2mR2 real PostgreSQL restricted-role coordination[2m > [22m[2munknown request timeout and expired lease never create another remote call
[22m[39m{"level":"info","event":"payment_start_requested","applicationId":"cmu8asjm5007msi5cmwwgy7mu","paymentId":"cmu8asjmu007qsi5c72tyte06","amountToman":3000000}

[90mstderr[2m | tests/payment-coordination.db.test.ts[2m > [22m[2mR2 real PostgreSQL restricted-role coordination[2m > [22m[2munknown request timeout and expired lease never create another remote call
[22m[39m{"level":"error","event":"payment_start_failed","applicationId":"cmu8asjm5007msi5cmwwgy7mu","paymentId":"cmu8asjmu007qsi5c72tyte06","error":{"name":"TimeoutError","message":"timeout","stack":"TimeoutError: timeout\n    at new DOMException (node:internal/per_context/domexception:79:18)\n    at /private/var/folders/g_/f5ccnp_51q15by15f4svlw6c0000gn/T/sana-phase13-6v11a5ly/source/tests/payment-coordination.db.test.ts:366:49\n    at Mock (file:///private/var/folders/g_/f5ccnp_51q15by15f4svlw6c0000gn/T/sana-phase13-6v11a5ly/source/node_modules/@vitest/spy/dist/index.js:332:34)\n    at postZarinpal (/private/var/folders/g_/f5ccnp_51q15by15f4svlw6c0000gn/T/sana-phase13-6v11a5ly/source/lib/payments/zarinpal.ts:37:26)\n    at requestZarinpalPayment (/private/var/folders/g_/f5ccnp_51q15by15f4svlw6c0000gn/T/sana-phase13-6v11a5ly/source/lib/payments/zarinpal.ts:100:22)\n    at Module.startPayment (/private/var/folders/g_/f5ccnp_51q15by15f4svlw6c0000gn/T/sana-phase13-6v11a5ly/source/lib/actions/payment.ts:139:22)\n    at /private/var/folders/g_/f5ccnp_51q15by15f4svlw6c0000gn/T/sana-phase13-6v11a5ly/source/tests/payment-coordination.db.test.ts:367:13\n    at file:///private/var/folders/g_/f5ccnp_51q15by15f4svlw6c0000gn/T/sana-phase13-6v11a5ly/source/node_modules/@vitest/runner/dist/chunk-artifact.js:1903:20"}}

[90mstdout[2m | tests/payment-coordination.db.test.ts[2m > [22m[2mR2 real PostgreSQL restricted-role coordination[2m > [22m[2mverification timeout never retries remotely or creates another authority
[22m[39m{"level":"info","event":"payment_start_requested","applicationId":"cmu8asjo4007tsi5celsbpkhj","paymentId":"cmu8asjou007xsi5cq4duufuw","amountToman":3000000}

[90mstdout[2m | tests/payment-coordination.db.test.ts[2m > [22m[2mR2 real PostgreSQL restricted-role coordination[2m > [22m[2mverification timeout never retries remotely or creates another authority
[22m[39m{"level":"info","event":"payment_start_succeeded","applicationId":"cmu8asjo4007tsi5celsbpkhj","paymentId":"cmu8asjou007xsi5cq4duufuw"}

[90mstdout[2m | tests/payment-coordination.db.test.ts[2m > [22m[2mR2 real PostgreSQL restricted-role coordination[2m > [22m[2mcapture evidence survives failed submission commit and retries without provider
[22m[39m{"level":"info","event":"payment_start_requested","applicationId":"cmu8asju40088si5cvb7iedhi","paymentId":"cmu8asjwt008csi5cp6ox8f4e","amountToman":3000000}

[90mstdout[2m | tests/payment-coordination.db.test.ts[2m > [22m[2mR2 real PostgreSQL restricted-role coordination[2m > [22m[2mcapture evidence survives failed submission commit and retries without provider
[22m[39m{"level":"info","event":"payment_start_succeeded","applicationId":"cmu8asju40088si5cvb7iedhi","paymentId":"cmu8asjwt008csi5cp6ox8f4e"}

[90mstderr[2m | tests/payment-coordination.db.test.ts[2m > [22m[2mR2 real PostgreSQL restricted-role coordination[2m > [22m[2mcapture evidence survives failed submission commit and retries without provider
[22m[39m{"level":"error","event":"legacy_paid_submission_retry_required","applicationId":"cmu8asju40088si5cvb7iedhi","error":{"name":"PrismaClientUnknownRequestError","message":"\nInvalid `tx.statusHistory.create()` invocation in\n/private/var/folders/g_/f5ccnp_51q15by15f4svlw6c0000gn/T/sana-phase13-6v11a5ly/source/lib/payments/legacy-settlement.ts:109:30\n\n  106   return;\n  107 }\n  108 await tx.application.update({ where: { id: applicationId }, data: { status: ApplicationStatus.SUBMITTED, submittedAt: new Date() } });\n→ 109 await tx.statusHistory.create(\nError occurred during query execution:\nConnectorError(ConnectorError { user_facing_error: None, kind: QueryError(PostgresError { code: \"42501\", message: \"permission denied for table StatusHistory\", severity: \"ERROR\", detail: None, column: None, hint: None }), transient: false })","stack":"PrismaClientUnknownRequestError: \nInvalid `tx.statusHistory.create()` invocation in\n/private/var/folders/g_/f5ccnp_51q15by15f4svlw6c0000gn/T/sana-phase13-6v11a5ly/source/lib/payments/legacy-settlement.ts:109:30\n\n  106   return;\n  107 }\n  108 await tx.application.update({ where: { id: applicationId }, data: { status: ApplicationStatus.SUBMITTED, submittedAt: new Date() } });\n→ 109 await tx.statusHistory.create(\nError occurred during query execution:\nConnectorError(ConnectorError { user_facing_error: None, kind: QueryError(PostgresError { code: \"42501\", message: \"permission denied for table StatusHistory\", severity: \"ERROR\", detail: None, column: None, hint: None }), transient: false })\n    at ei.handleRequestError (/private/var/folders/g_/f5ccnp_51q15by15f4svlw6c0000gn/T/sana-phase13-6v11a5ly/source/node_modules/@prisma/client/runtime/library.js:121:7458)\n    at ei.handleAndLogRequestError (/private/var/folders/g_/f5ccnp_51q15by15f4svlw6c0000gn/T/sana-phase13-6v11a5ly/source/node_modules/@prisma/client/runtime/library.js:121:6593)\n    at ei.request (/private/var/folders/g_/f5ccnp_51q15by15f4svlw6c0000gn/T/sana-phase13-6v11a5ly/source/node_modules/@prisma/client/runtime/library.js:121:6300)\n    at a (/private/var/folders/g_/f5ccnp_51q15by15f4svlw6c0000gn/T/sana-phase13-6v11a5ly/source/node_modules/@prisma/client/runtime/library.js:130:9551)\n    at /private/var/folders/g_/f5ccnp_51q15by15f4svlw6c0000gn/T/sana-phase13-6v11a5ly/source/lib/payments/legacy-settlement.ts:109:7\n    at Proxy._transactionWithCallback (/private/var/folders/g_/f5ccnp_51q15by15f4svlw6c0000gn/T/sana-phase13-6v11a5ly/source/node_modules/@prisma/client/runtime/library.js:130:8120)\n    at completeVerifiedLegacySubmission (/private/var/folders/g_/f5ccnp_51q15by15f4svlw6c0000gn/T/sana-phase13-6v11a5ly/source/lib/payments/legacy-settlement.ts:93:5)\n    at Module.settleLegacyPayment (/private/var/folders/g_/f5ccnp_51q15by15f4svlw6c0000gn/T/sana-phase13-6v11a5ly/source/lib/payments/legacy-settlement.ts:79:3)\n    at /private/var/folders/g_/f5ccnp_51q15by15f4svlw6c0000gn/T/sana-phase13-6v11a5ly/source/tests/payment-coordination.db.test.ts:402:14\n    at file:///private/var/folders/g_/f5ccnp_51q15by15f4svlw6c0000gn/T/sana-phase13-6v11a5ly/source/node_modules/@vitest/runner/dist/chunk-artifact.js:1903:20"}}

[90mstdout[2m | tests/payment-coordination.db.test.ts[2m > [22m[2mR2 real PostgreSQL restricted-role coordination[2m > [22m[2mcapture evidence survives failed submission commit and retries without provider
[22m[39m{"level":"info","event":"payment_verification_succeeded","paymentId":"cmu8asjwt008csi5cp6ox8f4e","applicationId":"cmu8asju40088si5cvb7iedhi","referenceId":"durable-capture"}

[90mstdout[2m | tests/payment-coordination.db.test.ts[2m > [22m[2mR2 real PostgreSQL restricted-role coordination[2m > [22m[2mrestricted role rejects cross-application selection, amount mutation and result deletion
[22m[39m{"level":"info","event":"payment_start_requested","applicationId":"cmu8ask53008ksi5c3h6vk7g0","paymentId":"cmu8ask6f008osi5c0ov5nwxn","amountToman":3000000}

[90mstdout[2m | tests/payment-coordination.db.test.ts[2m > [22m[2mR2 real PostgreSQL restricted-role coordination[2m > [22m[2mrestricted role rejects cross-application selection, amount mutation and result deletion
[22m[39m{"level":"info","event":"payment_start_succeeded","applicationId":"cmu8ask53008ksi5c3h6vk7g0","paymentId":"cmu8ask6f008osi5c0ov5nwxn"}

[90mstdout[2m | tests/payment-coordination.db.test.ts[2m > [22m[2mR2 real PostgreSQL restricted-role coordination[2m > [22m[2mnotification failure preserves settlement and consumes one durable intent
[22m[39m{"level":"info","event":"payment_start_requested","applicationId":"cmu8ask8k008vsi5cpqddky05","paymentId":"cmu8ask9p008zsi5c64k95p5l","amountToman":3000000}

[90mstdout[2m | tests/payment-coordination.db.test.ts[2m > [22m[2mR2 real PostgreSQL restricted-role coordination[2m > [22m[2mnotification failure preserves settlement and consumes one durable intent
[22m[39m{"level":"info","event":"payment_start_succeeded","applicationId":"cmu8ask8k008vsi5cpqddky05","paymentId":"cmu8ask9p008zsi5c64k95p5l"}

[90mstdout[2m | tests/payment-coordination.db.test.ts[2m > [22m[2mR2 real PostgreSQL restricted-role coordination[2m > [22m[2mnotification failure preserves settlement and consumes one durable intent
[22m[39m{"level":"info","event":"payment_verification_succeeded","paymentId":"cmu8ask9p008zsi5c64k95p5l","applicationId":"cmu8ask8k008vsi5cpqddky05","referenceId":"201"}

[90mstderr[2m | tests/payment-coordination.db.test.ts[2m > [22m[2mR2 real PostgreSQL restricted-role coordination[2m > [22m[2mnotification failure preserves settlement and consumes one durable intent
[22m[39m{"level":"warn","event":"admin_submission_notification_skipped","applicationId":"cmu8ask8k008vsi5cpqddky05","reason":"missing_admin_alert_mobile"}

[90mstderr[2m | tests/payment-coordination.db.test.ts[2m > [22m[2mR2 real PostgreSQL restricted-role coordination[2m > [22m[2mnotification failure preserves settlement and consumes one durable intent
[22m[39m{"level":"error","event":"payment_notification_failed","applicationId":"cmu8ask8k008vsi5cpqddky05","error":{"name":"Error","message":"isolated SMS failure","stack":"Error: isolated SMS failure\n    at /private/var/folders/g_/f5ccnp_51q15by15f4svlw6c0000gn/T/sana-phase13-6v11a5ly/source/tests/payment-coordination.db.test.ts:425:58\n    at file:///private/var/folders/g_/f5ccnp_51q15by15f4svlw6c0000gn/T/sana-phase13-6v11a5ly/source/node_modules/@vitest/runner/dist/chunk-artifact.js:1903:20"}}

[90mstdout[2m | tests/payment-coordination.db.test.ts[2m > [22m[2mR2 real PostgreSQL restricted-role coordination[2m > [22m[2ma late original worker may persist capture after expiry without enabling takeover
[22m[39m{"level":"info","event":"payment_start_requested","applicationId":"cmu8askf40095si5c9gdm3d7i","paymentId":"cmu8askgx0099si5cq45vxrat","amountToman":3000000}

[90mstdout[2m | tests/payment-coordination.db.test.ts[2m > [22m[2mR2 real PostgreSQL restricted-role coordination[2m > [22m[2ma late original worker may persist capture after expiry without enabling takeover
[22m[39m{"level":"info","event":"payment_start_succeeded","applicationId":"cmu8askf40095si5c9gdm3d7i","paymentId":"cmu8askgx0099si5cq45vxrat"}

[90mstdout[2m | tests/payment-coordination.db.test.ts[2m > [22m[2mR2 real PostgreSQL restricted-role coordination[2m > [22m[2ma late original worker may persist capture after expiry without enabling takeover
[22m[39m{"level":"info","event":"payment_verification_succeeded","paymentId":"cmu8askgx0099si5cq45vxrat","applicationId":"cmu8askf40095si5c9gdm3d7i","referenceId":"201"}

[90mstdout[2m | tests/payment-coordination.db.test.ts[2m > [22m[2mR2 real PostgreSQL restricted-role coordination[2m > [22m[2mcompleted rejection evidence recovers despite crash and unrelated callback evidence
[22m[39m{"level":"info","event":"payment_start_requested","applicationId":"cmu8askmd009fsi5cuwwdcn7l","paymentId":"cmu8asknc009jsi5cm0n1mw6z","amountToman":3000000}

[90mstdout[2m | tests/payment-coordination.db.test.ts[2m > [22m[2mR2 real PostgreSQL restricted-role coordination[2m > [22m[2mcompleted rejection evidence recovers despite crash and unrelated callback evidence
[22m[39m{"level":"info","event":"payment_start_succeeded","applicationId":"cmu8askmd009fsi5cuwwdcn7l","paymentId":"cmu8asknc009jsi5cm0n1mw6z"}

[90mstdout[2m | tests/payment-coordination.db.test.ts[2m > [22m[2mR2 real PostgreSQL restricted-role coordination[2m > [22m[2mcompleted rejection evidence recovers despite crash and unrelated callback evidence
[22m[39m{"level":"info","event":"payment_verification_succeeded","paymentId":"cmu8asknc009jsi5cm0n1mw6z","applicationId":"cmu8askmd009fsi5cuwwdcn7l","referenceId":"201"}

[90mstdout[2m | tests/payment-coordination.db.test.ts[2m > [22m[2mR2 real PostgreSQL restricted-role coordination[2m > [22m[2mprovider capture with failed evidence persistence remains blocked after DB recovery
[22m[39m{"level":"info","event":"payment_start_requested","applicationId":"cmu8askqr009tsi5ct9jrvb5x","paymentId":"cmu8askrc009xsi5ctlzu0kix","amountToman":3000000}

[90mstdout[2m | tests/payment-coordination.db.test.ts[2m > [22m[2mR2 real PostgreSQL restricted-role coordination[2m > [22m[2mprovider capture with failed evidence persistence remains blocked after DB recovery
[22m[39m{"level":"info","event":"payment_start_succeeded","applicationId":"cmu8askqr009tsi5ct9jrvb5x","paymentId":"cmu8askrc009xsi5ctlzu0kix"}

[90mstderr[2m | tests/payment-coordination.db.test.ts[2m > [22m[2mR2 real PostgreSQL restricted-role coordination[2m > [22m[2mprovider capture with failed evidence persistence remains blocked after DB recovery
[22m[39m{"level":"error","event":"payment_capture_evidence_persist_failed","paymentId":"cmu8askrc009xsi5ctlzu0kix","applicationId":"cmu8askqr009tsi5ct9jrvb5x","error":{"name":"PrismaClientUnknownRequestError","message":"\nInvalid `db.paymentOperationResult.createMany()` invocation in\n/private/var/folders/g_/f5ccnp_51q15by15f4svlw6c0000gn/T/sana-phase13-6v11a5ly/source/lib/payments/coordination.ts:46:35\n\n  43 export async function savePaymentResult(claim: PaymentClaim, outcome: \"AUTHORITY\" | \"CAPTURED\" | \"REJECTED\" | \"UNKNOWN\", details: { authority?: string; referenceId?: string } = {}) {\n  44   // Independent commit: a later business transaction may fail. A late owner is\n  45   // allowed to preserve its result, never to authorize another external operation.\n→ 46   await db.paymentOperationResult.createMany(\nError occurred during query execution:\nConnectorError(ConnectorError { user_facing_error: None, kind: QueryError(PostgresError { code: \"42501\", message: \"permission denied for table PaymentOperationResult\", severity: \"ERROR\", detail: None, column: None, hint: None }), transient: false })","stack":"PrismaClientUnknownRequestError: \nInvalid `db.paymentOperationResult.createMany()` invocation in\n/private/var/folders/g_/f5ccnp_51q15by15f4svlw6c0000gn/T/sana-phase13-6v11a5ly/source/lib/payments/coordination.ts:46:35\n\n  43 export async function savePaymentResult(claim: PaymentClaim, outcome: \"AUTHORITY\" | \"CAPTURED\" | \"REJECTED\" | \"UNKNOWN\", details: { authority?: string; referenceId?: string } = {}) {\n  44   // Independent commit: a later business transaction may fail. A late owner is\n  45   // allowed to preserve its result, never to authorize another external operation.\n→ 46   await db.paymentOperationResult.createMany(\nError occurred during query execution:\nConnectorError(ConnectorError { user_facing_error: None, kind: QueryError(PostgresError { code: \"42501\", message: \"permission denied for table PaymentOperationResult\", severity: \"ERROR\", detail: None, column: None, hint: None }), transient: false })\n    at ei.handleRequestError (/private/var/folders/g_/f5ccnp_51q15by15f4svlw6c0000gn/T/sana-phase13-6v11a5ly/source/node_modules/@prisma/client/runtime/library.js:121:7458)\n    at ei.handleAndLogRequestError (/private/var/folders/g_/f5ccnp_51q15by15f4svlw6c0000gn/T/sana-phase13-6v11a5ly/source/node_modules/@prisma/client/runtime/library.js:121:6593)\n    at ei.request (/private/var/folders/g_/f5ccnp_51q15by15f4svlw6c0000gn/T/sana-phase13-6v11a5ly/source/node_modules/@prisma/client/runtime/library.js:121:6300)\n    at a (/private/var/folders/g_/f5ccnp_51q15by15f4svlw6c0000gn/T/sana-phase13-6v11a5ly/source/node_modules/@prisma/client/runtime/library.js:130:9551)\n    at savePaymentResult (/private/var/folders/g_/f5ccnp_51q15by15f4svlw6c0000gn/T/sana-phase13-6v11a5ly/source/lib/payments/coordination.ts:46:3)\n    at Module.settleLegacyPayment (/private/var/folders/g_/f5ccnp_51q15by15f4svlw6c0000gn/T/sana-phase13-6v11a5ly/source/lib/payments/legacy-settlement.ts:47:7)\n    at /private/var/folders/g_/f5ccnp_51q15by15f4svlw6c0000gn/T/sana-phase13-6v11a5ly/source/tests/payment-coordination.db.test.ts:458:18\n    at file:///private/var/folders/g_/f5ccnp_51q15by15f4svlw6c0000gn/T/sana-phase13-6v11a5ly/source/node_modules/@vitest/runner/dist/chunk-artifact.js:1903:20"}}

[90mstderr[2m | tests/payment-coordination.db.test.ts[2m > [22m[2mR2 real PostgreSQL restricted-role coordination[2m > [22m[2mfacilities request timeout and restart preserve its only attempt
[22m[39m{"level":"error","event":"facilities_payment_request_persist_or_transport_failed","applicationId":"f5144cf4fb52f4fc5a0a1b902dfe133c3-application","error":{"name":"TypeError","message":"fetch failed","stack":"TypeError: fetch failed\n    at /private/var/folders/g_/f5ccnp_51q15by15f4svlw6c0000gn/T/sana-phase13-6v11a5ly/source/tests/payment-coordination.db.test.ts:486:79\n    at Mock (file:///private/var/folders/g_/f5ccnp_51q15by15f4svlw6c0000gn/T/sana-phase13-6v11a5ly/source/node_modules/@vitest/spy/dist/index.js:332:34)\n    at postZarinpal (/private/var/folders/g_/f5ccnp_51q15by15f4svlw6c0000gn/T/sana-phase13-6v11a5ly/source/lib/payments/zarinpal.ts:37:26)\n    at requestZarinpalPayment (/private/var/folders/g_/f5ccnp_51q15by15f4svlw6c0000gn/T/sana-phase13-6v11a5ly/source/lib/payments/zarinpal.ts:100:22)\n    at Module.startFacilitiesPayment (/private/var/folders/g_/f5ccnp_51q15by15f4svlw6c0000gn/T/sana-phase13-6v11a5ly/source/lib/actions/facilities-payment.ts:257:27)\n    at /private/var/folders/g_/f5ccnp_51q15by15f4svlw6c0000gn/T/sana-phase13-6v11a5ly/source/tests/payment-coordination.db.test.ts:487:12\n    at file:///private/var/folders/g_/f5ccnp_51q15by15f4svlw6c0000gn/T/sana-phase13-6v11a5ly/source/node_modules/@vitest/runner/dist/chunk-artifact.js:1903:20"}}

[90mstderr[2m | tests/payment-coordination.db.test.ts[2m > [22m[2mR2 real PostgreSQL restricted-role coordination[2m > [22m[2mfacilities request timeout and restart preserve its only attempt
[22m[39m{"level":"warn","event":"facilities_payment_start_unresolved","applicationId":"f5144cf4fb52f4fc5a0a1b902dfe133c3-application"}

[90mstderr[2m | tests/payment-coordination.db.test.ts[2m > [22m[2mR2 real PostgreSQL restricted-role coordination[2m > [22m[2mfacilities saved capture completes after a failed DB transaction without contacting provider again
[22m[39m{"level":"error","event":"facilities_payment_verification_record_failed","paymentAttemptId":"cmu8aslqm00b3si5c9nya3q4s","applicationId":"fb61aaf48a6f84a919a30c758ff857bb8-application","error":{"name":"PrismaClientUnknownRequestError","message":"\nInvalid `tx.facilitiesAuditLog.create()` invocation in\n/private/var/folders/g_/f5ccnp_51q15by15f4svlw6c0000gn/T/sana-phase13-6v11a5ly/source/lib/actions/facilities-payment.ts:361:35\n\n  358 const late = !LOCKED_PAYMENT_STATES.includes(current.status);\n  359 const metadata = late ? { status: FacilitiesPaymentStatus.VERIFIED, reasonCode: \"LATE_CAPTURE\" } : { status: FacilitiesPaymentStatus.VERIFIED };\n  360 await tx.facilitiesPaymentAttempt.update({ where: { id: current.id }, data: { status: FacilitiesPaymentStatus.VERIFIED, referenceId: verified.referenceId, safeMetadata: metadata } });\n→ 361 await tx.facilitiesAuditLog.create(\nError occurred during query execution:\nConnectorError(ConnectorError { user_facing_error: None, kind: QueryError(PostgresError { code: \"42501\", message: \"permission denied for table FacilitiesAuditLog\", severity: \"ERROR\", detail: None, column: None, hint: None }), transient: false })","stack":"PrismaClientUnknownRequestError: \nInvalid `tx.facilitiesAuditLog.create()` invocation in\n/private/var/folders/g_/f5ccnp_51q15by15f4svlw6c0000gn/T/sana-phase13-6v11a5ly/source/lib/actions/facilities-payment.ts:361:35\n\n  358 const late = !LOCKED_PAYMENT_STATES.includes(current.status);\n  359 const metadata = late ? { status: FacilitiesPaymentStatus.VERIFIED, reasonCode: \"LATE_CAPTURE\" } : { status: FacilitiesPaymentStatus.VERIFIED };\n  360 await tx.facilitiesPaymentAttempt.update({ where: { id: current.id }, data: { status: FacilitiesPaymentStatus.VERIFIED, referenceId: verified.referenceId, safeMetadata: metadata } });\n→ 361 await tx.facilitiesAuditLog.create(\nError occurred during query execution:\nConnectorError(ConnectorError { user_facing_error: None, kind: QueryError(PostgresError { code: \"42501\", message: \"permission denied for table FacilitiesAuditLog\", severity: \"ERROR\", detail: None, column: None, hint: None }), transient: false })\n    at ei.handleRequestError (/private/var/folders/g_/f5ccnp_51q15by15f4svlw6c0000gn/T/sana-phase13-6v11a5ly/source/node_modules/@prisma/client/runtime/library.js:121:7458)\n    at ei.handleAndLogRequestError (/private/var/folders/g_/f5ccnp_51q15by15f4svlw6c0000gn/T/sana-phase13-6v11a5ly/source/node_modules/@prisma/client/runtime/library.js:121:6593)\n    at ei.request (/private/var/folders/g_/f5ccnp_51q15by15f4svlw6c0000gn/T/sana-phase13-6v11a5ly/source/node_modules/@prisma/client/runtime/library.js:121:6300)\n    at a (/private/var/folders/g_/f5ccnp_51q15by15f4svlw6c0000gn/T/sana-phase13-6v11a5ly/source/node_modules/@prisma/client/runtime/library.js:130:9551)\n    at /private/var/folders/g_/f5ccnp_51q15by15f4svlw6c0000gn/T/sana-phase13-6v11a5ly/source/lib/actions/facilities-payment.ts:361:7\n    at Proxy._transactionWithCallback (/private/var/folders/g_/f5ccnp_51q15by15f4svlw6c0000gn/T/sana-phase13-6v11a5ly/source/node_modules/@prisma/client/runtime/library.js:130:8120)\n    at Module.verifyFacilitiesPaymentCallback (/private/var/folders/g_/f5ccnp_51q15by15f4svlw6c0000gn/T/sana-phase13-6v11a5ly/source/lib/actions/facilities-payment.ts:352:5)\n    at /private/var/folders/g_/f5ccnp_51q15by15f4svlw6c0000gn/T/sana-phase13-6v11a5ly/source/tests/payment-coordination.db.test.ts:502:18\n    at file:///private/var/folders/g_/f5ccnp_51q15by15f4svlw6c0000gn/T/sana-phase13-6v11a5ly/source/node_modules/@vitest/runner/dist/chunk-artifact.js:1903:20"}}

 [32m✓[39m tests/payment-coordination.db.test.ts [2m([22m[2m39 tests[22m[2m)[22m[33m 8591[2mms[22m[39m
     [33m[2m✓[22m[39m R1 delayed admin decision loses to resubmission with no stale history or SMS [33m 356[2mms[22m[39m
     [33m[2m✓[22m[39m R1 facilities delayed cancellation preserves verification and later review [33m 353[2mms[22m[39m
     [33m[2m✓[22m[39m concurrent starts cross a provider barrier only once, and replay the same URL [33m 712[2mms[22m[39m
     [33m[2m✓[22m[39m capture evidence survives failed submission commit and retries without provider [33m 401[2mms[22m[39m
     [33m[2m✓[22m[39m facilities concurrent starts/callbacks and old-authority barriers use the same durable coordination [33m 749[2mms[22m[39m
     [33m[2m✓[22m[39m facilities saved capture completes after a failed DB transaction without contacting provider again [33m 531[2mms[22m[39m
[90mstderr[2m | tests/legacy-replacement.db.test.ts[2m > [22m[2mR8 legacy replacement restricted DB and real bytes[2m > [22m[2mscan rejection and unavailability preserve the previous current object
[22m[39m{"level":"warn","event":"legacy_upload_scan_rejected","status":"FAILED","fileType":"CSV","size":9}

[90mstderr[2m | tests/legacy-replacement.db.test.ts[2m > [22m[2mR8 legacy replacement restricted DB and real bytes[2m > [22m[2mscan rejection and unavailability preserve the previous current object
[22m[39m{"level":"warn","event":"legacy_upload_scan_rejected","status":"UNAVAILABLE","fileType":"CSV","size":9}

[90mstderr[2m | tests/legacy-replacement.db.test.ts[2m > [22m[2mR8 legacy replacement restricted DB and real bytes[2m > [22m[2munlink failure retains irreversible authorization and retries without touching current bytes
[22m[39m{"level":"warn","event":"legacy_file_deletion_retry_required","intentId":"legacy-delete:cmu8asp1y0036siddjymu60ib"}

[90mstdout[2m | tests/legacy-replacement.db.test.ts[2m > [22m[2mR8 legacy replacement restricted DB and real bytes[2m > [22m[2mtwo certificate action writers cannot overwrite a decision made during staging
[22m[39m{"level":"info","event":"validation_certificate_replaced","applicationId":"cmu8assik004xsiddses2ok6z","adminId":"cmu8assio004ysiddjqfeqydw","mobile":"070****3c11"}

[90mstdout[2m | tests/legacy-replacement.db.test.ts[2m > [22m[2mR8 legacy replacement restricted DB and real bytes[2m > [22m[2mpayment reservation fences uploads while the provider request is in flight
[22m[39m{"level":"info","event":"payment_start_requested","applicationId":"cmu8assrb005rsidd9gylu7kw","paymentId":"cmu8assww006rsiddzhnsb36h","amountToman":3000000}

[90mstdout[2m | tests/legacy-replacement.db.test.ts[2m > [22m[2mR8 legacy replacement restricted DB and real bytes[2m > [22m[2mpayment reservation fences uploads while the provider request is in flight
[22m[39m{"level":"info","event":"payment_start_succeeded","applicationId":"cmu8assrb005rsidd9gylu7kw","paymentId":"cmu8assww006rsiddzhnsb36h"}

 [32m✓[39m tests/legacy-replacement.db.test.ts [2m([22m[2m29 tests[22m[2m)[22m[33m 7282[2mms[22m[39m
     [33m[2m✓[22m[39m atomically saves current pointer, draft reference, version and exact predecessor [33m 544[2mms[22m[39m
     [33m[2m✓[22m[39m rejects stale full drafts and current-version drafts pointing to a predecessor [33m 366[2mms[22m[39m
     [33m[2m✓[22m[39m real process death at allocation preserves current bytes and permits fenced recovery [33m 2227[2mms[22m[39m
     [33m[2m✓[22m[39m real process death at bytes preserves current bytes and permits fenced recovery [33m 451[2mms[22m[39m
     [33m[2m✓[22m[39m real process death at commit preserves current bytes and permits fenced recovery [33m 792[2mms[22m[39m
     [33m[2m✓[22m[39m real process death at authorization preserves current bytes and permits fenced recovery [33m 578[2mms[22m[39m
[90mstderr[2m | tests/facilities-payment-action.test.ts[2m > [22m[2mfacilities payment and submission actions[2m > [22m[2mrecords a late capture when the gateway confirms an attempt that was already closed, and submits
[22m[39m{"level":"warn","event":"facilities_payment_late_capture_recorded","paymentAttemptId":"pay_1","applicationId":"app_1","previousStatus":"FAILED"}

 [32m✓[39m tests/facilities-payment-action.test.ts [2m([22m[2m21 tests[22m[2m)[22m[32m 122[2mms[22m[39m
[90mstdout[2m | tests/facilities-replacement.db.test.ts[2m > [22m[2mR7 restricted PostgreSQL replacement and actual storage[2m > [22m[2mreal process death at staging preserves recoverable state and current bytes
[22m[39m{"fixture":"R7 process crash","point":"staging","pid":76099,"signal":"SIGKILL"}

[90mstdout[2m | tests/facilities-replacement.db.test.ts[2m > [22m[2mR7 restricted PostgreSQL replacement and actual storage[2m > [22m[2mreal process death at promotion preserves recoverable state and current bytes
[22m[39m{"fixture":"R7 process crash","point":"promotion","pid":76126,"signal":"SIGKILL"}

[90mstdout[2m | tests/facilities-replacement.db.test.ts[2m > [22m[2mR7 restricted PostgreSQL replacement and actual storage[2m > [22m[2mreal process death at attachment preserves recoverable state and current bytes
[22m[39m{"fixture":"R7 process crash","point":"attachment","pid":76158,"signal":"SIGKILL"}

[90mstdout[2m | tests/facilities-replacement.db.test.ts[2m > [22m[2mR7 restricted PostgreSQL replacement and actual storage[2m > [22m[2mreal process death at commit preserves recoverable state and current bytes
[22m[39m{"fixture":"R7 process crash","point":"commit","pid":76175,"signal":"SIGKILL"}

[90mstdout[2m | tests/facilities-replacement.db.test.ts[2m > [22m[2mR7 restricted PostgreSQL replacement and actual storage[2m > [22m[2mreal process death at retry-claim preserves recoverable state and current bytes
[22m[39m{"fixture":"R7 process crash","point":"retry-claim","pid":76187,"signal":"SIGKILL"}

 [32m✓[39m tests/facilities-replacement.db.test.ts [2m([22m[2m29 tests[22m[2m)[22m[33m 16281[2mms[22m[39m
     [33m[2m✓[22m[39m orphan listing may pause beyond transaction timeout without deleting a recovered current [33m 5322[2mms[22m[39m
     [33m[2m✓[22m[39m late legacy references are denied even after a cleanup transaction times out [33m 5122[2mms[22m[39m
     [33m[2m✓[22m[39m real process death at staging preserves recoverable state and current bytes [33m 910[2mms[22m[39m
     [33m[2m✓[22m[39m real process death at promotion preserves recoverable state and current bytes [33m 666[2mms[22m[39m
     [33m[2m✓[22m[39m real process death at attachment preserves recoverable state and current bytes [33m 652[2mms[22m[39m
     [33m[2m✓[22m[39m real process death at commit preserves recoverable state and current bytes [33m 549[2mms[22m[39m
     [33m[2m✓[22m[39m real process death at retry-claim preserves recoverable state and current bytes [33m 610[2mms[22m[39m
 [32m✓[39m tests/facilities-document-qualification.db.test.ts [2m([22m[2m19 tests[22m[2m)[22m[33m 23151[2mms[22m[39m
     [33m[2m✓[22m[39m qualifies application and officer/profile evidence, starts valid payment [33m 974[2mms[22m[39m
     [33m[2m✓[22m[39m blocks missing insurance bytes without new payment [33m 1227[2mms[22m[39m
     [33m[2m✓[22m[39m blocks missing profile-articles-of-association bytes without new payment [33m 774[2mms[22m[39m
     [33m[2m✓[22m[39m blocks missing officer bytes without new payment [33m 836[2mms[22m[39m
     [33m[2m✓[22m[39m rejects changed hash and foreign caller ownership [33m 800[2mms[22m[39m
     [33m[2m✓[22m[39m free submission also checks actual bytes [33m 751[2mms[22m[39m
     [33m[2m✓[22m[39m capture survives missing profile file and repaired paid draft submits without another charge [33m 1044[2mms[22m[39m
     [33m[2m✓[22m[39m paid pending crash is recoverable by browser retry without provider calls [33m 889[2mms[22m[39m
     [33m[2m✓[22m[39m snapshot maintenance cannot delete submitted snapshots or grant direct deletion [33m 1079[2mms[22m[39m
     [33m[2m✓[22m[39m wizard snapshot refresh and submission serialize in application-first order [33m 899[2mms[22m[39m
     [33m[2m✓[22m[39m paid correction checks profile bytes then accepts repair without new charge [33m 1145[2mms[22m[39m
     [33m[2m✓[22m[39m actual submission gate rejects synthetic scope metadata corruption [33m 763[2mms[22m[39m
     [33m[2m✓[22m[39m actual submission gate rejects synthetic slot metadata corruption [33m 820[2mms[22m[39m
     [33m[2m✓[22m[39m actual submission gate rejects synthetic unscanned metadata corruption [33m 777[2mms[22m[39m
     [33m[2m✓[22m[39m actual submission gate rejects synthetic quarantined metadata corruption [33m 1173[2mms[22m[39m
     [33m[2m✓[22m[39m actual submission gate rejects synthetic stale metadata corruption [33m 2206[2mms[22m[39m
     [33m[2m✓[22m[39m profile replacement and predecessor cleanup are fenced through qualification commit [33m 4468[2mms[22m[39m
     [33m[2m✓[22m[39m officer pruning retains evidence-referenced rows and removes only unreferenced rows [33m 1418[2mms[22m[39m
     [33m[2m✓[22m[39m blocked wizard refresh does not acquire snapshot before application [33m 1075[2mms[22m[39m
[90mstderr[2m | tests/otp-verification.db.test.ts[2m > [22m[2mR3 restricted PostgreSQL verification[2m > [22m[2mcookie failure spends the code and retry cannot create another session
[22m[39m{"level":"warn","event":"otp_verify_unavailable","reason":"verification_failed"}

[90mstderr[2m | tests/otp-verification.db.test.ts[2m > [22m[2mR3 restricted PostgreSQL verification[2m > [22m[2mcleanup failure denies before bcrypt and recovers after capability restoration
[22m[39m{"level":"warn","event":"otp_verify_unavailable","reason":"verification_failed"}

[90mstderr[2m | tests/otp-verification.db.test.ts[2m > [22m[2mR3 restricted PostgreSQL verification[2m > [22m[2mreservation DB failure denies before compare and recovers
[22m[39m{"level":"warn","event":"otp_verify_unavailable","reason":"verification_failed"}

[90mstderr[2m | tests/otp-verification.db.test.ts[2m > [22m[2mR3 restricted PostgreSQL verification[2m > [22m[2mlock conflict times out safely, spends capacity, and recovers
[22m[39m{"level":"warn","event":"otp_verify_unavailable","reason":"verification_failed"}

[90mstderr[2m | tests/otp-verification.db.test.ts[2m > [22m[2mR3 restricted PostgreSQL verification[2m > [22m[2mconsume write failure rolls back user creation but keeps spent guess
[22m[39m{"level":"warn","event":"otp_verify_unavailable","reason":"verification_failed"}

[90mstderr[2m | tests/otp-verification.db.test.ts[2m > [22m[2mR3 restricted PostgreSQL verification[2m > [22m[2mlost commit acknowledgement never issues a cookie or reopens the consumed OTP
[22m[39m{"level":"warn","event":"otp_verify_unavailable","reason":"verification_failed"}

[90mstderr[2m | tests/otp-verification.db.test.ts[2m > [22m[2mR3 restricted PostgreSQL verification[2m > [22m[2mmissing or inconsistent secrets deny without resetting budgets
[22m[39m{"level":"warn","event":"otp_verify_unavailable","reason":"verification_failed"}

[90mstderr[2m | tests/otp-verification.db.test.ts[2m > [22m[2mR3 restricted PostgreSQL verification[2m > [22m[2mmissing or inconsistent secrets deny without resetting budgets
[22m[39m{"level":"warn","event":"otp_verify_unavailable","reason":"verification_failed"}

 [32m✓[39m tests/otp-verification.db.test.ts [2m([22m[2m26 tests[22m[2m)[22m[33m 9794[2mms[22m[39m
     [33m[2m✓[22m[39m twelve concurrent wrong requests compare the real code at most five times [33m 786[2mms[22m[39m
     [33m[2m✓[22m[39m twelve concurrent correct requests issue exactly one session [33m 1011[2mms[22m[39m
     [33m[2m✓[22m[39m reserve rechecks expiry after an unchanged row-lock wait [33m 1232[2mms[22m[39m
     [33m[2m✓[22m[39m consume rechecks expiry after an unchanged row-lock wait [33m 1268[2mms[22m[39m
     [33m[2m✓[22m[39m unknown address is shared across mobiles and purposes [33m 2064[2mms[22m[39m
     [33m[2m✓[22m[39m lock conflict times out safely, spends capacity, and recovers [33m 2060[2mms[22m[39m
[90mstdout[2m | tests/admin-review.db.test.ts[2m > [22m[2mR11 restricted concurrent review[2m > [22m[2mcompeting completion/correction preserves one note/history/certificate and notification
[22m[39m{"level":"info","event":"submission_status_changed","applicationId":"cmu8atw8y0003sibo6btr5l2m","previousStatus":"SUBMITTED","newStatus":"NEEDS_EDIT","adminId":"cmu8atw8j0000siboehkfsjye","mobile":"7c8****bf79","hasNote":true,"hasCertificate":false}

[90mstdout[2m | tests/admin-review.db.test.ts[2m > [22m[2mR11 restricted concurrent review[2m > [22m[2mcompletion winner preserves exact certificate and stale correction gets409
[22m[39m{"level":"info","event":"submission_status_changed","applicationId":"cmu8atwbq0009sibozy4mb84y","previousStatus":"SUBMITTED","newStatus":"VALIDATION_COMPLETED","adminId":"cmu8atwbn0006sibo75xtfrvw","mobile":"9c2****dba9","hasNote":true,"hasCertificate":true}

[90mstdout[2m | tests/admin-review.db.test.ts[2m > [22m[2mR11 restricted concurrent review[2m > [22m[2mmissing token and stale browser note cannot silently overwrite
[22m[39m{"level":"info","event":"submission_status_changed","applicationId":"cmu8atwcy000jsibokh53xgaf","previousStatus":"SUBMITTED","newStatus":"UNDER_REVIEW","adminId":"cmu8atwcv000gsibo5251iwgd","mobile":"04b****9300","hasNote":true,"hasCertificate":false}

[90mstdout[2m | tests/admin-review.db.test.ts[2m > [22m[2mR11 restricted concurrent review[2m > [22m[2mcertificate stale token maps to HTTP409 and preserves current bytes
[22m[39m{"level":"info","event":"validation_certificate_replaced","applicationId":"cmu8atwf90012sibokyiotd5u","adminId":"cmu8atwf2000zsibo91apsmrc","mobile":"698****61c4"}

[90mstdout[2m | tests/admin-review.db.test.ts[2m > [22m[2mR11 restricted concurrent review[2m > [22m[2mSMS failure cannot undo transition or authorize duplicate retry
[22m[39m{"level":"info","event":"submission_status_changed","applicationId":"cmu8atwga001asibo5tvi48l5","previousStatus":"SUBMITTED","newStatus":"NEEDS_EDIT","adminId":"cmu8atwg60017siboqbz993wb","mobile":"e14****6e60","hasNote":true,"hasCertificate":false}

[90mstderr[2m | tests/admin-review.db.test.ts[2m > [22m[2mR11 restricted concurrent review[2m > [22m[2mSMS failure cannot undo transition or authorize duplicate retry
[22m[39m{"level":"error","event":"submission_status_sms_failed","applicationId":"cmu8atwga001asibo5tvi48l5","newStatus":"NEEDS_EDIT","mobile":"e14****6e60","error":{"name":"Error","message":"synthetic outage","stack":"Error: synthetic outage\n    at /private/var/folders/g_/f5ccnp_51q15by15f4svlw6c0000gn/T/sana-phase13-6v11a5ly/source/tests/admin-review.db.test.ts:68:147\n    at file:///private/var/folders/g_/f5ccnp_51q15by15f4svlw6c0000gn/T/sana-phase13-6v11a5ly/source/node_modules/@vitest/runner/dist/chunk-artifact.js:1903:20"}}

[90mstdout[2m | tests/admin-review.db.test.ts[2m > [22m[2mR11 restricted concurrent review[2m > [22m[2mapplicant resubmission and admin restart produce one legal winner without recharge
[22m[39m{"level":"info","event":"submission_status_changed","applicationId":"cmu8atwgu001gsibotnmxvjnq","previousStatus":"NEEDS_EDIT","newStatus":"UNDER_REVIEW","adminId":"cmu8atwgs001dsiboexflh7fg","mobile":"33a****2b91","hasNote":true,"hasCertificate":false}

[90mstderr[2m | tests/admin-review.db.test.ts[2m > [22m[2mR11 restricted concurrent review[2m > [22m[2msuccessful SMS plus lost commit acknowledgement never becomes retryable
[22m[39m{"level":"error","event":"facilities_correction_sms_persistence_unconfirmed","applicationId":"r1148e48dd284374e64b754dd5c7111a225-application","correctionRequestId":"cmu8atwq50031sibofkeua86m","reasonCode":"PERSISTENCE_UNCONFIRMED","error":{"message":"undefined"}}

[90mstderr[2m | tests/admin-review.db.test.ts[2m > [22m[2mR11 restricted concurrent review[2m > [22m[2muncertain SMS consumes claim and cannot dispatch another send
[22m[39m{"level":"error","event":"facilities_correction_sms_unconfirmed","applicationId":"r11ec72a50d49af44c6bfab24e6beee98f0-application","correctionRequestId":"cmu8atwrq003asibojg1hi423","mobile":"use****98f0","reasonCode":"DELIVERY_UNCONFIRMED","error":{"message":"undefined"}}

[90mstderr[2m | tests/admin-review.db.test.ts[2m > [22m[2mR11 restricted concurrent review[2m > [22m[2mpostcommit claim failure reports committed correction with uncertain delivery
[22m[39m{"level":"error","event":"facilities_correction_sms_claim_unconfirmed","correctionRequestId":"cmu8atwvo003rsibo9sm5ne0z","reasonCode":"CLAIM_UNCONFIRMED","error":{"message":"undefined"}}

[90mstderr[2m | tests/admin-review.db.test.ts[2m > [22m[2mR11 restricted concurrent review[2m > [22m[2msuccessful SMS plus rolled-back persistence leaves spent uncertainty and no retry
[22m[39m{"level":"error","event":"facilities_correction_sms_persistence_unconfirmed","applicationId":"r1102da92e6e30b4e599b14dd1904e332cc-application","correctionRequestId":"cmu8atwzz0043siboi5v1p1xa","reasonCode":"PERSISTENCE_UNCONFIRMED","error":{"message":"undefined"}}

 [32m✓[39m tests/admin-review.db.test.ts [2m([22m[2m21 tests[22m[2m)[22m[33m 1052[2mms[22m[39m
[90mstdout[2m | tests/document-qualification.db.test.ts[2m > [22m[2mR10 required files restricted PostgreSQL and actual bytes[2m > [22m[2mretains capture after file loss, permits repair, submits once without repayment
[22m[39m{"level":"info","event":"payment_start_requested","applicationId":"cmu8atyfs00a0sicfey9pyqll","paymentId":"cmu8atyk600b0sicf73ezaeym","amountToman":3000000}

[90mstdout[2m | tests/document-qualification.db.test.ts[2m > [22m[2mR10 required files restricted PostgreSQL and actual bytes[2m > [22m[2mretains capture after file loss, permits repair, submits once without repayment
[22m[39m{"level":"info","event":"payment_start_succeeded","applicationId":"cmu8atyfs00a0sicfey9pyqll","paymentId":"cmu8atyk600b0sicf73ezaeym"}

[90mstdout[2m | tests/document-qualification.db.test.ts[2m > [22m[2mR10 required files restricted PostgreSQL and actual bytes[2m > [22m[2mretains capture after file loss, permits repair, submits once without repayment
[22m[39m{"level":"info","event":"payment_verification_succeeded","paymentId":"cmu8atyk600b0sicf73ezaeym","applicationId":"cmu8atyfs00a0sicfey9pyqll","referenceId":"fixture-reference"}

[90mstderr[2m | tests/document-qualification.db.test.ts[2m > [22m[2mR10 required files restricted PostgreSQL and actual bytes[2m > [22m[2mretains capture after file loss, permits repair, submits once without repayment
[22m[39m{"level":"warn","event":"admin_submission_notification_skipped","applicationId":"cmu8atyfs00a0sicfey9pyqll","reason":"missing_admin_alert_mobile"}

[90mstdout[2m | tests/document-qualification.db.test.ts[2m > [22m[2mR10 required files restricted PostgreSQL and actual bytes[2m > [22m[2mretains capture after file loss, permits repair, submits once without repayment
[22m[39m{"level":"info","event":"user_submission_notification_sent","applicationId":"cmu8atyfs00a0sicfey9pyqll"}

[90mstdout[2m | tests/document-qualification.db.test.ts[2m > [22m[2mR10 required files restricted PostgreSQL and actual bytes[2m > [22m[2mrecovers original uncertain payment despite missing documents
[22m[39m{"level":"info","event":"payment_start_requested","applicationId":"cmu8atyo500bbsicf678ngu5j","paymentId":"cmu8atysc00cbsicfv8kc1wp5","amountToman":3000000}

[90mstdout[2m | tests/document-qualification.db.test.ts[2m > [22m[2mR10 required files restricted PostgreSQL and actual bytes[2m > [22m[2mrecovers original uncertain payment despite missing documents
[22m[39m{"level":"info","event":"payment_start_succeeded","applicationId":"cmu8atyo500bbsicf678ngu5j","paymentId":"cmu8atysc00cbsicfv8kc1wp5"}

[90mstdout[2m | tests/document-qualification.db.test.ts[2m > [22m[2mR10 required files restricted PostgreSQL and actual bytes[2m > [22m[2mrecovers original uncertain payment despite missing documents
[22m[39m{"level":"info","event":"payment_verification_succeeded","paymentId":"cmu8atysc00cbsicfv8kc1wp5","applicationId":"cmu8atyo500bbsicf678ngu5j","referenceId":"fixture-reference"}

[90mstdout[2m | tests/document-qualification.db.test.ts[2m > [22m[2mR10 required files restricted PostgreSQL and actual bytes[2m > [22m[2mincomplete browser payload can resume the existing authority
[22m[39m{"level":"info","event":"payment_start_requested","applicationId":"cmu8atz9600fqsicfpoq6rfvm","paymentId":"cmu8atzey00gqsicf3fzllupn","amountToman":3000000}

[90mstdout[2m | tests/document-qualification.db.test.ts[2m > [22m[2mR10 required files restricted PostgreSQL and actual bytes[2m > [22m[2mincomplete browser payload can resume the existing authority
[22m[39m{"level":"info","event":"payment_start_succeeded","applicationId":"cmu8atz9600fqsicfpoq6rfvm","paymentId":"cmu8atzey00gqsicf3fzllupn"}

[90mstdout[2m | tests/document-qualification.db.test.ts[2m > [22m[2mR10 required files restricted PostgreSQL and actual bytes[2m > [22m[2mbrowser retry repairs the crash boundary after capture without valid form input
[22m[39m{"level":"info","event":"payment_start_requested","applicationId":"cmu8atzga00gusicf2yj92i3c","paymentId":"cmu8atzlf00husicfg6tozq02","amountToman":3000000}

[90mstdout[2m | tests/document-qualification.db.test.ts[2m > [22m[2mR10 required files restricted PostgreSQL and actual bytes[2m > [22m[2mbrowser retry repairs the crash boundary after capture without valid form input
[22m[39m{"level":"info","event":"payment_start_succeeded","applicationId":"cmu8atzga00gusicf2yj92i3c","paymentId":"cmu8atzlf00husicfg6tozq02"}

[90mstdout[2m | tests/document-qualification.db.test.ts[2m > [22m[2mR10 required files restricted PostgreSQL and actual bytes[2m > [22m[2mpaid corrections enforce files without collecting the fee again
[22m[39m{"level":"info","event":"payment_start_requested","applicationId":"cmu8atzmy00i0sicfk8v4hqo5","paymentId":"cmu8atzrv00j0sicff9lzuehs","amountToman":3000000}

[90mstdout[2m | tests/document-qualification.db.test.ts[2m > [22m[2mR10 required files restricted PostgreSQL and actual bytes[2m > [22m[2mpaid corrections enforce files without collecting the fee again
[22m[39m{"level":"info","event":"payment_start_succeeded","applicationId":"cmu8atzmy00i0sicfk8v4hqo5","paymentId":"cmu8atzrv00j0sicff9lzuehs"}

[90mstdout[2m | tests/document-qualification.db.test.ts[2m > [22m[2mR10 required files restricted PostgreSQL and actual bytes[2m > [22m[2mpaid corrections enforce files without collecting the fee again
[22m[39m{"level":"info","event":"payment_verification_succeeded","paymentId":"cmu8atzrv00j0sicff9lzuehs","applicationId":"cmu8atzmy00i0sicfk8v4hqo5","referenceId":"fixture-reference"}

[90mstderr[2m | tests/document-qualification.db.test.ts[2m > [22m[2mR10 required files restricted PostgreSQL and actual bytes[2m > [22m[2mpaid corrections enforce files without collecting the fee again
[22m[39m{"level":"warn","event":"admin_submission_notification_skipped","applicationId":"cmu8atzmy00i0sicfk8v4hqo5","reason":"missing_admin_alert_mobile"}

[90mstdout[2m | tests/document-qualification.db.test.ts[2m > [22m[2mR10 required files restricted PostgreSQL and actual bytes[2m > [22m[2mpaid corrections enforce files without collecting the fee again
[22m[39m{"level":"info","event":"user_submission_notification_sent","applicationId":"cmu8atzmy00i0sicfk8v4hqo5"}

 [32m✓[39m tests/document-qualification.db.test.ts [2m([22m[2m19 tests[22m[2m)[22m[33m 3939[2mms[22m[39m
     [33m[2m✓[22m[39m retains capture after file loss, permits repair, submits once without repayment [33m 302[2mms[22m[39m
     [33m[2m✓[22m[39m paid corrections enforce files without collecting the fee again [33m 317[2mms[22m[39m
     [33m[2m✓[22m[39m a qualified application lock fences replacement until commit [33m 306[2mms[22m[39m
 [32m✓[39m tests/payment-callback.test.ts [2m([22m[2m13 tests[22m[2m)[22m[32m 30[2mms[22m[39m
[90mstderr[2m | tests/otp-request.db.test.ts[2m > [22m[2mR5 restricted PostgreSQL request reservations[2m > [22m[2mfive admissions per rolling hour survive SMS failures and cooldown expiry
[22m[39m{"level":"warn","event":"otp_sms_unconfirmed","reason":"delivery_unconfirmed"}

[90mstderr[2m | tests/otp-request.db.test.ts[2m > [22m[2mR5 restricted PostgreSQL request reservations[2m > [22m[2mfive admissions per rolling hour survive SMS failures and cooldown expiry
[22m[39m{"level":"warn","event":"otp_sms_unconfirmed","reason":"delivery_unconfirmed"}

[90mstderr[2m | tests/otp-request.db.test.ts[2m > [22m[2mR5 restricted PostgreSQL request reservations[2m > [22m[2mfive admissions per rolling hour survive SMS failures and cooldown expiry
[22m[39m{"level":"warn","event":"otp_sms_unconfirmed","reason":"delivery_unconfirmed"}

[90mstderr[2m | tests/otp-request.db.test.ts[2m > [22m[2mR5 restricted PostgreSQL request reservations[2m > [22m[2mfive admissions per rolling hour survive SMS failures and cooldown expiry
[22m[39m{"level":"warn","event":"otp_sms_unconfirmed","reason":"delivery_unconfirmed"}

[90mstderr[2m | tests/otp-request.db.test.ts[2m > [22m[2mR5 restricted PostgreSQL request reservations[2m > [22m[2mfive admissions per rolling hour survive SMS failures and cooldown expiry
[22m[39m{"level":"warn","event":"otp_sms_unconfirmed","reason":"delivery_unconfirmed"}

[90mstderr[2m | tests/otp-request.db.test.ts[2m > [22m[2mR5 restricted PostgreSQL request reservations[2m > [22m[2mhash failure spends admission and blocks immediate retry
[22m[39m{"level":"warn","event":"otp_request_unavailable","reason":"request_or_dispatch_failed"}

[90mstderr[2m | tests/otp-request.db.test.ts[2m > [22m[2mR5 restricted PostgreSQL request reservations[2m > [22m[2minvalid configuration fails closed: 
[22m[39m{"level":"warn","event":"otp_request_unavailable","reason":"request_or_dispatch_failed"}

[90mstderr[2m | tests/otp-request.db.test.ts[2m > [22m[2mR5 restricted PostgreSQL request reservations[2m > [22m[2minvalid configuration fails closed: 0
[22m[39m{"level":"warn","event":"otp_request_unavailable","reason":"request_or_dispatch_failed"}

[90mstderr[2m | tests/otp-request.db.test.ts[2m > [22m[2mR5 restricted PostgreSQL request reservations[2m > [22m[2minvalid configuration fails closed: 3001
[22m[39m{"level":"warn","event":"otp_request_unavailable","reason":"request_or_dispatch_failed"}

[90mstderr[2m | tests/otp-request.db.test.ts[2m > [22m[2mR5 restricted PostgreSQL request reservations[2m > [22m[2minvalid configuration fails closed: garbage
[22m[39m{"level":"warn","event":"otp_request_unavailable","reason":"request_or_dispatch_failed"}

[90mstderr[2m | tests/otp-request.db.test.ts[2m > [22m[2mR5 restricted PostgreSQL request reservations[2m > [22m[2mmissing/mixed secrets fail both request and verification namespaces
[22m[39m{"level":"warn","event":"otp_request_unavailable","reason":"request_or_dispatch_failed"}

[90mstderr[2m | tests/otp-request.db.test.ts[2m > [22m[2mR5 restricted PostgreSQL request reservations[2m > [22m[2mmissing/mixed secrets fail both request and verification namespaces
[22m[39m{"level":"warn","event":"otp_request_unavailable","reason":"request_or_dispatch_failed"}

[90mstderr[2m | tests/otp-request.db.test.ts[2m > [22m[2mR5 restricted PostgreSQL request reservations[2m > [22m[2mlost claim commit acknowledgement prevents SMS and retry
[22m[39m{"level":"warn","event":"otp_request_unavailable","reason":"request_or_dispatch_failed"}

[90mstderr[2m | tests/otp-request.db.test.ts[2m > [22m[2mR5 restricted PostgreSQL request reservations[2m > [22m[2mrequired cleanup failure denies admission and recovery prunes first
[22m[39m{"level":"warn","event":"otp_request_unavailable","reason":"request_or_dispatch_failed"}

 [32m✓[39m tests/otp-request.db.test.ts [2m([22m[2m24 tests[22m[2m)[22m[33m 3254[2mms[22m[39m
     [33m[2m✓[22m[39m five admissions per rolling hour survive SMS failures and cooldown expiry [33m 512[2mms[22m[39m
     [33m[2m✓[22m[39m intent expiry is checked again after waiting on an unchanged OTP lock [33m 1168[2mms[22m[39m
 [32m✓[39m tests/zarinpal.test.ts [2m([22m[2m12 tests[22m[2m)[22m[32m 12[2mms[22m[39m
[90mstdout[2m | tests/payment-action.test.ts[2m > [22m[2mpayment action[2m > [22m[2mstarts payment only after server-side final validation passes
[22m[39m{"level":"info","event":"payment_start_requested","applicationId":"app_1","paymentId":"pay_1","amountToman":3000000}

[90mstdout[2m | tests/payment-action.test.ts[2m > [22m[2mpayment action[2m > [22m[2mstarts payment only after server-side final validation passes
[22m[39m{"level":"info","event":"payment_start_succeeded","applicationId":"app_1","paymentId":"pay_1"}

[90mstdout[2m | tests/payment-action.test.ts[2m > [22m[2mpayment action[2m > [22m[2mpreserves uncertain request instead of marking it failed
[22m[39m{"level":"info","event":"payment_start_requested","applicationId":"app_1","paymentId":"pay_1","amountToman":3000000}

[90mstderr[2m | tests/payment-action.test.ts[2m > [22m[2mpayment action[2m > [22m[2mpreserves uncertain request instead of marking it failed
[22m[39m{"level":"error","event":"payment_start_failed","applicationId":"app_1","paymentId":"pay_1","error":{"name":"Error","message":"provider down","stack":"Error: provider down\n    at /private/var/folders/g_/f5ccnp_51q15by15f4svlw6c0000gn/T/sana-phase13-6v11a5ly/source/tests/payment-action.test.ts:147:52\n    at file:///private/var/folders/g_/f5ccnp_51q15by15f4svlw6c0000gn/T/sana-phase13-6v11a5ly/source/node_modules/@vitest/runner/dist/chunk-artifact.js:302:11\n    at file:///private/var/folders/g_/f5ccnp_51q15by15f4svlw6c0000gn/T/sana-phase13-6v11a5ly/source/node_modules/@vitest/runner/dist/chunk-artifact.js:1903:26\n    at file:///private/var/folders/g_/f5ccnp_51q15by15f4svlw6c0000gn/T/sana-phase13-6v11a5ly/source/node_modules/@vitest/runner/dist/chunk-artifact.js:2326:20\n    at new Promise (<anonymous>)\n    at runWithCancel (file:///private/var/folders/g_/f5ccnp_51q15by15f4svlw6c0000gn/T/sana-phase13-6v11a5ly/source/node_modules/@vitest/runner/dist/chunk-artifact.js:2323:10)\n    at file:///private/var/folders/g_/f5ccnp_51q15by15f4svlw6c0000gn/T/sana-phase13-6v11a5ly/source/node_modules/@vitest/runner/dist/chunk-artifact.js:2305:20\n    at new Promise (<anonymous>)\n    at runWithTimeout (file:///private/var/folders/g_/f5ccnp_51q15by15f4svlw6c0000gn/T/sana-phase13-6v11a5ly/source/node_modules/@vitest/runner/dist/chunk-artifact.js:2272:10)\n    at file:///private/var/folders/g_/f5ccnp_51q15by15f4svlw6c0000gn/T/sana-phase13-6v11a5ly/source/node_modules/@vitest/runner/dist/chunk-artifact.js:2956:64"}}

[90mstderr[2m | tests/payment-action.test.ts[2m > [22m[2mpayment action[2m > [22m[2msubmits corrections without repayment when a needs-edit application already has verified payment
[22m[39m{"level":"warn","event":"admin_submission_notification_skipped","applicationId":"app_1","reason":"missing_admin_alert_mobile"}

[90mstdout[2m | tests/payment-action.test.ts[2m > [22m[2mpayment action[2m > [22m[2msubmits corrections without repayment when a needs-edit application already has verified payment
[22m[39m{"level":"info","event":"user_submission_notification_sent","applicationId":"app_1"}

[90mstdout[2m | tests/payment-action.test.ts[2m > [22m[2mpayment action[2m > [22m[2mcompletes the submission without a new charge when the open attempt was already paid at the gateway
[22m[39m{"level":"info","event":"payment_verification_succeeded","paymentId":"old_pay","applicationId":"app_1","referenceId":"ref_old"}

[90mstderr[2m | tests/payment-action.test.ts[2m > [22m[2mpayment action[2m > [22m[2mcompletes the submission without a new charge when the open attempt was already paid at the gateway
[22m[39m{"level":"warn","event":"admin_submission_notification_skipped","applicationId":"app_1","reason":"missing_admin_alert_mobile"}

[90mstdout[2m | tests/payment-action.test.ts[2m > [22m[2mpayment action[2m > [22m[2mcompletes the submission without a new charge when the open attempt was already paid at the gateway
[22m[39m{"level":"info","event":"user_submission_notification_sent","applicationId":"app_1"}

[90mstderr[2m | tests/payment-action.test.ts[2m > [22m[2mpayment action[2m > [22m[2mdoes not create another payment when a verified payment already exists
[22m[39m{"level":"warn","event":"admin_submission_notification_skipped","applicationId":"app_1","reason":"missing_admin_alert_mobile"}

[90mstdout[2m | tests/payment-action.test.ts[2m > [22m[2mpayment action[2m > [22m[2mdoes not create another payment when a verified payment already exists
[22m[39m{"level":"info","event":"user_submission_notification_sent","applicationId":"app_1"}

 [32m✓[39m tests/payment-action.test.ts [2m([22m[2m10 tests[22m[2m)[22m[32m 51[2mms[22m[39m
 [32m✓[39m tests/maintenance.db.test.ts [2m([22m[2m17 tests[22m[2m)[22m[33m 7879[2mms[22m[39m
     [33m[2m✓[22m[39m prunes expired 24h-old codes and preserves recent and still-live codes [33m 357[2mms[22m[39m
     [33m[2m✓[22m[39m reports bounded backlog nonzero and resumes in a new process [33m 474[2mms[22m[39m
     [33m[2m✓[22m[39m OTP lock contention is nonzero and does not collide with orphan coordination [33m 399[2mms[22m[39m
     [33m[2m✓[22m[39m reconcile-legacy-files lock contention has an actual nonzero exit [33m 406[2mms[22m[39m
     [33m[2m✓[22m[39m reconcile-facilities-files lock contention has an actual nonzero exit [33m 611[2mms[22m[39m
     [33m[2m✓[22m[39m facilities invalid orphan retention is incomplete through the IPC worker [33m 1544[2mms[22m[39m
     [33m[2m✓[22m[39m stops IPC work on parent death without success [33m 487[2mms[22m[39m
     [33m[2m✓[22m[39m stops IPC work on coordination connection death without success [33m 762[2mms[22m[39m
     [33m[2m✓[22m[39m actual legacy command deletes only the predecessor and aged uncommitted bytes [33m 2150[2mms[22m[39m
     [33m[2m✓[22m[39m restart executes healthy queue ahead of a previously killed blocking queue [33m 380[2mms[22m[39m
 [32m✓[39m tests/admin-actions-permissions.test.ts [2m([22m[2m5 tests[22m[2m)[22m[32m 58[2mms[22m[39m
 [32m✓[39m tests/facilities-review-actions.test.ts [2m([22m[2m4 tests[22m[2m)[22m[32m 80[2mms[22m[39m
 [32m✓[39m tests/admin-enumeration.db.test.ts [2m([22m[2m8 tests[22m[2m)[22m[33m 1634[2mms[22m[39m
     [33m[2m✓[22m[39m concurrent distinct unknown probes spend the shared unknown budget without accounts or dispatch [33m 528[2mms[22m[39m
 [32m✓[39m tests/no-committed-gateway-credentials.test.ts [2m([22m[2m2 tests[22m[2m)[22m[32m 99[2mms[22m[39m
 [32m✓[39m tests/facilities-draft-details-action.test.ts [2m([22m[2m2 tests[22m[2m)[22m[32m 62[2mms[22m[39m
 [32m✓[39m tests/admin-certificate-route.test.ts [2m([22m[2m3 tests[22m[2m)[22m[32m 30[2mms[22m[39m
 [32m✓[39m tests/admin-readonly-ui.test.tsx [2m([22m[2m3 tests[22m[2m)[22m[32m 19[2mms[22m[39m
 [32m✓[39m tests/facilities-private-file-route.test.ts [2m([22m[2m8 tests[22m[2m)[22m[32m 15[2mms[22m[39m
 [32m✓[39m tests/facilities-files.test.ts [2m([22m[2m15 tests[22m[2m)[22m[32m 32[2mms[22m[39m
 [32m✓[39m tests/facilities-export.test.ts [2m([22m[2m4 tests[22m[2m)[22m[32m 56[2mms[22m[39m
 [32m✓[39m tests/admin-status-route.test.ts [2m([22m[2m2 tests[22m[2m)[22m[32m 29[2mms[22m[39m
 [32m✓[39m tests/payment-return-page.test.tsx [2m([22m[2m8 tests[22m[2m)[22m[32m 17[2mms[22m[39m
[90mstderr[2m | tests/upload-validation.test.ts[2m > [22m[2mlegacy upload scanning[2m > [22m[2mrejects files the configured scanner flags or cannot scan, writing nothing
[22m[39m{"level":"warn","event":"legacy_upload_scan_rejected","status":"FAILED","reason":"MALWARE_DETECTED","fileType":"PDF","size":60}

[90mstderr[2m | tests/upload-validation.test.ts[2m > [22m[2mlegacy upload scanning[2m > [22m[2mrejects files the configured scanner flags or cannot scan, writing nothing
[22m[39m{"level":"warn","event":"legacy_upload_scan_rejected","status":"UNAVAILABLE","reason":"SCANNER_UNAVAILABLE","fileType":"PDF","size":60}

[90mstderr[2m | tests/upload-validation.test.ts[2m > [22m[2mlegacy upload scanning[2m > [22m[2mfails closed when no scanner is configured at all, and scans when one is
[22m[39m{"level":"error","event":"legacy_upload_scanner_not_configured","fileType":"PDF","size":60,"error":{"message":"undefined"}}

 [32m✓[39m tests/upload-validation.test.ts [2m([22m[2m12 tests[22m[2m)[22m[32m 19[2mms[22m[39m
 [32m✓[39m tests/private-document-read.test.ts [2m([22m[2m10 tests[22m[2m)[22m[32m 20[2mms[22m[39m
 [32m✓[39m tests/status-history-timeline.test.tsx [2m([22m[2m1 test[22m[2m)[22m[32m 25[2mms[22m[39m
 [32m✓[39m tests/facilities-payment-callback-route.test.ts [2m([22m[2m3 tests[22m[2m)[22m[32m 32[2mms[22m[39m
 [32m✓[39m tests/admin-export-route.test.ts [2m([22m[2m3 tests[22m[2m)[22m[32m 23[2mms[22m[39m
[90mstdout[2m | tests/sms-index.test.ts[2m > [22m[2msendSms[2m > [22m[2mcan send through the provider outside production when explicitly enabled
[22m[39m{"level":"info","event":"sms_send_started","to":"091****6789","template":"sanaotp"}

[90mstdout[2m | tests/sms-index.test.ts[2m > [22m[2msendSms[2m > [22m[2mcan send through the provider outside production when explicitly enabled
[22m[39m{"level":"info","event":"sms_send_succeeded","to":"091****6789","template":"sanaotp"}

[90mstdout[2m | tests/sms-index.test.ts[2m > [22m[2msendSms[2m > [22m[2mdoes not confirm malformed or rejected provider result {}
[22m[39m{"level":"info","event":"sms_send_started","to":"091****6789"}

[90mstderr[2m | tests/sms-index.test.ts[2m > [22m[2msendSms[2m > [22m[2mdoes not confirm malformed or rejected provider result {}
[22m[39m{"level":"warn","event":"sms_send_failed","to":"091****6789"}

[90mstdout[2m | tests/sms-index.test.ts[2m > [22m[2msendSms[2m > [22m[2mdoes not confirm malformed or rejected provider result null
[22m[39m{"level":"info","event":"sms_send_started","to":"091****6789"}

[90mstderr[2m | tests/sms-index.test.ts[2m > [22m[2msendSms[2m > [22m[2mdoes not confirm malformed or rejected provider result null
[22m[39m{"level":"warn","event":"sms_send_failed","to":"091****6789"}

[90mstdout[2m | tests/sms-index.test.ts[2m > [22m[2msendSms[2m > [22m[2mdoes not confirm malformed or rejected provider result {"IsSuccess":false,"Message":"private-provider-text"}
[22m[39m{"level":"info","event":"sms_send_started","to":"091****6789"}

[90mstderr[2m | tests/sms-index.test.ts[2m > [22m[2msendSms[2m > [22m[2mdoes not confirm malformed or rejected provider result {"IsSuccess":false,"Message":"private-provider-text"}
[22m[39m{"level":"warn","event":"sms_send_failed","to":"091****6789"}

[90mstdout[2m | tests/sms-index.test.ts[2m > [22m[2msendSms[2m > [22m[2mdoes not confirm malformed or rejected provider result {"result":"error"}
[22m[39m{"level":"info","event":"sms_send_started","to":"091****6789"}

[90mstderr[2m | tests/sms-index.test.ts[2m > [22m[2msendSms[2m > [22m[2mdoes not confirm malformed or rejected provider result {"result":"error"}
[22m[39m{"level":"warn","event":"sms_send_failed","to":"091****6789"}

 [32m✓[39m tests/sms-index.test.ts [2m([22m[2m6 tests[22m[2m)[22m[32m 12[2mms[22m[39m
 [32m✓[39m tests/facilities-review-ui.test.tsx [2m([22m[2m3 tests[22m[2m)[22m[32m 21[2mms[22m[39m
 [32m✓[39m tests/facilities-application-files-route.test.ts [2m([22m[2m7 tests[22m[2m)[22m[32m 28[2mms[22m[39m
 [32m✓[39m tests/upload-route.test.ts [2m([22m[2m8 tests[22m[2m)[22m[32m 24[2mms[22m[39m
 [32m✓[39m tests/zarinpal-contract.test.ts [2m([22m[2m63 tests[22m[2m)[22m[33m 1029[2mms[22m[39m
     [33m[2m✓[22m[39m actual abort signal bounds a stalled verify without retry [33m 1002[2mms[22m[39m
 [32m✓[39m tests/client-ip.test.ts [2m([22m[2m3 tests[22m[2m)[22m[32m 23[2mms[22m[39m
 [32m✓[39m tests/protected-file-route.test.ts [2m([22m[2m5 tests[22m[2m)[22m[32m 16[2mms[22m[39m
 [32m✓[39m tests/facilities-application-wizard.test.tsx [2m([22m[2m5 tests[22m[2m)[22m[32m 31[2mms[22m[39m
[90mstderr[2m | tests/auth-actions.test.ts[2m > [22m[2mauth actions[2m > [22m[2mkeeps code entry available on uncertain delivery without retrying SMS
[22m[39m{"level":"warn","event":"otp_sms_unconfirmed","reason":"delivery_unconfirmed"}

[90mstderr[2m | tests/auth-actions.test.ts[2m > [22m[2mauth actions[2m > [22m[2mdoes not dispatch after claim failure
[22m[39m{"level":"warn","event":"otp_request_unavailable","reason":"request_or_dispatch_failed"}

[90mstderr[2m | tests/auth-actions.test.ts[2m > [22m[2mauth actions[2m > [22m[2mfails closed before comparison on database failure
[22m[39m{"level":"warn","event":"otp_verify_unavailable","reason":"verification_failed"}

[90mstderr[2m | tests/auth-actions.test.ts[2m > [22m[2mauth actions[2m > [22m[2muniform admin response on sms uncertainty, with padding and no replay
[22m[39m{"level":"warn","event":"admin_otp_unconfirmed","reason":"request_or_delivery_unconfirmed"}

[90mstderr[2m | tests/auth-actions.test.ts[2m > [22m[2mauth actions[2m > [22m[2muniform admin response on lookup uncertainty, with padding and no replay
[22m[39m{"level":"warn","event":"admin_otp_unconfirmed","reason":"request_or_delivery_unconfirmed"}

[90mstderr[2m | tests/auth-actions.test.ts[2m > [22m[2mauth actions[2m > [22m[2muniform admin response on claim uncertainty, with padding and no replay
[22m[39m{"level":"warn","event":"admin_otp_unconfirmed","reason":"request_or_delivery_unconfirmed"}

 [32m✓[39m tests/auth-actions.test.ts [2m([22m[2m20 tests[22m[2m)[22m[32m 12[2mms[22m[39m
 [32m✓[39m tests/auth-request-guard.test.ts [2m([22m[2m58 tests[22m[2m)[22m[32m 25[2mms[22m[39m
 [32m✓[39m tests/upload-request-guards.test.ts [2m([22m[2m3 tests[22m[2m)[22m[32m 18[2mms[22m[39m
 [32m✓[39m tests/facilities-m9-release.test.ts [2m([22m[2m10 tests[22m[2m)[22m[32m 14[2mms[22m[39m
 [32m✓[39m tests/facilities-admin-file-route.test.ts [2m([22m[2m3 tests[22m[2m)[22m[32m 14[2mms[22m[39m
 [32m✓[39m tests/health-route.test.ts [2m([22m[2m2 tests[22m[2m)[22m[32m 16[2mms[22m[39m
 [32m✓[39m tests/admin-human-resources.test.ts [2m([22m[2m4 tests[22m[2m)[22m[32m 15[2mms[22m[39m
 [32m✓[39m tests/facilities-export-route.test.ts [2m([22m[2m3 tests[22m[2m)[22m[32m 16[2mms[22m[39m
 [32m✓[39m tests/facilities-editable-snapshot.test.ts [2m([22m[2m5 tests[22m[2m)[22m[32m 7[2mms[22m[39m
 [32m✓[39m tests/session-recovery.test.ts [2m([22m[2m27 tests[22m[2m)[22m[32m 19[2mms[22m[39m
 [32m✓[39m tests/status-history-timeline-item.test.tsx [2m([22m[2m1 test[22m[2m)[22m[32m 7[2mms[22m[39m
 [32m✓[39m tests/validation-certificate-download.test.tsx [2m([22m[2m2 tests[22m[2m)[22m[32m 9[2mms[22m[39m
 [32m✓[39m tests/validation-certificate-panel.test.tsx [2m([22m[2m3 tests[22m[2m)[22m[32m 12[2mms[22m[39m
 [32m✓[39m tests/export-submissions.test.ts [2m([22m[2m3 tests[22m[2m)[22m[32m 7[2mms[22m[39m
 [32m✓[39m tests/facilities-audit-loader.test.ts [2m([22m[2m2 tests[22m[2m)[22m[32m 6[2mms[22m[39m
 [32m✓[39m tests/final-payment-step.test.tsx [2m([22m[2m3 tests[22m[2m)[22m[32m 8[2mms[22m[39m
 [32m✓[39m tests/facilities-reconciliation.test.ts [2m([22m[2m6 tests[22m[2m)[22m[32m 6[2mms[22m[39m
 [32m✓[39m tests/export-submissions-cap.test.ts [2m([22m[2m2 tests[22m[2m)[22m[32m 4[2mms[22m[39m
 [32m✓[39m tests/logger.test.ts [2m([22m[2m3 tests[22m[2m)[22m[32m 6[2mms[22m[39m
 [32m✓[39m tests/dashboard-evaluation-notice.test.tsx [2m([22m[2m1 test[22m[2m)[22m[32m 6[2mms[22m[39m
 [32m✓[39m tests/validation/application.test.ts [2m([22m[2m7 tests[22m[2m)[22m[32m 5[2mms[22m[39m
 [32m✓[39m tests/facilities-profile-lock.test.ts [2m([22m[2m6 tests[22m[2m)[22m[32m 5[2mms[22m[39m
 [32m✓[39m tests/facilities-submission-validation.test.ts [2m([22m[2m3 tests[22m[2m)[22m[32m 5[2mms[22m[39m
 [32m✓[39m tests/status-history-note.test.tsx [2m([22m[2m1 test[22m[2m)[22m[32m 6[2mms[22m[39m
 [32m✓[39m tests/pagination.test.ts [2m([22m[2m3 tests[22m[2m)[22m[32m 5[2mms[22m[39m
 [32m✓[39m tests/facilities-scan-semaphore.test.ts [2m([22m[2m3 tests[22m[2m)[22m[32m 5[2mms[22m[39m
 [32m✓[39m tests/payment-status-relationship.test.ts [2m([22m[2m2 tests[22m[2m)[22m[32m 3[2mms[22m[39m
[90mstderr[2m | tests/ghasedak.test.ts[2m > [22m[2mGhasedak SMS adapter[2m > [22m[2mrefuses a plain-http base URL in production unless explicitly overridden
[22m[39m{"level":"warn","event":"sms_insecure_transport","reason":"GHASEDAK_ALLOW_INSECURE_HTTP"}

 [32m✓[39m tests/ghasedak.test.ts [2m([22m[2m5 tests[22m[2m)[22m[32m 6[2mms[22m[39m
 [32m✓[39m tests/upload-rate-limit.test.ts [2m([22m[2m3 tests[22m[2m)[22m[32m 6[2mms[22m[39m
 [32m✓[39m tests/otp-request-route.test.ts [2m([22m[2m2 tests[22m[2m)[22m[32m 15[2mms[22m[39m
 [32m✓[39m tests/facilities-review-status.test.ts [2m([22m[2m2 tests[22m[2m)[22m[32m 3[2mms[22m[39m
 [32m✓[39m tests/facilities-retention.test.ts [2m([22m[2m2 tests[22m[2m)[22m[32m 3[2mms[22m[39m
 [32m✓[39m tests/facilities-config-validation.test.ts [2m([22m[2m3 tests[22m[2m)[22m[32m 4[2mms[22m[39m
 [32m✓[39m tests/sms-messages.test.ts [2m([22m[2m4 tests[22m[2m)[22m[32m 3[2mms[22m[39m
 [32m✓[39m tests/facilities-payment-notice.test.ts [2m([22m[2m5 tests[22m[2m)[22m[32m 2[2mms[22m[39m
 [32m✓[39m tests/application-access.test.ts [2m([22m[2m3 tests[22m[2m)[22m[32m 2[2mms[22m[39m
 [32m✓[39m tests/status-labels.test.ts [2m([22m[2m2 tests[22m[2m)[22m[32m 2[2mms[22m[39m
 [32m✓[39m tests/validation/auth.test.ts [2m([22m[2m5 tests[22m[2m)[22m[32m 4[2mms[22m[39m
 [32m✓[39m tests/facilities-audit.test.ts [2m([22m[2m2 tests[22m[2m)[22m[32m 3[2mms[22m[39m
 [32m✓[39m tests/facilities-export-loading.test.ts [2m([22m[2m2 tests[22m[2m)[22m[32m 3[2mms[22m[39m
 [32m✓[39m tests/admin-permissions.test.ts [2m([22m[2m3 tests[22m[2m)[22m[32m 2[2mms[22m[39m
 [32m✓[39m tests/facilities-payment-state.test.ts [2m([22m[2m2 tests[22m[2m)[22m[32m 2[2mms[22m[39m
 [32m✓[39m tests/admin-response.test.ts [2m([22m[2m6 tests[22m[2m)[22m[32m 3[2mms[22m[39m
 [32m✓[39m tests/status-transitions.test.ts [2m([22m[2m4 tests[22m[2m)[22m[32m 2[2mms[22m[39m
 [32m✓[39m tests/status-history-format.test.ts [2m([22m[2m2 tests[22m[2m)[22m[32m 2[2mms[22m[39m
 [32m✓[39m tests/security-headers.test.ts [2m([22m[2m3 tests[22m[2m)[22m[32m 3[2mms[22m[39m
 [32m✓[39m tests/prune-auth-verification.test.ts [2m([22m[2m1 test[22m[2m)[22m[32m 8[2mms[22m[39m
 [32m✓[39m tests/otp-verification-route.test.ts [2m([22m[2m1 test[22m[2m)[22m[32m 13[2mms[22m[39m

[2m Test Files [22m [1m[32m86 passed[39m[22m[90m (86)[39m
[2m      Tests [22m [1m[32m720 passed[39m[22m[90m (720)[39m
[2m   Start at [22m 14:52:11
[2m   Duration [22m 100.40s[2m (transform 1.76s, setup 0ms, import 6.36s, tests 85.23s, environment 5ms)[22m

